bgg_id,name,year,award,winner,nominated,recommended,sonderpreis,bayes_rating,designer
1,Die Macher,1986,spiel,False,False,True,,6.97647,1
5,Acquire,1963,spiel,False,False,True,,7.12806,4
9,El Caballero,1998,spiel,False,False,True,,5.84603,7
9,El Caballero,1998,spiel,False,False,True,,5.84603,8
10,Elfenland,1998,spiel,True,True,True,,6.41527,9
11,Bohnanza,1997,spiel,False,False,True,,6.96399,10
13,Catan,1995,spiel,True,True,True,,6.90147,11
14,Basari,1998,spiel,False,False,True,,6.03153,12
19,Wacky Wacky West,1991,spiel,True,True,True,,5.85228,11
38,Runes,1981,spiel,False,False,True,,5.52696,34
38,Runes,1981,spiel,False,False,True,,5.52696,35
38,Runes,1981,spiel,False,False,True,,5.52696,36
41,Can't Stop,1980,spiel,False,False,True,,6.79429,4
42,Tigris & Euphrates,1997,spiel,False,False,True,,7.50503,2
44,David & Goliath,1997,spiel,False,False,True,,5.93024,12
45,Perudo,1800,spiel,True,True,True,,6.72679,25
46,Medici,1995,spiel,False,False,True,,6.82896,2
47,Chinatown,1999,spiel,False,False,True,,7.10763,37
49,Mamma Mia!,1998,spiel,False,False,True,,6.21099,10
54,Tikal,1999,spiel,True,True,True,,7.10572,7
54,Tikal,1999,spiel,True,True,True,,7.10572,42
57,Schoko & Co.,1987,spiel,False,False,True,,5.67682,44
57,Schoko & Co.,1987,spiel,False,False,True,,5.67682,45
59,Giganten,1999,spiel,False,True,True,,5.95546,48
60,Vinci,1999,spiel,False,False,True,,6.4676,49
66,Löwenherz,1997,spiel,False,False,True,,6.33237,11
72,Verräter,1998,spiel,False,False,True,,6.03879,59
73,Show Manager,1996,spiel,False,False,True,,6.13614,60
88,Torres,1999,spiel,True,True,True,,6.74008,7
88,Torres,1999,spiel,True,True,True,,6.74008,42
93,El Grande,1995,spiel,True,True,True,,7.59396,7
93,El Grande,1995,spiel,True,True,True,,7.59396,8
94,Union Pacific,1999,spiel,False,True,True,,6.59133,9
110,Auf Achse,1987,spiel,True,True,True,,5.82743,7
112,Condottiere,1995,spiel,False,False,True,,6.62198,79
112,Condottiere,1995,spiel,False,False,True,,6.62198,80
112,Condottiere,1995,spiel,False,False,True,,6.62198,72460
115,I'm the Boss!,1994,spiel,False,False,True,,6.28269,4
117,Ta Yü,1999,spiel,False,False,True,,6.06874,83
118,Modern Art,1992,spiel,False,False,True,,7.33167,2
120,Hoity Toity,1990,spiel,True,True,True,,6.19495,11
122,Quo Vadis?,1992,spiel,False,False,True,,5.98809,2
125,Money!,1999,spiel,False,False,True,,6.16518,2
128,Take it Easy!,1983,spiel,False,False,True,,6.13092,84
132,Caesar & Cleopatra,1997,spiel,False,False,True,,6.08549,87
135,Kontor,1999,spiel,False,False,True,,5.616,86
145,Metropolis,1984,spiel,False,False,True,,5.61944,4
150,PitchCar,1995,spiel,False,False,False,Dexterity Game,6.97802,5
152,Mü & More,1995,spiel,False,False,True,,6.2722,74
152,Mü & More,1995,spiel,False,False,True,,6.2722,75
155,Was sticht?,1993,spiel,False,False,True,,5.83563,1
175,What the Heck?,1988,spiel,False,False,True,,6.02488,24
196,Kremlin,1986,spiel,False,False,True,,6.29139,172
199,Manhattan,1994,spiel,True,True,True,,6.37281,117
202,Targui,1988,spiel,False,False,True,,5.71068,199
202,Targui,1988,spiel,False,False,True,,5.71068,200
214,Café International,1989,spiel,True,True,True,,5.88787,154
217,A la carte,1989,spiel,False,True,True,,6.04588,1
223,Expeditions: Around the World,1996,spiel,False,False,True,,6.03174,7
247,Gloria Picktoria,1996,spiel,False,False,True,,5.76598,9
247,Gloria Picktoria,1996,spiel,False,False,True,,5.76598,165
256,Mississippi Queen,1997,spiel,True,True,True,,6.01334,130
263,Manitou,1997,spiel,False,False,True,,5.58477,173
267,Tycoon,1998,spiel,False,False,True,,5.78442,7
267,Tycoon,1998,spiel,False,False,True,,5.78442,139
278,Catan Card Game,1996,spiel,False,False,True,,6.48018,11
300,Tutankhamen,1993,spiel,False,False,True,,5.72212,2
301,Campanile,1996,spiel,False,False,True,,5.58939,114
301,Campanile,1996,spiel,False,False,True,,5.58939,115
302,Forum Romanum,1988,spiel,False,False,True,,5.71858,7
314,Highlanders,1993,spiel,False,False,True,,5.55756,193
321,The Mole in the Hole,1995,spiel,False,False,True,,5.76085,179
321,The Mole in the Hole,1995,spiel,False,False,True,,5.76085,180
322,Tonga Bonga,1998,spiel,False,False,True,,5.72586,13
327,Loopin' Louie,1992,kinder,True,True,True,,6.47265,137
327,Loopin' Louie,1992,kinder,True,True,True,,6.47265,83763
340,Frank's Zoo,1999,spiel,False,False,True,,6.18184,74
340,Frank's Zoo,1999,spiel,False,False,True,,6.18184,75
356,Ab die Post!,1996,spiel,False,False,True,,5.48115,146
356,Ab die Post!,1996,spiel,False,False,True,,5.48115,147
361,Hare & Tortoise,1973,spiel,True,True,True,,6.2391,166
382,Heimlich & Co.,1984,spiel,True,True,True,,6.10444,7
394,Kahuna,1998,spiel,False,False,True,,6.38241,132
401,Gold Connection,1992,spiel,False,False,True,,5.55965,4
428,Galopp Royal,1995,spiel,False,False,True,,5.5374,11
432,Take 5,1994,spiel,False,False,True,,6.85987,7
433,Shark,1987,spiel,False,False,True,,5.91232,488
436,Canyon,1997,spiel,False,False,True,,5.70031,218
437,Master Labyrinth,1991,spiel,False,False,True,,5.91495,217
438,Scotland Yard,1983,spiel,True,True,True,,6.34204,4088
438,Scotland Yard,1983,spiel,True,True,True,,6.34204,5490
438,Scotland Yard,1983,spiel,True,True,True,,6.34204,5491
438,Scotland Yard,1983,spiel,True,True,True,,6.34204,5492
438,Scotland Yard,1983,spiel,True,True,True,,6.34204,5493
438,Scotland Yard,1983,spiel,True,True,True,,6.34204,5495
442,Um Reifenbreite,1979,spiel,True,True,True,,6.14407,210
443,Code 777,1985,spiel,False,False,True,,6.06646,24
443,Code 777,1985,spiel,False,False,True,,6.06646,221
444,Escape from the Hidden Castle,1989,spiel,False,False,True,,5.82393,7
445,Die Osterinsel,1994,spiel,False,False,True,,5.532,24
445,Die Osterinsel,1994,spiel,False,False,True,,5.532,138
464,Billabong,1992,spiel,False,False,True,,5.89868,104
466,Inkognito,1988,spiel,False,False,True,,6.14171,24
466,Inkognito,1988,spiel,False,False,True,,6.14171,138
475,Taj Mahal,2000,spiel,False,False,True,,6.84124,2
478,Citadels,2000,spiel,False,True,True,,6.92904,125
481,Carolus Magnus,2000,spiel,False,True,True,,6.30786,138
485,Galloping Pigs,1992,kinder,True,True,True,,5.58657,256
491,Web of Power,2000,spiel,False,False,True,,6.56121,86
499,Arbos,1999,kinder,True,True,True,,5.61693,259
499,Arbos,1999,kinder,True,True,True,,5.61693,260
503,Through the Desert,1998,spiel,False,False,True,,6.97836,2
504,Die Verbotene Stadt,1992,spiel,False,False,True,,5.53396,24
504,Die Verbotene Stadt,1992,spiel,False,False,True,,5.53396,233
526,Abalone,1987,spiel,False,False,True,,6.21884,101
526,Abalone,1987,spiel,False,False,True,,6.21884,102
527,GIPF,1996,spiel,False,False,True,,6.42249,244
528,ZÈRTZ,1999,spiel,False,False,True,,6.62684,244
530,Entenrallye,1988,spiel,False,False,True,,5.51563,254
536,Visionary,1997,spiel,False,False,True,,5.58731,245
539,Dampfross,1979,spiel,True,True,True,,5.68435,250
540,Sisimizi,1996,spiel,False,False,True,,5.5741,24
545,Kaleidos,1994,spiel,False,False,True,,5.83317,190
545,Kaleidos,1994,spiel,False,False,True,,5.83317,20996
545,Kaleidos,1994,spiel,False,False,True,,5.83317,20997
550,Barbarossa,1988,spiel,True,True,True,,5.7998,11
554,La Città,2000,spiel,False,False,True,,6.52326,264
559,Metro,1997,spiel,False,False,True,,6.12095,60
565,Port Royal,2000,spiel,False,False,True,,5.55113,249
569,Maestro,1989,spiel,False,False,True,,5.5262,154
585,Kardinal,2000,spiel,False,False,True,,5.55933,249
593,Favoriten,1989,spiel,False,False,True,,5.56632,254
634,River Dragons,2000,spiel,False,False,True,,6.08753,285
681,Quarto,1991,spiel,False,False,True,,6.56599,921
691,Timbuktu,1993,spiel,False,False,True,,5.99345,60
697,Conspiracy,1973,spiel,False,False,True,,5.66201,104
766,Regatta,1967,spiel,False,False,True,,5.66867,382
766,Regatta,1967,spiel,False,False,True,,5.66867,7204
766,Regatta,1967,spiel,False,False,True,,5.66867,8384
787,Palermo,1992,spiel,False,False,True,,5.51492,387
789,Focus,1963,spiel,True,True,True,,5.75592,4
811,Rummikub,1950,spiel,True,True,True,,6.34108,634
821,La Trel,1994,spiel,False,False,True,,5.4997,397
822,Carcassonne,2000,spiel,True,True,True,,7.29901,398
823,The Lord of the Rings,2000,spiel,False,False,False,Literary Game,6.53355,2
826,Cartagena,2000,spiel,False,False,True,,6.39619,138
841,Razzia,1992,spiel,False,False,True,,5.61659,13
877,Troia,2000,spiel,False,False,False,Historical Game,5.50636,176
906,Abilene,1983,spiel,False,False,True,,5.52761,365
923,Breakaway Rider,1963,spiel,False,False,True,,5.66702,1214
932,Top Race,1996,spiel,False,False,True,,5.9415,7
933,New Orleans Big Band,1990,spiel,False,False,True,,5.52,430
938,Enchanted Forest,1981,spiel,True,True,True,,5.61166,24
938,Enchanted Forest,1981,spiel,True,True,True,,5.61166,432
949,Twixt,1962,spiel,False,False,True,,6.05197,24
963,The Gardens of the Alhambra,1993,spiel,False,False,True,,5.73383,60
986,Babel,2000,spiel,False,False,True,,6.2132,10
986,Babel,2000,spiel,False,False,True,,6.2132,455
988,Zapp Zerapp,2000,spiel,False,True,True,,5.60889,256
988,Zapp Zerapp,2000,spiel,False,True,True,,5.60889,267
1012,Die Magier,1985,spiel,False,False,True,,5.51514,233
1012,Die Magier,1985,spiel,False,False,True,,5.51514,581
1041,San Marco,2001,spiel,False,False,True,,6.60107,9
1041,San Marco,2001,spiel,False,False,True,,6.60107,235
1045,Malawi,1986,spiel,False,False,True,,5.52396,1130
1063,Schraumen,1992,spiel,False,False,True,,5.4959,172
1071,Aztec,1995,spiel,False,False,True,,5.52939,83
1072,Wat'n dat!?,1996,spiel,False,False,True,,5.62202,2077
1077,Baubylon,1981,spiel,False,False,True,,5.51501,94
1082,Invers,1991,spiel,False,False,True,,5.52545,244
1101,Flying Carpet,1987,spiel,False,False,True,,5.53617,511
1101,Flying Carpet,1987,spiel,False,False,True,,5.53617,513
1111,Taboo,1989,spiel,False,False,True,,6.14298,3233
1117,You're Bluffing!,1985,spiel,False,False,True,,6.18358,7101
1132,Top Secret,1985,spiel,False,False,True,,5.51282,24
1155,Capitol,2001,spiel,False,False,True,,5.999,9
1155,Capitol,2001,spiel,False,False,True,,5.999,235
1173,Millionenspiel,1982,spiel,False,False,True,,5.51383,7101
1174,Minister,1975,spiel,False,False,True,,5.46925,154
1197,Blink,1995,spiel,False,False,True,,5.71095,12
1219,Labyrinth,1986,spiel,False,False,True,,6.23303,217
1231,Bandu,1987,spiel,False,False,True,,6.30928,267
1345,Genoa,2001,spiel,False,False,True,,6.58252,381
1350,Das Amulett,2001,spiel,False,True,True,,5.70937,9
1350,Das Amulett,2001,spiel,False,True,True,,5.70937,235
1356,Hexen Rennen,2001,spiel,False,False,True,,5.56731,249
1379,Ebbe & Flut,2000,spiel,False,False,True,,5.70266,331
1382,Winner's Circle,2001,spiel,False,False,True,,6.54293,2
1387,Alaska,1979,spiel,False,False,True,,5.55057,104
1390,Auf Kurs,1987,spiel,False,False,True,,5.525,94
1403,Turn the Tide,1997,spiel,False,False,True,,6.3764,13
1451,Dimenticato,1998,spiel,False,False,True,,5.50761,609
1520,Monad,1968,spiel,False,False,True,,5.617,4
1547,Janus,1975,spiel,False,False,True,,5.53353,154
1588,Bauernschlau,1991,spiel,False,False,True,,5.56513,316
1597,Streetcar,1995,spiel,False,False,True,,5.88776,13
1702,Klondike,1993,kinder,True,True,True,,5.62043,579
1702,Klondike,1993,kinder,True,True,True,,5.62043,580
1703,Kula Kula,1991,spiel,False,False,True,,5.4873,94
1733,Iago,1984,spiel,False,False,True,,,24
1753,Im Märchenwald,2000,kinder,False,True,True,,5.51548,748
1806,The Piggyback Brigade,2001,kinder,False,True,True,,5.59327,24
1816,Mississippi,1987,spiel,False,False,True,,5.52634,365
1910,Venice Connection,1988,spiel,False,False,True,,5.58393,24
1992,Stop Thief,1979,spiel,False,False,True,,5.73209,8795
1998,Tutankhamen's Revenge,1990,spiel,False,False,True,,5.49779,579
1998,Tutankhamen's Revenge,1990,spiel,False,False,True,,5.49779,580
2043,Shogun,1976,spiel,False,False,True,,5.54822,4363
2075,Restaurant,1987,spiel,False,False,True,,5.48677,365
2087,Magic Dance,1988,spiel,False,False,True,,5.55324,862
2186,Dino,1987,spiel,False,False,True,,5.4952,94
2197,Kensington,1979,spiel,False,False,True,,5.47234,911
2197,Kensington,1979,spiel,False,False,True,,5.47234,912
2226,Greyhounds,1985,spiel,False,False,True,,5.54827,928
2229,Spiel,1980,spiel,False,False,True,,5.55562,94
2290,Good & Bad Ghosts,1980,spiel,False,False,True,,5.8468,24
2346,DVONN,2001,spiel,False,False,True,,6.85271,244
2363,Orient Express,1985,spiel,False,False,True,,5.75983,3082
2363,Orient Express,1985,spiel,False,False,True,,5.75983,3548
2453,Blokus,2000,spiel,False,False,True,,6.70627,1001
2473,Winkeladvokat,1986,spiel,False,False,True,,5.5079,365
2492,Doctor Faust,1990,spiel,False,False,True,,5.49086,94
2511,Sherlock Holmes Consulting Detective: The Thames Murders & Other Cases,1981,spiel,True,True,True,,7.35651,1219
2511,Sherlock Holmes Consulting Detective: The Thames Murders & Other Cases,1981,spiel,True,True,True,,7.35651,1220
2511,Sherlock Holmes Consulting Detective: The Thames Murders & Other Cases,1981,spiel,True,True,True,,7.35651,1221
2533,Kupferkessel Co.,2001,spiel,False,False,True,,5.97322,173
2558,Comeback,1996,spiel,False,False,True,,5.50714,12
2570,Atlantic Star,2001,spiel,False,False,True,,6.07389,60
2596,Villa Paletti,2001,spiel,True,True,True,,6.08555,1056
2651,Power Grid,2004,spiel,False,False,True,,7.67928,141
2672,Der Herr der Ringe: Die Gefährten – Das Kartenspiel,2001,spiel,False,False,True,,5.54978,2
2694,Donnerwetter,1991,spiel,False,False,True,,5.5139,523
2759,Havannah,1980,spiel,False,False,True,,5.63315,1126
2840,Heuchel und Meuchel,1990,spiel,False,False,True,,5.48591,154
2842,TransAmerica,2001,spiel,False,True,True,,6.40868,57
2938,Zatre,1990,spiel,False,False,True,,5.59685,1205
3015,Claim,1983,spiel,False,False,True,,5.56537,24
3076,Puerto Rico,2002,spiel,False,True,True,,7.74959,117
3141,The Bucket King,2002,spiel,False,False,True,,5.8406,13
3234,Dschunke,2002,spiel,False,False,True,,5.83983,86
3267,Pizarro & Co.,2002,spiel,False,False,True,,5.88161,150
3305,Anticipation,1987,spiel,False,False,True,,5.51145,1355
3305,Anticipation,1987,spiel,False,False,True,,5.51145,1356
3335,Ganoven Jagd,1983,spiel,False,False,True,,5.51149,154
3373,San Gimignano,2002,spiel,False,False,True,,5.5039,1388
3377,20 Questions,1988,spiel,False,False,True,,5.54886,1390
3377,20 Questions,1988,spiel,False,False,True,,5.54886,28051
3383,Mahé,1974,spiel,False,False,True,,5.76439,24
3406,Lines of Action,1969,spiel,False,False,True,,5.82152,904
3570,Chicken Cha Cha Cha,1997,kinder,True,True,True,,6.09275,267
3586,Sherlock,1999,kinder,False,False,True,,5.65598,12
3679,Ramparts,1993,spiel,False,False,True,,5.59382,154
3800,Himalaya,2004,spiel,False,True,True,,6.22194,1532
3977,Strong Stuff!,2002,kinder,False,True,True,,5.56798,256
4107,Hang in There!,2000,kinder,False,False,True,,5.52293,3
4370,Fische Fluppen Frikadellen,2002,spiel,False,False,True,,5.82968,141
4493,Kayanak,1999,kinder,True,True,True,,5.68911,1783
4518,Sauerbaum,1986,spiel,False,False,True,Cooperative Family Game,5.5189,1791
4522,The Ladybug's Costume Party,2002,kinder,True,True,True,,5.66457,1783
4553,Attribute,2002,spiel,False,False,True,,5.76083,59
4586,Bärenspiel,1983,spiel,False,False,True,,5.50235,816
4636,Clans,2002,spiel,False,True,True,,6.24646,138
5096,Sly,1975,spiel,False,False,True,,5.51775,4
5136,Piraten-Abenteuer,1991,kinder,True,True,True,,5.52575,7
5380,Lancelot,1985,spiel,False,False,True,,5.51418,365
5389,Niki Lauda's Formel 1,1980,spiel,False,False,True,,5.53876,7
5404,Amun-Re,2003,spiel,False,False,True,,6.90938,2
5664,3 Or More,1980,spiel,False,False,True,,5.50315,5339
5694,Highly Suspect!,2002,kinder,False,True,True,,5.53513,500
5707,Cuckoo Zoo,2002,kinder,False,False,True,,5.50952,1210
5709,Touché,1979,spiel,False,False,True,,5.49829,3
5709,Touché,1979,spiel,False,False,True,,5.49829,2114
5716,Balloon Cup,2003,spiel,False,False,True,,6.33956,2118
5749,Simon,1978,spiel,False,False,True,,5.10751,6430
5749,Simon,1978,spiel,False,False,True,,5.10751,11050
5749,Simon,1978,spiel,False,False,True,,5.10751,11051
5781,"Edel, Stein & Reich",2003,spiel,False,False,True,,6.04533,12
5782,Coloretto,2003,spiel,False,False,True,,6.81987,86
5795,Richelieu,2003,spiel,False,False,True,,5.83329,86
5825,Paris Paris,2003,spiel,False,False,True,,5.73867,86
5886,Die Dracheninsel,2003,spiel,False,True,True,,5.50214,316
5953,Karambolage,1995,kinder,True,True,True,,5.54195,256
5986,Ra: Strategy Among Hexagons,1981,spiel,False,False,True,,5.5073,839
6249,Alhambra,2003,spiel,True,True,True,,6.9057,60
6383,Life Style,1989,spiel,False,False,True,,5.50192,782
6383,Life Style,1989,spiel,False,False,True,,5.50192,783
6411,Blokus 3D,2003,spiel,False,False,True,,6.29438,2286
6508,Tom Tube,2003,spiel,False,False,True,,5.62325,2327
6508,Tom Tube,2003,spiel,False,False,True,,5.62325,2328
6657,Such a Thing?,1989,spiel,False,False,True,,5.66375,172
6874,Müller & Sohn,1985,spiel,False,False,True,,5.49139,94
7065,Pusher,1993,spiel,False,False,True,,5.52464,425
7067,Schloss Schlotterstein,2003,kinder,False,False,True,,5.52396,645
7067,Schloss Schlotterstein,2003,kinder,False,False,True,,5.52396,748
7338,Epaminondas,1975,spiel,False,False,True,,5.59563,221
7377,Tri-Ba-Lance,1995,spiel,False,False,True,,5.53865,1336
7483,Treasure of the Dragons,2003,kinder,False,True,True,,5.66269,2
7578,Word-Whiz,1996,spiel,False,False,True,,5.52475,816
7717,Carcassonne: The Castle,2003,spiel,False,False,True,,6.73175,2
7717,Carcassonne: The Castle,2003,spiel,False,False,True,,6.73175,398
7806,Vive le Roi!,2003,spiel,False,False,True,,5.94987,2729
7806,Vive le Roi!,2003,spiel,False,False,True,,5.94987,7227
7854,YINSH,2003,spiel,False,False,True,,7.25942,244
7973,My Haunted Castle,1989,kinder,True,True,True,,5.51108,179
7993,Pole Position,1989,spiel,False,False,True,,5.53848,1130
8051,Attika,2003,spiel,False,False,True,,6.57093,59
8126,Maya,2003,spiel,False,False,True,,5.66245,2790
8129,Sluff Off!,2003,spiel,False,False,True,,6.25114,13
8168,Campus,1985,spiel,False,False,True,,5.51439,538
8172,Coyote,2003,spiel,False,False,True,,6.00483,190
8195,Viva Mouse!,2002,kinder,True,True,True,,5.99817,500
8203,"Hey, That's My Fish!",2003,spiel,False,False,True,,6.57038,132
8203,"Hey, That's My Fish!",2003,spiel,False,False,True,,6.57038,2815
8217,San Juan,2004,spiel,False,False,True,,7.05012,117
8262,Mücke mit Tücke,2003,kinder,False,False,True,,5.50651,1726
8299,Robbys Rutschpartie,2003,kinder,False,True,True,,,7
8299,Robbys Rutschpartie,2003,kinder,False,True,True,,,272
8299,Robbys Rutschpartie,2003,kinder,False,True,True,,,2268
8589,Viele Dinge,2003,spiel,False,False,True,,5.51202,227
8589,Viele Dinge,2003,spiel,False,False,True,,5.51202,814
8946,Da Vinci Code,2002,spiel,False,False,True,,5.78104,3569
8946,Da Vinci Code,2002,spiel,False,False,True,,5.78104,59211
8964,Funny Bunny,1999,kinder,False,False,True,,5.46187,113670
9021,Sunken City,2004,spiel,False,False,True,,5.67001,7
9021,Sunken City,2004,spiel,False,False,True,,5.67001,42
9022,Im Reich des weißen Bären,1991,spiel,False,False,True,,5.50102,1176
9027,Oasis,2004,spiel,False,False,True,,6.07477,9
9027,Oasis,2004,spiel,False,False,True,,6.07477,235
9209,Ticket to Ride,2004,spiel,True,True,True,,7.25907,9
9217,Saint Petersburg,2004,spiel,False,True,True,,7.01437,928
9408,Dos Rios,2004,spiel,False,False,True,,5.83293,57
9440,Maharaja: The Game of Palace Building in India,2004,spiel,False,True,True,,6.57055,7
9440,Maharaja: The Game of Palace Building in India,2004,spiel,False,True,True,,6.57055,42
9441,Ribbit,2004,kinder,False,True,True,,6.16757,2
9597,Vier zu mir!,1996,kinder,True,True,True,,5.5122,3244
9674,Ingenious,2004,spiel,False,True,True,,6.88261,2
9989,Mare Polare,2004,kinder,False,True,True,,5.50454,285
10508,Leinen los!,1997,kinder,True,True,True,,5.51753,24
10509,Ringel-Rangel,1993,kinder,True,True,True,,,1391
10511,Gute Freunde,1988,kinder,True,True,True,,5.49159,24
10802,Somethin' Fishy,2004,spiel,False,False,True,,5.52148,961
10814,Dawn Under,2004,spiel,False,True,True,,5.75697,3513
10997,Boomtown,2004,spiel,False,False,True,,6.03828,125
10997,Boomtown,2004,spiel,False,False,True,,6.03828,1727
11084,Jumbo & Co,2004,spiel,False,False,True,,5.52296,1429
11231,Snorta!,2004,kinder,False,False,True,,5.71877,4368
11231,Snorta!,2004,kinder,False,False,True,,5.71877,4369
11421,Uisge,1983,spiel,False,False,True,,5.51084,365
11778,Cat & Mouse,2001,kinder,False,False,True,,5.44028,3
11797,Treasure Hunt,2003,kinder,False,True,True,,,816
11797,Treasure Hunt,2003,kinder,False,True,True,,,817
11915,Tabaijana: Flucht von der Feuerinsel,1990,spiel,False,False,True,,5.5032,7
11945,Linq,2004,spiel,False,False,True,,5.9334,1106
11945,Linq,2004,spiel,False,False,True,,5.9334,3772
11971,Cockroach Poker,2004,spiel,False,False,True,,6.60248,144
11972,Monte Rolla,2003,kinder,False,False,True,,5.51123,3777
11972,Monte Rolla,2003,kinder,False,False,True,,5.51123,3778
11973,Können Schweine fliegen?,2004,kinder,False,False,True,,5.54682,3779
11974,"Kipp, Kipp, Ahoi!",2004,kinder,False,False,True,,5.50179,491
11976,Spatzenbande,2004,kinder,False,False,True,,,645
12002,Jambo,2004,spiel,False,True,True,,6.64137,381
12005,Around the World in 80 Days,2004,spiel,False,True,True,,6.09636,142
12305,Scalino,1970,spiel,False,False,True,,,1480
12318,Typo,2004,spiel,False,False,True,,5.6099,124
12346,Spooky Stairs,2003,kinder,True,True,True,,5.90719,3882
12359,Schieberbande,1986,spiel,False,False,True,,,2141
12942,No Thanks!,2004,spiel,False,False,True,,6.95422,85
13005,Dance of Ibexes,2004,spiel,False,False,True,,5.78115,7
13065,Flieg Dumbo Flieg,1989,spiel,False,False,True,,,179
13089,Wie ich die Welt sehe...,2004,spiel,False,False,True,,5.68047,172
13236,Der Schwarze Prinz,1983,spiel,False,False,True,,,233
13308,Niagara,2004,spiel,True,True,True,,6.22654,4155
13926,Froschkönig,2003,kinder,False,False,True,,5.53138,4307
13926,Froschkönig,2003,kinder,False,False,True,,5.53138,4308
14035,Piranha Pedro,2004,spiel,False,False,True,,5.72054,1288
14113,Netzwerk,1984,spiel,False,False,True,,,1147
14208,Der Krähenschatz,2003,kinder,False,False,True,,,951
14729,Krokodil unterm Bett,2002,kinder,False,False,True,,,1898
15062,Shadows over Camelot,2005,spiel,False,False,False,Fantasy Game,6.92447,295
15062,Shadows over Camelot,2005,spiel,False,False,False,Fantasy Game,6.92447,1727
15512,Diamant,2005,spiel,False,False,True,,6.71062,9
15512,Diamant,2005,spiel,False,False,True,,6.71062,125
16052,Merlin,1978,spiel,False,False,True,,5.481,8795
16140,Zahlenzwerge,2005,kinder,False,False,True,,,4849
16140,Zahlenzwerge,2005,kinder,False,False,True,,,9962
16149,Up And Down,2005,kinder,False,False,True,,5.54653,491
16151,Krabbel-Trabbel,2005,kinder,False,False,True,,,2
16308,Ombagi,1980,spiel,False,False,True,,5.50043,94
16369,Das Kleine Gespenst,2005,kinder,True,True,True,,5.54281,645
16474,"Geißlein, versteck dich!",2003,kinder,False,False,True,,5.50709,236
16474,"Geißlein, versteck dich!",2003,kinder,False,False,True,,5.50709,237
16496,Roma,2005,spiel,False,False,True,,6.30108,4958
16767,Frantic Frogs,2004,kinder,False,False,True,,,315
16767,Frantic Frogs,2004,kinder,False,False,True,,,1050
16767,Frantic Frogs,2004,kinder,False,False,True,,,3980
17025,Poison,2005,spiel,False,False,True,,6.09852,2
17044,Riombo,1983,spiel,False,False,True,,5.48778,94
17053,Sleeping Queens,2005,kinder,False,False,True,,6.10531,5114
17235,Mago Magino,2004,kinder,False,True,True,,5.53814,2
17240,That's Life!,2005,spiel,False,True,True,,6.07459,7
17240,That's Life!,2005,spiel,False,True,True,,6.07459,42
17329,Animal Upon Animal,2005,kinder,False,False,True,,6.47965,5178
17534,Just4Fun,2005,spiel,False,True,True,,5.58277,272
17724,Mister Zero,1985,spiel,False,False,True,,,5280
17724,Mister Zero,1985,spiel,False,False,True,,,5281
17784,Galaxis,1980,spiel,False,False,True,,5.52754,2819
17785,Seti,1979,spiel,False,False,True,,5.5012,275
17785,Seti,1979,spiel,False,False,True,,5.5012,855
17786,Wendo,1977,spiel,False,False,True,,,3
17788,Cash & Carry,1979,spiel,False,False,True,,,5307
17794,Quibbix,1980,spiel,False,False,True,,,377
17813,Vokabo,1982,spiel,False,False,True,,,233
17814,Fang mich! ... wenn du kannst,1982,spiel,False,False,True,,,2684
17815,Skript,1982,spiel,False,False,True,,,159
17903,"Fuzzi, Heinz und Schlendrian",1983,spiel,False,False,True,,,500
17904,Wir füttern die kleinen Nilpferde,1983,spiel,False,False,True,,,94
17905,Feuerwehr,1984,spiel,False,False,True,,,5340
18052,Pin,1985,spiel,False,False,True,,,2141
18602,Caylus,2005,spiel,False,False,False,Complex Game,7.48723,5629
18880,Daddy Cool,2004,kinder,False,True,True,,5.52497,256
18881,Schildi Schildkröte,2004,kinder,False,True,True,,5.54481,545
19129,Im Wassergarten,2004,spiel,False,False,True,,,609
19301,Mesopotamia: Cradle of Civilization,2005,spiel,False,False,True,,5.88507,398
19646,Cowabunga,2005,spiel,False,False,True,,5.57266,12
19877,Beetlez,2005,kinder,False,False,True,,5.50919,3841
19996,Nacht der Magier,2005,kinder,False,True,True,,5.88078,1288
19996,Nacht der Magier,2005,kinder,False,True,True,,5.88078,3432
20080,Aqua Romana,2005,spiel,False,True,True,,5.83155,840
20544,"Macius: Achtung, fertig, los !",2003,kinder,False,True,True,,,7
20544,"Macius: Achtung, fertig, los !",2003,kinder,False,True,True,,,272
20544,"Macius: Achtung, fertig, los !",2003,kinder,False,True,True,,,2268
20548,Sternenkinder,2005,kinder,False,False,True,,,3
20549,"Ene Mene Muh, gib mir deine Kuh!",2005,kinder,False,False,True,,,7
20549,"Ene Mene Muh, gib mir deine Kuh!",2005,kinder,False,False,True,,,275
20622,Mit Felix um die Welt,2005,kinder,False,False,True,,,645
20685,Henne Berta,1988,spiel,False,False,True,,,1391
20761,Ausgerechnet Buxtehude,2005,spiel,False,False,True,,5.60084,4307
20761,Ausgerechnet Buxtehude,2005,spiel,False,False,True,,5.60084,4308
20834,Husarengolf,1997,spiel,False,False,False,Dexterity Game,5.52668,301
20953,Piratissimo,2005,kinder,False,True,True,,5.51337,500
21022,Was'n das?,2005,spiel,False,False,True,,5.66229,219
21049,Lauras Sternenspiel,2002,kinder,False,True,True,,,645
21049,Lauras Sternenspiel,2002,kinder,False,True,True,,,6330
21636,Affentheater,2006,kinder,False,False,True,,,6525
21790,Thurn and Taxis,2006,spiel,True,True,True,,6.90733,117
21790,Thurn and Taxis,2006,spiel,True,True,True,,6.90733,6569
21827,Schnapp zu!,2002,kinder,False,False,True,,,2302
21854,Los Mampfos,2006,kinder,False,True,True,,5.59423,381
21854,Los Mampfos,2006,kinder,False,True,True,,5.59423,6589
21882,Blue Moon City,2006,spiel,False,True,True,,6.69564,2
21985,Giro Galoppo,2006,kinder,False,True,True,,5.73325,272
21986,Ramba Samba,2006,kinder,False,False,True,,5.50196,8022
21987,Doktor Schlüsselbart,2006,kinder,False,False,True,,5.51565,6623
22123,Enkounter,2006,spiel,False,False,True,,5.50469,6304
22123,Enkounter,2006,spiel,False,False,True,,5.50469,6305
22233,Fischmarkt,2006,spiel,False,False,True,,5.53017,4323
22237,Hart an der Grenze,2005,spiel,False,False,True,,5.78779,3004
22237,Hart an der Grenze,2005,spiel,False,False,True,,5.78779,3005
22278,12 Thieves,2006,spiel,False,True,True,,5.86122,85
22287,Buccaneer,2006,spiel,False,True,True,,5.82665,13
22345,Yspahan,2006,spiel,False,True,True,,6.68236,6736
22348,Duplik,2005,spiel,False,True,True,,6.23046,6740
22348,Duplik,2005,spiel,False,True,True,,6.23046,6741
23329,Skybridge,2006,spiel,False,False,True,,5.54495,5866
23686,Gift Trap,2006,spiel,False,False,False,Party Game,5.9549,7176
23890,Der schwarze Pirat,2006,kinder,True,True,True,,5.73667,308
23891,Die Kullerbande,2006,kinder,False,False,True,,5.50643,256
24181,Imperial,2006,spiel,False,False,True,,7.11085,6045
24480,The Pillars of the Earth,2006,spiel,False,False,True,,7.02704,142
24480,The Pillars of the Earth,2006,spiel,False,False,True,,7.02704,7391
24669,Sparito!,2003,kinder,False,False,True,,,491
25114,Die Säulen von Venedig,2006,spiel,False,False,True,,5.72327,5930
25114,Die Säulen von Venedig,2006,spiel,False,False,True,,5.72327,6076
25358,Domorino,2006,kinder,False,False,True,,,6334
25554,Notre Dame,2007,spiel,False,False,True,,7.0282,4958
25568,Metropolys,2008,spiel,False,False,True,,6.51656,6736
25593,Der Prestel Kunstmarkt,2006,spiel,False,False,True,,5.52421,57
25643,Arkadia,2006,spiel,False,True,True,,6.41366,381
25669,Qwirkle,2006,spiel,True,True,True,,6.61176,7708
25721,Turbulento,2006,kinder,False,False,True,,,256
25760,Zoff im Hühnerhof,2006,kinder,False,False,True,,5.53515,4884
25821,The Werewolves of Miller's Hollow,2001,spiel,False,False,True,,6.41473,219
25821,The Werewolves of Miller's Hollow,2001,spiel,False,False,True,,6.41473,1318
26178,Chicky Picky,2004,kinder,False,False,True,,,3505
26182,Castello del Drago,2006,kinder,False,False,True,,,5070
26233,Manimals,2006,kinder,False,False,True,,5.53845,227
27173,Vikings,2007,spiel,False,False,True,,6.84965,42
27363,Danger 13,2007,spiel,False,False,True,,5.54358,381
27385,Alchemist,2007,spiel,False,False,True,,5.76484,3540
27536,Der kleine Sprechdachs,2006,kinder,False,False,True,,5.49922,2
27588,Zooloretto,2007,spiel,True,True,True,,6.58309,86
27940,RattleSnake,2007,kinder,False,False,True,,5.61651,3247
27948,Beppo der Bock,2007,kinder,True,True,True,,5.53232,267
27948,Beppo der Bock,2007,kinder,True,True,True,,5.53232,8324
27948,Beppo der Bock,2007,kinder,True,True,True,,5.53232,42714
28023,Jamaica,2007,spiel,False,False,True,,6.87398,1727
28023,Jamaica,2007,spiel,False,False,True,,6.87398,6736
28023,Jamaica,2007,spiel,False,False,True,,6.87398,8097
28025,Wicked Witches Way,2006,spiel,False,False,True,,5.83738,295
28025,Wicked Witches Way,2006,spiel,False,False,True,,5.83738,1727
28089,Château Roquefort,2007,spiel,False,False,True,,6.19607,129
28089,Château Roquefort,2007,spiel,False,False,True,,6.19607,1288
28565,Save the Treasure of Fairy Tales,2006,kinder,False,True,True,,5.52516,645
28834,Heli Hopper,2007,kinder,False,False,True,,5.49428,8566
28856,Cornu,2001,kinder,False,False,True,,,94
29017,Dschungelschatz,2006,kinder,False,False,True,,5.62108,285
29073,Blockers!,2007,spiel,False,False,True,,6.04748,2201
29223,Marrakech,2007,spiel,False,True,True,,6.33651,79
29355,Knister,2007,spiel,False,False,True,,5.732,8679
29411,Castle Knights,2007,kinder,False,True,True,,5.60687,6647
29637,Gesagt - getan!,2006,kinder,False,True,True,,,285
29638,Hop Hop Hooray!,2007,kinder,False,True,True,,5.57717,256
29639,Mein erstes Mitmach-Spiel,2006,kinder,False,False,True,,5.51537,3
29641,Ding Dong,2007,kinder,False,False,True,,,8766
29642,Was zählt?,2006,kinder,False,False,True,,,8767
30549,Pandemic,2008,spiel,False,True,True,,7.40062,378
30869,Thebes,2007,spiel,False,True,True,,6.79365,4299
30932,Lascaux,2007,spiel,False,False,True,,5.77381,79
30932,Lascaux,2007,spiel,False,False,True,,5.77381,101
31260,Agricola,2007,spiel,False,False,False,Complex Game,7.72027,10
31481,Galaxy Trucker,2007,spiel,False,False,True,,7.17958,789
31594,In the Year of the Dragon,2007,spiel,False,False,True,,6.99201,4958
31976,"Wo bist du, heller Mond?",2004,kinder,False,False,True,,,5108
31999,TZAAR,2007,spiel,False,False,True,,6.86842,244
32341,Cockroach Salad,2007,spiel,False,False,True,,5.85735,144
32405,Alles Tomate!,2007,kinder,False,False,True,,5.57949,2
32423,Pino Sortino,2007,kinder,False,False,True,,,4884
32465,Didi Dotter,2007,kinder,False,True,True,,5.53129,8360
33036,Alarme,2006,kinder,False,False,True,,,4809
33160,Endeavor,2009,spiel,False,False,True,,6.98373,3526
33160,Endeavor,2009,spiel,False,False,True,,6.98373,9733
33414,Ghost Hunters,2007,kinder,False,True,True,,5.50913,9792
33414,Ghost Hunters,2007,kinder,False,True,True,,5.50913,9793
33414,Ghost Hunters,2007,kinder,False,True,True,,5.50913,9794
33643,Whoowasit?,2007,kinder,True,True,True,,5.92679,2
34004,Big Points,2008,spiel,False,False,True,,5.76804,1307
34004,Big Points,2008,spiel,False,False,True,,5.76804,1308
34084,Witch's Brew,2008,spiel,False,True,True,,6.43487,8397
34227,Blox,2008,spiel,False,True,True,,5.70299,7
34227,Blox,2008,spiel,False,True,True,,5.70299,272
34227,Blox,2008,spiel,False,True,True,,5.70299,2268
34585,Keltis,2008,spiel,True,True,True,,6.17378,2
34635,Stone Age,2008,spiel,False,True,True,,7.3774,928
34707,The Hanging Gardens,2008,spiel,False,False,True,,6.13895,10183
35481,The Suitcase Detectives,2008,kinder,False,False,True,,5.51276,308
35497,Fauna,2008,spiel,False,True,True,,6.52995,141
35812,Wild Vikings,2008,kinder,False,False,True,,5.55414,3990
36218,Dominion,2008,spiel,True,True,True,,7.47319,10525
36725,Lauras erste Übernachtung,2007,kinder,False,False,True,,,645
36727,Capt'n Sharky: Abenteuer auf der Schatzinsel,2008,kinder,False,True,True,,5.51219,645
36728,Pingo Tour,2008,kinder,False,False,True,,,1794
36729,Fluss der Drachen,2008,kinder,False,True,True,,,6940
36729,Fluss der Drachen,2008,kinder,False,True,True,,,6941
36730,Farben ringsum,2008,kinder,False,False,True,,,10669
36731,Kleiner Teddy,2008,kinder,False,False,True,,5.50026,256
36732,Die kleinen Regentropfen,2008,kinder,False,False,True,,,10407
37120,Pack & Stack,2008,spiel,False,False,True,,6.03706,2790
37380,Roll Through the Ages: The Bronze Age,2008,spiel,False,True,True,,6.61138,378
37907,Diamonds Club,2008,spiel,False,False,True,,6.17019,381
38437,Curli Kuller,2008,kinder,False,True,True,,5.53922,4884
38453,Space Alert,2008,spiel,False,False,False,New Worlds Game,7.10406,789
38545,Kamisado,2008,spiel,False,False,True,,6.25904,84
38657,Cities,2008,spiel,False,False,True,,5.82636,9369
38984,MOW,2008,spiel,False,False,True,,5.75231,1727
39095,Klickado,2008,kinder,False,False,True,,5.53849,11333
39192,Schwarzer Kater,2008,kinder,False,False,True,,5.48229,4677
39856,Dixit,2008,spiel,True,True,True,,7.06239,11547
40234,Einauge sei wachsam!,2009,spiel,False,False,True,,5.62725,7
40234,Einauge sei wachsam!,2009,spiel,False,False,True,,5.62725,42
40393,FITS,2009,spiel,False,True,True,,6.12977,2
40425,Maori,2009,spiel,False,False,True,,5.94147,173
40619,Tonga Island,2009,kinder,False,True,True,,5.52539,13
40628,Finca,2009,spiel,False,True,True,,6.7064,314
40628,Finca,2009,spiel,False,True,True,,6.7064,11782
40769,Valdora,2009,spiel,False,False,True,,6.0635,86
40790,Der kleine Ritter Trenk,2008,kinder,False,False,True,,,645
40837,Finde die Tiere!,2008,kinder,False,False,True,,,3524
40935,Zoowaboo,2009,kinder,False,True,True,,5.63545,3540
40941,Hide the Kids!,2009,kinder,False,True,True,,5.60733,1379
40958,6 nimmt! Junior,2009,kinder,False,False,True,,5.52082,7
41301,Hungry Wolves,2009,kinder,False,False,True,,,4884
41496,Chickyboom,2008,kinder,False,False,True,,5.51687,942
41916,The Magic Labyrinth,2009,kinder,True,True,True,,6.42343,12367
42215,Tobago,2009,spiel,False,False,True,,6.82993,12461
43015,Hansa Teutonica,2009,spiel,False,False,True,,7.47165,1018
43023,Polizei-Alarm!,2009,kinder,False,False,True,,5.54413,645
43023,Polizei-Alarm!,2009,kinder,False,False,True,,5.54413,748
43528,World Without End,2009,spiel,False,False,False,Game of the Year Plus,6.65663,142
43528,World Without End,2009,spiel,False,False,False,Game of the Year Plus,6.65663,7391
43570,Friday,2011,kenner,False,False,True,,6.92688,141
54043,Jaipur,2009,spiel,False,False,True,,7.36096,6736
54137,Battle Sheep,2010,spiel,False,False,True,,6.24756,2432
55834,Mosaix,2009,spiel,False,False,True,,5.73589,11797
56933,Penguin Party,2008,spiel,False,False,True,,6.06339,2
57349,Vampires of the Night,2009,kinder,False,True,True,,5.54702,1288
57349,Vampires of the Night,2009,kinder,False,True,True,,5.54702,3432
58565,Panic Tower!,2009,kinder,False,True,True,,5.52986,3342
58565,Panic Tower!,2009,kinder,False,True,True,,5.52986,3343
59223,Diego Drachenzahn,2009,kinder,True,True,True,,5.58466,500
59776,Razzo Raketo,2009,kinder,False,False,True,,,10067
60245,Mummy's Treasure,2009,kinder,False,False,True,,5.57376,4884
60451,Combino,2009,kinder,False,False,True,,,4542
60451,Combino,2009,kinder,False,False,True,,,4543
60574,Mausgeflippt,2009,kinder,False,False,True,,5.51663,7282
63975,Mountain Goats,2010,spiel,False,False,True,,6.4455,5766
65244,Forbidden Island,2010,spiel,False,True,True,,6.63757,378
65568,Jäger und Sammler,2010,spiel,False,False,True,,5.76872,2
65599,Turi-Tour,2010,kinder,False,True,True,,,6008
65990,Don Quixote,2010,spiel,False,False,True,,5.62934,12
66188,Fresco,2010,spiel,False,True,True,,6.96289,249
66188,Fresco,2010,spiel,False,True,True,,6.96289,34864
66188,Fresco,2010,spiel,False,True,True,,6.96289,34866
66214,Samarkand: Routes to Riches,2010,spiel,False,False,True,,6.082,366
66825,Kraken-Alarm,2010,kinder,False,True,True,,5.52038,961
66849,Safranito,2010,spiel,False,False,True,,6.05619,4884
68448,7 Wonders,2010,kenner,True,True,True,,7.54587,9714
68561,Inspector Rabbit,2010,kinder,False,False,True,,,256
70149,Ora et Labora,2011,kenner,False,False,True,,7.28525,10
70264,Shaun das Schaf: Echt Schaf!,2010,kinder,False,False,True,,,10246
70512,Luna,2010,spiel,False,False,True,,6.71876,4958
71820,Die Lieben Sieben: Ab auf die Wippe!,2010,kinder,False,False,True,,,3735
72181,Gackerei ums Hühnerei,2010,kinder,False,False,True,,,3
72368,Mein Mäuschen-Farbspiel,2009,kinder,False,False,True,,,3612
72368,Mein Mäuschen-Farbspiel,2009,kinder,False,False,True,,,37919
72374,Die kleine Raupe Nimmersatt: Das Original-Spiel zum Buch,2009,kinder,False,False,True,,,645
72392,Zauberlehrling,2005,kinder,False,False,True,,,8324
72406,Igel und Floh,2003,kinder,False,False,True,,,37906
72406,Igel und Floh,2003,kinder,False,False,True,,,37907
72991,Asara,2010,spiel,False,True,True,,6.34234,7
72991,Asara,2010,spiel,False,True,True,,6.34234,42
73761,K2,2010,kenner,False,True,True,,6.70462,7324
76728,Freeze,2010,spiel,False,False,True,,5.5674,1106
76728,Freeze,2010,spiel,False,False,True,,5.5674,29035
83195,Ghost Blitz,2010,spiel,False,False,True,,6.43233,144
84671,Kissenschlacht,2010,kinder,False,False,True,,5.52606,2111
84772,"Sun, Sea & Sand",2010,spiel,False,False,True,,5.8505,124
84876,The Castles of Burgundy,2011,spiel,False,False,True,,8.03249,4958
85245,Magician's Kitchen,2010,kinder,False,True,True,,5.57353,3612
85245,Magician's Kitchen,2010,kinder,False,True,True,,5.57353,37919
87603,Flucht vor dem T-Rex,2010,kinder,False,False,True,,,8888
89076,Schätzinsel,2010,kinder,False,False,True,,,12731
90009,Eselsbrücke,2011,spiel,False,True,True,,5.74352,13
90009,Eselsbrücke,2011,spiel,False,True,True,,5.74352,314
90692,Das große Tier-Rätsel,2011,kinder,False,False,True,,,7
90692,Das große Tier-Rätsel,2011,kinder,False,False,True,,,491
90870,Pelican Cove,2011,spiel,False,False,True,,5.93353,43874
90942,Mixtour,2012,spiel,False,False,True,,5.63695,3063
91514,Rhino Hero,2011,kinder,False,False,True,,6.62553,3911
91514,Rhino Hero,2011,kinder,False,False,True,,6.62553,44378
91523,Mondo,2011,spiel,False,False,True,,5.97988,86
91653,Zicke Zacke: Finde die Verstecke hinter Zaun und Hecke,2011,kinder,False,False,True,,5.52664,44443
91671,Da ist der Wurm drin,2011,kinder,True,True,True,,5.7057,44455
91873,Strasbourg,2011,kenner,False,True,True,,6.41657,4958
92415,Skull,2011,spiel,False,False,True,,7.00805,1318
92591,Das große Kullern,2011,kinder,False,False,True,,5.52429,129
92591,Das große Kullern,2011,kinder,False,False,True,,5.52429,1288
92644,Schnappt Hubi!,2011,kinder,True,True,True,,5.76358,10067
93442,Zirkus Stapelix,2011,kinder,False,False,True,,,2111
93551,Banana Jump,2011,kinder,False,False,True,,,3397
93555,Miss Lupun…und das Geheimnis der Zahlen,2011,spiel,False,False,True,,5.51789,45563
93555,Miss Lupun…und das Geheimnis der Zahlen,2011,spiel,False,False,True,,5.51789,45564
93997,1000 and One Treasures,2010,kinder,False,False,True,,5.51303,4884
96913,Lancaster,2011,kenner,False,True,True,,6.93307,34699
98122,Monster Trap,2011,kinder,False,True,True,,5.58207,6940
98122,Monster Trap,2011,kinder,False,True,True,,5.58207,6941
98229,Pictomania,2011,spiel,False,False,True,,6.59501,789
98778,Hanabi,2010,spiel,True,True,True,,6.91912,9714
99316,Grimaffen,2010,kinder,False,False,True,,5.50571,2
99379,Octo,2010,kinder,False,False,True,,,3524
103132,Rapa Nui,2011,spiel,False,False,True,,5.83322,398
104006,Village,2011,kenner,True,True,True,,7.28068,6940
104006,Village,2011,kenner,True,True,True,,7.28068,6941
105153,Pappsatt,2011,kinder,False,False,True,,,10264
105153,Pappsatt,2011,kinder,False,False,True,,,30759
105305,Coraxis & Co.,2012,kinder,False,False,True,,5.51463,9792
105305,Coraxis & Co.,2012,kinder,False,False,True,,5.51463,9793
105305,Coraxis & Co.,2012,kinder,False,False,True,,5.51463,9794
105593,Cheating Moth,2011,kinder,False,False,True,,6.09088,51522
105593,Cheating Moth,2011,kinder,False,False,True,,6.09088,51523
106217,Hawaii,2011,kenner,False,False,True,,6.5467,51590
107529,Kingdom Builder,2011,spiel,True,True,True,,6.77904,10525
107680,Broomsticks and Backflips,2011,kinder,False,False,True,,5.50157,93
108157,Kalimambo,2011,spiel,False,False,True,,5.60435,52026
108831,Kulami,2011,spiel,False,False,True,,5.89335,42256
112897,Magors Lesezauber,2010,kinder,False,False,True,,,645
113294,Escape: The Curse of the Temple,2012,spiel,False,False,True,,6.7489,4063
116954,Butterfly Garden,2012,spiel,False,False,True,,6.31751,2
116981,Star Wars: Battle of Hoth,2012,kinder,False,False,True,,5.55816,22684
116981,Star Wars: Battle of Hoth,2012,kinder,False,False,True,,5.55816,35250
117555,CLACK!,2012,kinder,False,False,True,,5.52475,1210
117959,Las Vegas,2012,spiel,False,True,True,,6.89522,381
118048,Targi,2012,kenner,False,True,True,,7.3986,57305
118051,Spinnengift und Krötenschleim,2012,kinder,False,True,True,,5.51886,11
118410,Dirty Pig,2012,spiel,False,False,True,,5.77022,57468
118418,Divinare,2012,spiel,False,False,True,,6.00903,56058
118610,Santa Cruz,2012,spiel,False,False,True,,5.9208,59
118695,Riff Raff,2012,spiel,False,False,True,,6.15214,4923
118697,Hand aufs Herz,2012,spiel,False,False,True,,5.50622,40631
118698,Flossen hoch!,2012,kinder,False,False,True,,,483
120677,Terra Mystica,2012,kenner,False,False,True,,7.8556,4300
120677,Terra Mystica,2012,kenner,False,False,True,,7.8556,4407
124361,Concordia,2013,kenner,False,True,True,,7.92266,6045
124378,Die kleinen Drachenritter,2012,kinder,False,True,True,,5.49697,4884
125618,Libertalia,2012,spiel,False,False,True,,6.8606,7640
126163,Tzolk'in: The Mayan Calendar,2012,kenner,False,False,True,,7.67893,35418
126163,Tzolk'in: The Mayan Calendar,2012,kenner,False,False,True,,7.67893,59986
126749,Bim Bamm!,2012,kinder,False,False,True,,5.50093,461
126749,Bim Bamm!,2012,kinder,False,False,True,,5.50093,7808
127134,Baobab,2012,kinder,False,False,True,,5.61109,8045
127398,Legends of Andor,2012,kenner,True,True,True,,6.85275,11825
127515,Mix Fix,2012,kinder,False,False,True,,,3342
127515,Mix Fix,2012,kinder,False,False,True,,,3343
128123,Captain Kidd,2012,kinder,False,False,True,,,4542
128123,Captain Kidd,2012,kinder,False,False,True,,,4543
129492,Bee Alert,2012,kinder,False,False,True,,5.62361,2
129614,Rondo,2012,spiel,False,False,True,,5.76071,2
129622,Love Letter,2012,spiel,False,False,True,,7.12184,9495
129948,The Palaces of Carrara,2012,kenner,False,True,True,,6.58614,7
129948,The Palaces of Carrara,2012,kenner,False,True,True,,6.58614,42
130792,The Enchanted Tower,2012,kinder,True,True,True,,5.91306,6940
130792,The Enchanted Tower,2012,kinder,True,True,True,,5.91306,6941
130877,Blood Bound,2013,kenner,False,False,True,,5.93,63813
131260,Qwixx,2012,spiel,False,True,True,,6.65954,11781
131788,Game Over,2012,kinder,False,False,True,,5.54507,64265
132372,Guildhall,2012,kenner,False,False,True,,6.37419,52007
132783,Monster-Alarm,2011,kinder,False,False,True,,,64767
133620,Yay!,2012,spiel,False,False,True,,5.53115,256
133944,Pingi Pongo,2012,kinder,False,False,True,,,597
135851,Connect the Thoughts,2013,kinder,False,False,True,,5.50254,1210
136280,La Boca,2013,spiel,False,False,True,,6.18136,6940
136280,La Boca,2013,spiel,False,False,True,,6.18136,6941
136712,"Linus, der kleine Magier",2013,kinder,False,False,True,,5.51155,3990
136888,Bruges,2013,kenner,False,True,True,,7.09766,4958
136991,Loony Quest,2015,spiel,False,False,True,,6.49372,3327
136991,Loony Quest,2015,spiel,False,False,True,,6.49372,3418
137152,Mucca Pazza,2013,kinder,False,True,True,,5.49738,64163
137155,Potato Man,2013,spiel,False,False,True,,6.08204,173
137155,Potato Man,2013,spiel,False,False,True,,6.08204,237
137297,Rise of Augustus,2013,spiel,False,True,True,,6.45266,7640
137408,Amerigo,2013,kenner,False,False,True,,6.90386,4958
137480,Gold am Orinoko,2013,kinder,False,True,True,,5.59829,129
137909,Bugs in the Kitchen,2013,kinder,False,False,True,,5.74086,1783
139326,UGO!,2013,spiel,False,False,True,,5.75948,3973
139326,UGO!,2013,spiel,False,False,True,,5.75948,49795
139326,UGO!,2013,spiel,False,False,True,,5.75948,60012
140743,Catan Junior Madagascar,2012,kinder,False,False,True,,5.53326,11
142437,Move & Twist,2012,kinder,False,False,True,,,5178
142437,Move & Twist,2012,kinder,False,False,True,,,62766
143157,SOS Titanic,2013,spiel,False,False,True,,6.06252,1727
143157,SOS Titanic,2013,spiel,False,False,True,,6.06252,4337
143884,Machi Koro,2012,spiel,False,True,True,,6.47218,68814
144344,Rococo,2013,kenner,False,True,True,,7.15844,34699
144344,Rococo,2013,kenner,False,True,True,,7.15844,54146
144344,Rococo,2013,kenner,False,True,True,,7.15844,54147
144733,Russian Railroads,2013,kenner,False,False,True,,7.45358,1828
144733,Russian Railroads,2013,kenner,False,False,True,,7.45358,2748
146149,Quick Cups,2013,kinder,False,False,True,,5.74826,1210
146312,Ghost Fightin' Treasure Hunters,2013,kinder,True,True,True,,6.5205,1496
146508,T.I.M.E Stories,2015,kenner,False,True,True,,7.13301,69927
146508,T.I.M.E Stories,2015,kenner,False,True,True,,7.13301,87947
146816,Sanssouci,2013,spiel,False,False,True,,6.26268,42
147151,Concept,2013,spiel,False,True,True,,6.57995,8132
147151,Concept,2013,spiel,False,True,True,,6.57995,65537
147949,One Night Ultimate Werewolf,2014,spiel,False,False,True,,6.85191,6046
147949,One Night Ultimate Werewolf,2014,spiel,False,False,True,,6.85191,69462
148228,Splendor,2014,spiel,False,True,True,,7.29255,50969
148764,Feuerdrachen,2013,kinder,False,False,True,,5.57977,49760
148767,Brandon the Brave,2013,kinder,False,True,True,,5.67249,66521
148768,"Oh Schreck, der Speck fliegt weg!",2013,kinder,False,False,True,,,305
148768,"Oh Schreck, der Speck fliegt weg!",2013,kinder,False,False,True,,,69969
148949,Istanbul,2014,kenner,True,True,True,,7.36942,381
153753,Gruselrunde zur Geisterstunde,2014,kinder,False,False,True,,5.50242,645
153938,Camel Up,2014,spiel,True,True,True,,6.87439,10067
154681,Flizz & Miez,2014,kinder,False,True,True,,5.51339,427
154681,Flizz & Miez,2014,kinder,False,True,True,,5.51339,11222
154681,Flizz & Miez,2014,kinder,False,True,True,,5.51339,11507
158708,Joe's Zoo,2014,kinder,False,False,True,,,3990
158899,Colt Express,2014,spiel,True,True,True,,6.95285,28912
159629,Welches Tier bin ich?,2013,kinder,False,False,True,,,73432
159675,Fields of Arle,2014,kenner,False,False,True,,7.59169,10
161936,Pandemic Legacy: Season 1,2015,kenner,False,True,True,,8.34319,378
161936,Pandemic Legacy: Season 1,2015,kenner,False,True,True,,8.34319,442
162082,Deus,2014,kenner,False,False,True,,6.90436,38335
162191,Look!,2012,kinder,False,False,True,,5.54908,1210
163412,Patchwork,2014,spiel,False,False,True,,7.47005,10
163930,Abracada...What?,2014,spiel,False,False,True,,5.96446,41794
163968,Elysium,2015,kenner,False,True,True,,6.85312,56058
163968,Elysium,2015,kenner,False,True,True,,6.85312,69007
164928,Orléans,2014,kenner,False,True,True,,7.85823,158
165722,KLASK,2014,spiel,False,False,True,,7.25932,77890
166384,Spyfall,2014,spiel,False,False,True,,6.59288,78199
167791,Terraforming Mars,2016,kenner,False,True,True,,8.1797,52075
168534,Fröschlein aufgepasst!,2014,kinder,False,False,True,,,500
170042,Raiders of the North Sea,2015,kenner,False,True,True,,7.49681,12547
170216,Blood Rage,2015,kenner,False,False,True,,7.71653,1533
170969,Gigamons,2014,kinder,False,True,True,,5.66427,78238
170969,Gigamons,2014,kinder,False,True,True,,5.66427,78240
171129,Spinderella,2015,kinder,True,True,True,,5.90092,285
171131,Captain Sonar,2016,kenner,False,False,True,,7.28275,285
171131,Captain Sonar,2016,kenner,False,False,True,,7.28275,43218
171233,The Big Book of Madness,2015,kenner,False,False,True,,6.48859,75577
171499,Cacao,2015,spiel,False,False,True,,6.77705,8347
171561,Der verdrehte Sprach-Zoo,2015,kinder,False,False,True,,,93
171623,The Voyages of Marco Polo,2015,kenner,False,False,True,,7.53917,35418
171623,The Voyages of Marco Polo,2015,kenner,False,False,True,,7.53917,59986
171668,The Grizzled,2015,kenner,False,False,True,,6.85874,2098
171668,The Grizzled,2015,kenner,False,False,True,,6.85874,79931
172308,Broom Service,2015,kenner,True,True,True,,6.86436,8397
172308,Broom Service,2015,kenner,True,True,True,,6.86436,11767
172386,Mombasa,2015,kenner,False,False,True,,7.47274,11767
172507,Mmm!,2015,kinder,False,True,True,,5.6985,2
172542,Push a Monster,2015,kinder,False,True,True,,5.59333,3990
172542,Push a Monster,2015,kinder,False,True,True,,5.59333,10614
172543,Chef Alfredo,2015,kinder,False,False,True,,5.53461,86
172550,Harry Hopper,2015,kinder,False,False,True,,5.51234,80476
172931,Outfoxed!,2014,kinder,False,False,True,,6.61014,27808
172931,Outfoxed!,2014,kinder,False,False,True,,6.61014,105688
172931,Outfoxed!,2014,kinder,False,False,True,,6.61014,109544
173090,The Game,2015,spiel,False,True,True,,6.4992,11781
173346,7 Wonders Duel,2015,kenner,False,False,True,,7.94935,1727
173346,7 Wonders Duel,2015,kenner,False,False,True,,7.94935,9714
174219,Time's Up! Kids,2015,kinder,False,False,True,,5.70126,567
176494,Isle of Skye: From Chieftain to King,2015,kenner,True,True,True,,7.20996,8397
176494,Isle of Skye: From Chieftain to King,2015,kenner,True,True,True,,7.20996,11767
177478,IKI,2015,kenner,False,True,True,,7.02385,77702
177524,ICECOOL,2016,kinder,True,True,True,,6.54718,66638
178053,Schatz-Rabatz,2015,kinder,False,True,True,,5.51734,60914
178900,Codenames,2015,spiel,True,True,True,,7.42716,789
180565,Die geheimnisvolle Drachenhöhle,2015,kinder,False,False,True,,5.51025,607
180565,Die geheimnisvolle Drachenhöhle,2015,kinder,False,False,True,,5.51025,49760
183006,Qwinto,2015,spiel,False,False,True,,6.40869,4307
183006,Qwinto,2015,spiel,False,False,True,,6.40869,4308
183251,Karuba,2015,spiel,False,True,True,,6.85981,381
183401,Sleepy Castle,2015,kinder,False,False,True,,5.53706,256
184490,Mein Schatz,2015,kinder,False,False,True,,5.51835,961
186302,Die Fiesen 7,2015,spiel,False,False,True,,5.72905,144
191004,My First Stone Age,2016,kinder,True,True,True,,6.09946,4884
191065,Castle Flutterstone,2016,kinder,False,False,True,,5.55574,308
191189,Aeon's End,2016,kenner,False,False,True,,7.57734,72770
191189,Aeon's End,2016,kenner,False,False,True,,7.57734,88122
191189,Aeon's End,2016,kenner,False,False,True,,7.57734,126022
191538,Leo,2016,kinder,False,True,True,,5.93401,138
191572,Animals on Board,2016,spiel,False,False,True,,5.99478,314
191572,Animals on Board,2016,spiel,False,False,True,,5.99478,11782
191681,Lagoonies,2016,kinder,False,False,True,,5.52044,129
191681,Lagoonies,2016,kinder,False,False,True,,5.52044,1288
191687,Jungle Party,2016,kinder,False,False,True,,5.52799,13
191687,Jungle Party,2016,kinder,False,False,True,,5.52799,10614
191862,Imhotep,2016,spiel,False,True,True,,6.89582,8347
192283,Emojito!,2016,kinder,False,True,True,,5.51632,111626
193738,Great Western Trail,2016,kenner,False,False,True,,7.96704,11767
194655,Santorini,2016,spiel,False,False,True,,7.18729,3302
195372,Krazy Wordz: Nicht 100% jugendfrei,2016,spiel,False,False,True,,6.05699,5363
195372,Krazy Wordz: Nicht 100% jugendfrei,2016,spiel,False,False,True,,6.05699,12367
195372,Krazy Wordz: Nicht 100% jugendfrei,2016,spiel,False,False,True,,6.05699,12779
199611,Shiftago,2016,spiel,False,False,True,,5.54281,74723
199611,Shiftago,2016,spiel,False,False,True,,5.54281,74724
201808,Clank!: A Deck-Building Adventure,2016,kenner,False,False,True,,7.59146,92370
202296,Wizardry to the Power of Three,2016,kinder,False,False,True,,5.64356,461
202296,Wizardry to the Power of Three,2016,kinder,False,False,True,,5.64356,7808
203411,Word Slam,2016,spiel,False,False,True,,5.95856,6940
203411,Word Slam,2016,spiel,False,False,True,,5.95856,6941
203420,EXIT: The Game – The Abandoned Cabin,2016,kenner,True,True,True,,7.07003,6940
203420,EXIT: The Game – The Abandoned Cabin,2016,kenner,True,True,True,,7.07003,6941
203427,Fabled Fruit,2016,spiel,False,False,True,,6.56739,141
204583,Kingdomino,2016,spiel,True,True,True,,7.16836,1727
204592,The Mysterious Forest,2016,kinder,False,True,True,,5.56293,3540
206915,Tempel des Schreckens,2016,spiel,False,False,True,,6.55208,82544
206938,Kullerhexe,2016,kinder,False,False,True,,5.52344,4884
206939,Do De Li Do,2016,spiel,False,False,True,,5.86188,144
207830,5-Minute Dungeon,2017,spiel,False,False,True,,6.58108,85851
209578,"Little Bird, Big Hunger",2016,kinder,False,False,True,,5.52684,85285
209778,Magic Maze,2017,spiel,False,True,True,,6.77263,95143
213491,The Legend of the Wendigo,2017,kinder,False,False,True,,5.53279,8103
217321,Déjà Vu,2017,spiel,False,False,True,,5.75906,256
217372,The Quest for El Dorado,2017,spiel,False,True,True,,7.54103,2
217861,Paper Tales,2017,kenner,False,False,True,,6.53871,76303
218333,Rhino Hero: Super Battle,2017,kinder,False,False,True,,6.69912,3911
218333,Rhino Hero: Super Battle,2017,kinder,False,False,True,,6.69912,44378
219215,Werewords,2017,spiel,False,True,True,,6.65119,6046
219509,Captain Silver,2017,kinder,False,True,True,,5.56792,3990
219509,Captain Silver,2017,kinder,False,True,True,,5.56792,10614
221107,Pandemic Legacy: Season 2,2017,kenner,False,False,False,Special Prize,7.68596,378
221107,Pandemic Legacy: Season 2,2017,kenner,False,False,False,Special Prize,7.68596,442
221965,The Fox in the Forest,2017,spiel,False,False,True,,6.8496,43202
223040,Fantasy Realms,2017,kenner,False,True,True,,7.239,3440
223321,Detective: A Modern Crime Board Game,2018,kenner,False,True,True,,7.15027,4735
223321,Detective: A Modern Crime Board Game,2018,kenner,False,True,True,,7.15027,99503
223321,Detective: A Modern Crime Board Game,2018,kenner,False,True,True,,7.15027,108405
223742,Colourbrain,2017,spiel,False,False,True,,5.69185,146537
223953,Kitchen Rush,2017,spiel,False,False,True,,6.57338,35005
223953,Kitchen Rush,2017,spiel,False,False,True,,6.57338,76227
227789,Heaven & Ale,2017,kenner,False,True,True,,7.09524,42
227789,Heaven & Ale,2017,kenner,False,True,True,,7.09524,30744
230080,Majesty: For the Realm,2017,spiel,False,False,True,,6.52899,50969
230383,Memoarrr!,2017,spiel,False,False,True,,6.20305,101836
230802,Azul,2017,spiel,True,True,True,,7.60223,42
231045,Speed Colors,2017,kinder,False,False,True,,5.57196,102038
232045,Shaky Manor,2017,kinder,False,True,True,,5.68497,80520
232045,Shaky Manor,2017,kinder,False,True,True,,5.68497,80521
232520,Pioneers,2017,kenner,False,False,True,,5.99209,2762
235655,Dragon's Breath,2017,kinder,True,True,True,,5.992,173
235655,Dragon's Breath,2017,kinder,True,True,True,,5.992,85283
235927,Dino World,2017,kinder,False,False,True,,5.53682,6817
235927,Dino World,2017,kinder,False,False,True,,5.53682,6818
235927,Dino World,2017,kinder,False,False,True,,5.53682,48170
236457,Architects of the West Kingdom,2018,kenner,False,False,True,,7.50768,12547
236457,Architects of the West Kingdom,2018,kenner,False,False,True,,7.50768,103821
236484,Facecards,2017,spiel,False,False,True,,5.64099,138
241266,Little Town,2017,spiel,False,False,True,,6.55862,75617
241266,Little Town,2017,spiel,False,False,True,,6.55862,75618
241491,Who Did It?,2018,spiel,False,False,True,,5.91518,106170
242740,Magic Maze Kids,2018,kinder,False,False,True,,5.72603,95143
242804,Lowlands,2018,kenner,False,False,True,,6.57898,105994
242804,Lowlands,2018,kenner,False,False,True,,6.57898,105995
244228,Reef,2018,spiel,False,False,True,,6.69517,61330
244320,SOS Dino,2018,kinder,False,False,True,,5.83844,4337
244320,SOS Dino,2018,kinder,False,False,True,,5.83844,72628
244521,Quacks,2018,kenner,True,True,True,,7.66498,80162
244522,That's Pretty Clever!,2018,kenner,False,True,True,,7.35856,80162
244711,Newton,2018,kenner,False,False,True,,7.0228,35418
244711,Newton,2018,kenner,False,False,True,,7.0228,52377
244992,The Mind,2018,spiel,False,True,True,,6.58813,80162
245643,Luxor,2018,spiel,False,True,True,,6.6409,381
245655,The King's Dilemma,2019,kenner,False,True,True,,7.09185,28238
245655,The King's Dilemma,2019,kenner,False,True,True,,7.09185,91211
245934,Carpe Diem,2018,kenner,False,True,True,,7.04495,4958
246696,Monster Match,2018,kinder,False,False,True,,5.63261,68072
246696,Monster Match,2018,kinder,False,False,True,,5.63261,68073
246784,Cryptid,2018,kenner,False,True,True,,7.16044,107036
246784,Cryptid,2018,kenner,False,True,True,,7.16044,107037
247313,Woodlands,2018,spiel,False,False,True,,5.6569,90042
247314,Concept Kids: Animals,2018,kinder,False,False,True,,6.0358,8132
247314,Concept Kids: Animals,2018,kinder,False,False,True,,6.0358,65537
247763,Underwater Cities,2018,kenner,False,False,True,,7.77242,9307
249768,My First Adventure: Finding the Dragon,2018,kinder,False,False,True,,5.59164,84067
250780,Sherlock: Last Call,2018,spiel,False,False,True,,5.93045,108574
250780,Sherlock: Last Call,2018,spiel,False,False,True,,5.93045,108743
251247,Barrage,2019,kenner,False,False,True,,7.8339,35418
251247,Barrage,2019,kenner,False,False,True,,7.8339,108836
254640,Just One,2018,spiel,True,True,True,,7.43547,51055
254640,Just One,2018,spiel,True,True,True,,7.43547,51255
255674,Imhotep: The Duel,2018,spiel,False,False,True,,6.41147,8347
256952,Zombie Kidz Evolution,2018,kinder,False,False,True,,6.94004,44054
258779,Planet Unknown,2022,kenner,False,True,True,,7.41319,77564
258779,Planet Unknown,2022,kenner,False,True,True,,7.41319,98336
259374,Belratti,2018,spiel,False,False,True,,6.23894,104579
259830,Hedgehog Roll,2019,kinder,True,True,True,,5.67814,111626
261265,Monster-Bande,2018,kinder,False,False,True,,5.52772,112154
262712,Res Arcana,2019,kenner,False,False,True,,7.38519,150
263918,Cartographers,2019,kenner,False,True,True,,7.38542,109218
264055,Draftosaurus,2019,spiel,False,False,True,,6.8535,4337
264055,Draftosaurus,2019,spiel,False,False,True,,6.8535,9714
264055,Draftosaurus,2019,spiel,False,False,True,,6.8535,60151
264055,Draftosaurus,2019,spiel,False,False,True,,6.8535,72628
264295,Fabulantica,2018,kinder,False,True,True,,5.59763,4884
266083,L.L.A.M.A.,2019,spiel,False,True,True,,6.27431,2
266192,Wingspan,2019,kenner,True,True,True,,7.84073,111338
266810,Paladins of the West Kingdom,2019,kenner,False,False,True,,7.65634,12547
266810,Paladins of the West Kingdom,2019,kenner,False,False,True,,7.65634,103821
266830,QE,2019,spiel,False,False,True,,6.90005,13391
267378,Chakra,2019,spiel,False,False,True,,6.22658,114258
269199,Dizzle,2019,spiel,False,False,True,,6.00294,314
269526,Valley of the Vikings,2019,kinder,True,True,True,,5.85288,79462
269526,Valley of the Vikings,2019,kinder,True,True,True,,5.85288,79463
269596,Voll Verwackelt,2019,kinder,False,False,True,,,3990
269596,Voll Verwackelt,2019,kinder,False,False,True,,,10614
269624,Barnyard Bunch,2019,kinder,False,False,True,,5.50642,111812
270140,Go Gecko Go!,2019,kinder,False,True,True,,5.54953,34434
271785,Slide Quest,2019,kinder,False,False,True,,5.97813,57953
271785,Slide Quest,2019,kinder,False,False,True,,5.97813,77649
274960,Point Salad,2019,spiel,False,False,True,,6.91032,116180
274960,Point Salad,2019,spiel,False,False,True,,6.91032,116181
274960,Point Salad,2019,spiel,False,False,True,,6.91032,116182
283073,Zoo Run,2019,kinder,False,False,True,,5.55192,78797
284083,The Crew: The Quest for Planet Nine,2019,kenner,True,True,True,,7.61111,45563
284108,Pictures,2019,spiel,True,True,True,,6.58581,60694
284108,Pictures,2019,spiel,True,True,True,,6.58581,119515
284435,Nova Luna,2019,spiel,False,True,True,,6.888,10
284435,Nova Luna,2019,spiel,False,True,True,,6.888,124
284895,Magic School,2019,kinder,False,False,True,,5.51508,106170
285526,Hans im Glück,2019,kinder,False,False,True,,5.50798,405
286569,Octopus,2018,kinder,False,False,True,,,9695
286569,Octopus,2018,kinder,False,False,True,,,59321
287591,Storytailors,2020,kinder,False,True,True,,5.62976,79462
287591,Storytailors,2020,kinder,False,True,True,,5.62976,79463
288969,Puzzle-Memo,2019,kinder,False,False,True,,5.51906,173
291453,SCOUT,2019,spiel,False,True,True,,7.57361,116503
291457,Gloomhaven: Jaws of the Lion,2020,kenner,False,False,True,,8.0896,69802
291549,Go Slow!,2020,kinder,False,False,True,,5.54313,8767
291550,Foto Fish,2020,kinder,False,True,True,,5.53075,106414
291859,Riftforce,2021,kenner,False,False,True,,6.45768,101836
295486,My City,2020,spiel,False,True,True,,7.2405,2
295947,Cascadia,2021,spiel,True,True,True,,7.73046,122804
296514,Robots,2020,kinder,False,True,True,,5.54277,12
299028,Dream Catcher,2020,kinder,False,False,True,,5.53001,3327
299028,Dream Catcher,2020,kinder,False,False,True,,5.53001,3418
299169,Spicy,2020,spiel,False,False,True,,6.73081,111439
299630,Honey,2021,kinder,False,False,True,,5.52257,77946
299630,Honey,2021,kinder,False,False,True,,5.52257,84381
299684,Khôra: Rise of an Empire,2021,kenner,False,False,True,,6.70944,117987
300010,Dragomino,2020,kinder,True,True,True,,6.34337,1727
300010,Dragomino,2020,kinder,True,True,True,,6.34337,79462
300010,Dragomino,2020,kinder,True,True,True,,6.34337,79463
300531,Paleo,2020,kenner,True,True,True,,7.30555,92425
300905,Top Ten,2020,spiel,False,True,True,,6.77204,124205
302417,Mia London and the Case of the 625 Scoundrels,2020,kinder,False,True,True,,5.55802,9714
302417,Mia London and the Case of the 625 Scoundrels,2020,kinder,False,True,True,,5.55802,60151
303669,Magic Rabbit,2020,spiel,False,False,True,,5.72556,81298
303669,Magic Rabbit,2020,spiel,False,False,True,,5.72556,125003
303669,Magic Rabbit,2020,spiel,False,False,True,,5.72556,125004
303669,Magic Rabbit,2020,spiel,False,False,True,,5.72556,125005
303672,Trek 12: Himalaya,2020,spiel,False,False,True,,6.20104,1727
303672,Trek 12: Himalaya,2020,spiel,False,False,True,,6.20104,60151
310448,Zombie Teenz Evolution,2020,spiel,False,True,True,,6.53013,44054
312484,Lost Ruins of Arnak,2020,kenner,False,True,True,,7.91788,127822
312484,Lost Ruins of Arnak,2020,kenner,False,True,True,,7.91788,127823
316554,Dune: Imperium,2020,kenner,False,True,True,,8.21792,92370
317311,Switch & Signal,2020,spiel,False,False,True,,6.22941,67071
318195,Biss 20,2020,spiel,False,False,True,,5.81868,173
318195,Biss 20,2020,spiel,False,False,True,,5.81868,85283
318243,Hitster,2022,spiel,False,False,True,,7.03054,153553
318560,Witchstone,2021,kenner,False,False,True,,6.74178,2
318560,Witchstone,2021,kenner,False,False,True,,6.74178,76530
318977,MicroMacro: Crime City,2020,spiel,True,True,True,,7.20763,70631
320157,Swip'Sheep,2020,kinder,False,False,True,,5.49773,111422
320840,Tapikékoi,2020,kinder,False,False,True,,,81298
320840,Tapikékoi,2020,kinder,False,False,True,,,130860
322039,The Key: Sabotage at Lucky Llama Land,2020,spiel,False,False,True,,5.73836,45563
326494,The Adventures of Robin Hood,2021,spiel,False,True,True,,6.77631,11825
327056,Unlock! Kids: Detective Stories,2021,kinder,False,False,False,Special Prize,6.24879,4009
327056,Unlock! Kids: Detective Stories,2021,kinder,False,False,False,Special Prize,6.24879,79462
327056,Unlock! Kids: Detective Stories,2021,kinder,False,False,False,Special Prize,6.24879,79463
327838,Käpt'n Kuller,2020,kinder,False,False,True,,,12731
328479,Living Forest,2021,kenner,True,True,True,,6.79127,133041
329839,So Clover!,2021,spiel,False,False,True,,7.25045,133522
330592,Phantom Ink,2022,spiel,False,False,True,,6.51653,50566
330592,Phantom Ink,2022,spiel,False,False,True,,6.51653,50567
330602,Inspektor Nase,2021,kinder,False,False,True,,5.61216,12
331571,My Gold Mine,2021,spiel,False,False,True,,6.09563,104579
331571,My Gold Mine,2021,spiel,False,False,True,,6.09563,111158
331571,My Gold Mine,2021,spiel,False,False,True,,6.09563,111159
334986,Daybreak,2023,kenner,True,True,True,,7.06788,378
334986,Daybreak,2023,kenner,True,True,True,,7.06788,135581
339489,Hipp Hopp Hippo,2020,kinder,False,False,True,,,77946
339489,Hipp Hopp Hippo,2020,kinder,False,False,True,,,84381
341914,Froggies,2021,kinder,False,False,True,,5.55284,1210
341919,Magic Mountain,2021,kinder,True,True,True,,5.84999,129
341919,Magic Mountain,2021,kinder,True,True,True,,5.84999,1288
342184,Memo Friends,2019,kinder,False,False,True,,,3
342207,echoes: The Dancer,2021,spiel,False,False,True,,5.80276,69007
342207,echoes: The Dancer,2021,spiel,False,False,True,,5.80276,108002
342942,Ark Nova,2021,kenner,False,False,True,,8.35381,138517
343833,Turtle Splash!,2021,kinder,False,False,True,,5.58381,54143
343833,Turtle Splash!,2021,kinder,False,False,True,,5.58381,54144
345584,Mindbug: First Contact,2022,kenner,False,False,True,,7.06865,14
345584,Mindbug: First Contact,2022,kenner,False,False,True,,7.06865,118
345584,Mindbug: First Contact,2022,kenner,False,False,True,,7.06865,139860
345584,Mindbug: First Contact,2022,kenner,False,False,True,,7.06865,139861
346703,7 Wonders: Architects,2021,spiel,False,False,True,,6.76689,9714
350636,Unlock!: Game Adventures,2021,kenner,False,False,False,Special Prize,6.55165,10394
350636,Unlock!: Game Adventures,2021,kenner,False,False,False,Special Prize,6.55165,130658
350636,Unlock!: Game Adventures,2021,kenner,False,False,False,Special Prize,6.55165,130986
350933,The Guild of Merchant Explorers,2022,kenner,False,True,True,,7.13702,56058
350933,The Guild of Merchant Explorers,2022,kenner,False,True,True,,7.13702,69007
351937,Carla Caramel,2022,kinder,False,True,True,,5.53454,113106
352515,Trio,2021,spiel,False,False,True,,7.02631,72830
353288,Trekking Through History,2022,spiel,False,False,True,,6.96133,35026
353545,Next Station: London,2022,spiel,False,True,True,,6.93904,69007
354886,Quacks & Co.: Quedlinburg Dash,2022,kinder,False,True,True,,6.15197,80162
354892,That's Pretty Clever! Kids,2022,kinder,False,True,True,,5.75899,80162
355274,Die Villa der Vampire,2022,kinder,False,False,True,,5.51082,308
355274,Die Villa der Vampire,2022,kinder,False,False,True,,5.51082,1288
356742,KuZOOkA,2022,spiel,False,False,True,,5.82932,138
357563,Akropolis,2022,spiel,False,False,True,,7.0511,144139
358095,Golden Ei,2022,kinder,False,False,True,,,961
358690,Mantis,2022,spiel,False,False,True,,6.07258,68073
358690,Mantis,2022,spiel,False,False,True,,6.07258,116981
359124,The Animals of Baker Street,2022,spiel,False,False,True,,6.02333,108002
359124,The Animals of Baker Street,2022,spiel,False,False,True,,6.02333,144539
359318,Foxy,2022,spiel,False,False,True,,5.85772,93322
359970,Challengers!,2022,kenner,True,True,True,,6.67672,42380
359970,Challengers!,2022,kenner,True,True,True,,6.67672,110904
367206,Mysterium Kids: Captain Echo's Treasure,2022,kinder,True,True,True,,5.67333,44
367206,Mysterium Kids: Captain Echo's Treasure,2022,kinder,True,True,True,,5.67333,91325
367220,Sea Salt & Paper,2022,spiel,False,False,True,,7.27625,1727
367220,Sea Salt & Paper,2022,spiel,False,False,True,,7.27625,72628
367966,Endeavor: Deep Sea,2024,kenner,True,True,True,,7.70346,3526
367966,Endeavor: Deep Sea,2024,kenner,True,True,True,,7.70346,9733
368899,Magic Keys,2022,kinder,True,True,True,,5.77108,3337
368899,Magic Keys,2022,kinder,True,True,True,,5.77108,110904
368954,Council of Shadows,2022,kenner,False,False,True,,6.03802,51251
368954,Council of Shadows,2022,kenner,False,False,True,,6.03802,77911
370164,Fun Facts,2022,spiel,False,True,True,,6.37134,95143
370591,Dorfromantik: The Board Game,2022,spiel,True,True,True,,7.1739,461
370591,Dorfromantik: The Board Game,2022,spiel,True,True,True,,7.1739,7808
373055,Ritual,2022,kenner,False,False,True,,5.747,109778
373106,Sky Team,2023,spiel,True,True,True,,7.89052,140103
375651,That's Not a Hat,2023,spiel,False,False,True,,6.57862,95143
375737,Douzanimo,2022,kinder,False,False,True,,,79777
376683,In the Footsteps of Darwin,2023,spiel,False,True,True,,6.55088,119408
376683,In the Footsteps of Darwin,2023,spiel,False,True,True,,6.55088,123695
381188,Kauri,2023,kenner,False,False,True,,5.83439,147169
385761,Faraway,2023,kenner,False,True,True,,7.27308,60151
385761,Faraway,2023,kenner,False,True,True,,7.27308,113774
389102,Bier Pioniere,2023,kenner,False,False,True,,6.11763,63549
390092,Ticket to Ride Legacy: Legends of the West,2023,kenner,False,True,True,,7.78805,9
390092,Ticket to Ride Legacy: Legends of the West,2023,kenner,False,True,True,,7.78805,378
390092,Ticket to Ride Legacy: Legends of the West,2023,kenner,False,True,True,,7.78805,442
391163,Forest Shuffle,2023,kenner,False,False,True,,7.46325,142835
391849,Syllabus,2023,kinder,False,False,True,,,111626
391849,Syllabus,2023,kinder,False,False,True,,,115139
392491,Taco Kitten Pizza,2023,kinder,False,True,True,,5.5212,942
392491,Taco Kitten Pizza,2023,kinder,False,True,True,,5.5212,89781
393325,Captain Flip,2024,spiel,False,True,True,,6.73152,7640
393325,Captain Flip,2024,spiel,False,True,True,,6.73152,49759
393352,Perfect Words,2023,spiel,False,False,True,,5.85755,154736
393888,Match!,2023,spiel,False,False,True,,5.78796,153086
396822,Le Clan des Souris,2023,kinder,False,True,True,,5.52057,97601
399094,Lecker Lava,2023,kinder,False,False,True,,5.53807,102899
400495,JinxO,2024,spiel,True,True,True,,5.86714,121032
401885,Schätz it if you can,2023,spiel,False,False,True,,5.72887,314
402360,Fluffy Valley,2023,kinder,False,False,True,,5.57147,72628
402360,Fluffy Valley,2023,kinder,False,False,True,,5.57147,75577
402457,Die Nadel im Heuhaufen,2023,kinder,False,False,True,,5.50842,126813
402676,Cities,2024,spiel,False,False,True,,6.67472,8347
402676,Cities,2024,spiel,False,False,True,,6.67472,10060
406911,Isla a la Vista,2023,kinder,False,False,True,,5.51077,158000
409498,Große kleine Edelsteine,2024,kinder,False,True,True,,5.55216,80162
410991,Looot,2024,kenner,False,True,True,,6.31915,3327
410991,Looot,2024,kenner,False,True,True,,6.31915,34672
411567,The Gang,2024,kenner,False,False,True,,7.14043,123
411567,The Gang,2024,kenner,False,False,True,,7.14043,2201
412865,Foundations of Metropolis,2024,kenner,False,False,True,,6.52599,61330
413246,Bomb Busters,2024,spiel,True,True,True,,7.64911,39436
413260,Botanicus,2024,kenner,False,False,True,,6.26921,110121
413260,Botanicus,2024,kenner,False,False,True,,6.26921,110148
414317,Harmonies,2024,spiel,False,False,True,,7.77242,95323
415036,Medical Mysteries: NYC Emergency Room,2024,kenner,False,False,True,,6.06142,11567
415036,Medical Mysteries: NYC Emergency Room,2024,kenner,False,False,True,,6.06142,12239
416851,Castle Combo,2024,spiel,False,False,True,,7.35542,64917
416851,Castle Combo,2024,spiel,False,False,True,,7.35542,119408
417197,Rebirth,2024,kenner,True,True,True,,7.17688,2
417403,Toriki: The Castaway Island,2024,spiel,False,False,True,,6.03234,107969
419639,Mind the Lines,2024,spiel,False,True,True,,6.15019,157836
420087,Flip 7,2024,spiel,False,True,True,,6.99555,14171
420360,Mimose & Sam et le Voleur de Fruits,2024,kinder,False,True,True,,5.54536,82239
422732,Agent Avenue,2024,spiel,False,False,True,,6.99812,139861
422732,Agent Avenue,2024,spiel,False,False,True,,6.99812,162313
423232,Cherry on the Cake,2024,kinder,True,True,True,,5.59178,80162
424219,Zenith,2025,kenner,False,False,True,,7.01527,64917
424219,Zenith,2025,kenner,False,False,True,,7.01527,119408
424581,Half-and-Seek,2025,kinder,False,False,True,,5.52137,166402
424975,Wilmot's Warehouse,2024,spiel,False,False,True,,6.31271,162908
424975,Wilmot's Warehouse,2024,spiel,False,False,True,,6.31271,162909
424975,Wilmot's Warehouse,2024,spiel,False,False,True,,6.31271,162910
425078,You Little Stinker,2024,kinder,False,False,True,,5.49952,68072
425078,You Little Stinker,2024,kinder,False,False,True,,5.49952,68073
425549,Moon Colony Bloodbath,2025,kenner,False,True,True,,7.04709,10525
433007,Cascadia Junior,2025,kinder,False,True,True,,5.73381,122804
433007,Cascadia Junior,2025,kinder,False,True,True,,5.73381,130905
434654,Toy Battle,2025,spiel,False,False,True,,7.22522,6008
434654,Toy Battle,2025,spiel,False,False,True,,7.22522,7640
434906,Tag Team,2025,kenner,False,False,True,,6.84145,60151
434906,Tag Team,2025,kenner,False,False,True,,6.84145,145444
435346,Mooki Island,2025,kinder,True,True,True,,5.65195,78797
440540,Take Time,2025,spiel,False,False,True,,6.96396,90882
440540,Take Time,2025,spiel,False,False,True,,6.96396,167379
441696,Sanctuary,2025,kenner,False,False,True,,6.80612,138517
446497,Hot Streak,2025,spiel,False,False,True,,7.2093,73364
446631,HiLo: Dein Königreich,2025,kinder,False,False,True,,,123881
446631,HiLo: Dein Königreich,2025,kinder,False,False,True,,,123882
447384,Meister Makatsu,2025,spiel,False,False,True,,5.8175,2
449853,Frosted Blooms,2026,kenner,False,False,True,,6.03634,1727
449853,Frosted Blooms,2026,kenner,False,False,True,,6.03634,4337
454672,Boss Fighters QR,2025,kenner,False,True,True,,6.47138,461
454672,Boss Fighters QR,2025,kenner,False,True,True,,6.47138,7808
454722,Boo Party,2025,kinder,False,True,True,,5.51444,78797
454722,Boo Party,2025,kinder,False,True,True,,5.51444,94040
456440,Cozy Stickerville,2026,spiel,False,True,True,,6.93138,6651
462742,Morty Sorty Magic Shop,2026,spiel,False,True,True,,5.68963,110904
