game_id,bgg_id,name,num_all_matches,num_connected_matches,num_all_players,num_connected_players,num_regular_players,num_max_matches,two_player_only,elo_k,std_dev,p_deterministic
2327,302385,Natural Chaos,451,178,526,120,2,49,true,98.8,415.8,0.89
1588,120533,Redstone,1380,803,1202,424,5,196,true,189.2,407.0,0.88
1359,526,Abalone,83892,67525,42393,22094,536,8501,true,131.1,362.0,0.86
1731,368733,Roll Into Town,4634,2892,4069,1792,32,311,false,175.3,336.6,0.85
2417,102881,Trench,537,417,303,137,8,98,true,141.7,315.0,0.83
1174,287002,Marram,8241,6361,4418,1340,61,765,false,80.3,307.5,0.82
1297,127304,Herooj,2212,1547,1521,577,20,494,true,121.9,306.6,0.82
1896,2065,Shogi,10353,5323,6579,1679,79,279,true,139.1,305.9,0.82
1944,376707,Cannonades,1003,449,1233,345,7,101,false,78.2,296.2,0.81
1458,340377,EVL,332,210,251,81,3,49,true,196.2,292.0,0.81
1786,325735,Empire Plateau,2310,1127,2109,515,10,233,true,112.4,284.6,0.8
1512,318702,Tumbleweed,8026,6804,2707,1385,97,1362,true,98.0,282.3,0.8
29,18602,Caylus,132468,122619,45521,31460,1881,2839,false,115.2,279.2,0.8
1388,121073,Panic Lab,18074,7741,18233,4608,101,330,false,132.4,277.8,0.8
1081,188,Go,96118,69534,50671,22026,976,1457,true,117.5,277.4,0.8
1578,30936,Oust,7282,5641,2027,873,75,1267,true,99.9,271.5,0.79
1598,311725,Dice Theme Park,5789,3510,6907,2850,39,306,false,163.5,269.5,0.79
2525,452211,Movers & Shakers,948,700,1033,605,4,99,false,100.1,269.2,0.79
1596,74129,Fractal,9363,6074,3559,1445,88,527,true,117.1,268.3,0.79
1280,250725,Thrive,3862,2212,2930,991,26,266,true,97.3,266.5,0.78
2484,336933,Elongo,255,143,258,95,2,70,false,194.1,266.0,0.78
tennis_wta,,Tennis_Wta,751965,751949,30045,30013,8352,1735,true,65.6,264.9,0.78
1504,331666,Zola,3988,2774,2533,944,43,406,true,98.8,263.9,0.78
1794,7388989,Expeditions: Around the World,29669,26129,11193,6040,338,1730,false,79.0,263.5,0.78
1973,379706,Quartermaster General: East Front,12913,10876,4942,2378,186,1640,true,106.9,260.2,0.78
1007,4112,Hex,139672,109212,38781,18970,1399,5957,true,100.2,256.3,0.77
2274,437821,Sir Ocelot's cave,5566,3367,4441,1755,26,193,true,89.6,255.5,0.77
1683,67080,Flume,3910,2355,2271,729,32,451,true,102.3,255.1,0.77
1651,333775,Meridians,7690,5797,3329,1501,90,426,true,82.2,255.1,0.77
1157,182274,NXS,7754,5115,5646,1758,67,380,true,92.4,255.0,0.77
1846,392492,Stupor Mundi,9239,7540,6419,3994,105,361,false,125.7,254.4,0.77
1515,14634,Homeworlds,13340,11910,3367,1888,170,1418,true,83.6,254.2,0.77
1696,357973,Rift Valley Reserve,2373,1059,2888,986,6,55,false,145.0,253.1,0.77
1608,358196,Lifeline,6859,3887,3686,1322,47,406,true,78.6,252.7,0.77
1034,12995,Dungeon Twister,51083,45001,14075,6634,493,2408,true,72.1,251.2,0.77
2090,419643,Norsemen,563,387,676,350,2,34,false,113.7,249.5,0.76
1042,95527,Madeira,17048,14808,8951,5793,316,382,false,133.5,248.7,0.76
1820,304783,Hadrian's Wall,45577,40569,14692,9638,771,1039,false,96.1,247.2,0.76
1100,140620,Lewis & Clark,69798,62836,24593,15676,1010,2053,false,85.7,246.4,0.76
1715,218603,Photosynthesis,55487,42983,33818,17798,598,941,false,107.3,246.0,0.76
1486,329591,Ultimate Railroads,54635,47902,20031,14291,1074,692,false,120.3,245.0,0.76
2191,419793,Pyramido: Forgotten Treasures,8919,6797,6438,3362,72,976,false,97.9,244.6,0.76
1482,177736,A Feast for Odin,223025,203699,51208,36577,4174,1762,false,100.0,242.2,0.75
1811,356485,Age of Champagne,4697,3357,3436,1676,55,331,false,112.4,241.7,0.75
1121,177678,Signorie,25087,22872,8864,6039,494,868,false,103.8,241.4,0.75
1019,43152,Assyria,11512,9565,6305,3149,191,741,false,106.0,240.0,0.75
1522,163642,Chimera Station,3753,2803,2849,1502,35,238,false,128.6,238.8,0.75
1814,355467,Envelopes of Cash,2701,1971,2374,1088,32,167,false,113.4,238.6,0.75
2389,330152,Nature,1278,613,1995,774,3,50,false,122.5,238.5,0.75
1822,381429,Dobble Connect,28715,18744,21156,8052,311,1123,false,98.2,237.9,0.75
1574,359061,Rive,620,489,321,135,10,128,true,81.8,237.2,0.75
1298,325413,ONE,7437,4259,6775,1810,37,540,false,77.8,235.0,0.74
1849,379633,Humanity,2854,1990,2911,1388,15,90,false,128.3,234.8,0.74
1549,191203,Commander Chess,16372,15225,6630,5196,213,570,true,92.7,234.6,0.74
1637,6493,Impasse,1486,809,1258,373,10,196,true,110.1,234.5,0.74
74,26952,Checkers,477574,374820,198908,90603,3102,11456,true,63.0,234.2,0.74
1853,298130,Amalfi - Renaissance,10286,8826,5955,3844,143,460,false,119.4,234.1,0.74
2001,244711,Newton,12949,10697,8700,5473,156,290,false,112.6,233.2,0.74
1736,355433,boop.,233746,175782,82774,39013,2370,5090,true,86.2,232.6,0.74
2121,157354,Five Tribes,56683,48179,28203,18360,799,631,false,103.0,232.3,0.74
1134,130390,The Ruhr: A Story of Coal Trade,5601,4352,4155,2113,80,304,false,104.6,230.1,0.74
1137,249095,Blooms,24471,20218,8876,4561,279,697,true,84.0,228.5,0.74
1664,102794,Caverna,71269,58532,35048,22238,1321,1235,false,114.7,228.1,0.74
1465,187959,Sensei,11834,7051,5348,1944,100,299,true,80.6,228.1,0.74
2330,274841,Cóatl,2199,1560,2014,1026,20,154,false,102.7,227.8,0.74
1171,151224,Veletas,10158,7664,4252,1808,127,649,true,80.2,227.4,0.73
1630,,Reflection,118544,95423,25772,12393,1644,4736,false,79.7,227.3,0.73
1150,20782,Siam,1812,711,1246,359,8,70,true,112.1,226.5,0.73
1968,19253,Mate,909,601,680,256,9,89,true,92.5,226.2,0.73
81,171,Chess,1071269,969434,183130,101158,9391,35990,true,52.4,226.1,0.73
1135,161226,The Builders: Antiquity,75853,64345,21240,11823,979,1944,false,71.1,224.7,0.73
1410,154086,Gold West,9613,7095,5911,3160,105,280,false,97.7,224.3,0.73
2141,399806,Karvi,6958,5260,5169,3003,66,200,false,120.3,224.2,0.73
1256,252544,Dice Summoners,9617,4431,7557,1965,48,155,true,105.7,224.1,0.73
80,126163,Tzolk'in,403070,380928,75964,52022,5068,7403,false,62.2,224.1,0.73
1547,170624,Crusaders: Thy Will Be Done,23578,19349,13181,7941,347,567,false,98.4,222.0,0.73
1318,55131,Murus Gallicus,5278,4125,2056,970,69,554,true,78.4,221.8,0.73
1287,310873,Carnegie,67230,59750,29002,20658,1186,986,false,106.2,221.8,0.73
1488,84419,Space Empires: 4X,13266,10966,6076,3300,234,450,false,104.2,221.4,0.73
1031,2393,Xiangqi,65044,42044,34200,12727,596,1733,true,80.2,221.4,0.73
1901,368058,The Wolves,30173,25369,18205,10553,507,1213,false,110.8,221.0,0.73
2453,7688,Memory,1103,487,979,303,6,38,false,76.2,220.7,0.73
2112,23953,Gamme Logic,165541,151622,26761,19029,3047,2391,false,71.0,219.8,0.72
1086,144733,Russian Railroads,231663,219712,51164,37722,4204,4242,false,87.1,219.5,0.72
2120,164928,Orléans,68524,61414,29280,21801,1070,632,false,92.6,218.8,0.72
1149,184730,Circle of Life,25710,20910,10410,5824,283,882,true,79.3,218.8,0.72
2108,382444,Fled,485,286,677,275,2,109,false,164.0,217.9,0.72
1581,22790,Cephalopod,4517,3233,2544,1094,45,243,true,91.7,217.6,0.72
1904,276025,Maracaibo,52404,46702,18728,13729,1169,519,false,109.5,217.4,0.72
1468,63268,Spot it,865417,713815,338660,205856,13534,4961,false,89.2,217.2,0.72
41,71074,Expedition: Northwest Passage,20503,16300,11213,5315,306,1090,false,97.2,217.2,0.72
1427,240567,Chocolate Factory,25617,19373,16347,8615,352,598,false,100.9,216.8,0.72
1411,298619,15 Days,4119,2909,2935,1432,42,268,false,98.8,215.9,0.72
2125,322289,Darwin's Journey,73513,67592,22705,16870,1595,717,false,94.8,214.9,0.72
2215,416184,Quadrata Canada,779,548,640,339,9,85,false,104.4,214.8,0.72
1867,300877,New York Zoo,56446,47249,26140,14463,813,1000,false,78.9,214.6,0.71
2423,7854,YINSH,3712,2617,1832,911,29,225,true,72.8,213.7,0.71
1226,5236,Yin Yang,7869,6075,3282,1039,96,326,true,57.8,213.6,0.71
tennis_atp,,Tennis_Atp,941642,941631,34062,34040,8777,1603,true,47.6,213.4,0.71
2213,327082,Garden Rush,11655,8325,7539,3803,82,215,true,93.1,213.4,0.71
2458,447776,The Game Makers,2838,1809,3122,1535,16,109,false,138.3,213.0,0.71
35,2389,Reversi,543501,430145,166805,74316,4791,11527,true,60.6,211.1,0.71
1926,345868,Federation,16269,14246,8603,6046,332,253,false,100.3,210.9,0.71
1798,292914,Fika,5331,2576,5555,1619,19,75,true,78.3,210.3,0.71
2278,436073,Kani Nari Ebi,1083,315,840,134,4,52,true,82.7,209.8,0.71
1139,29525,Ponte del Diavolo,26439,22157,8559,3732,247,5581,true,61.3,209.2,0.71
1593,269766,Soulaween,17279,8629,9738,2709,116,421,true,70.3,208.9,0.71
1434,288648,Canosa,4587,2930,3078,1152,38,340,true,84.8,208.8,0.71
1920,356554,Flip Freighters,10283,7540,5313,2333,130,780,false,84.2,208.3,0.7
2228,397385,Pirates of Maracaibo,30565,26134,13062,8667,512,806,false,92.8,208.0,0.7
2402,391137,Galactic Cruise,11391,9642,7555,4974,145,199,false,107.9,207.9,0.7
2110,415938,Inori,7088,5394,5838,3116,51,499,false,92.0,207.9,0.7
2415,154203,Imperial Settlers,10800,8125,8861,4484,96,218,false,101.4,206.9,0.7
1600,364343,Strands,36400,31721,7601,4512,494,1198,true,59.4,206.8,0.7
2472,16986,Ubongo,18155,14947,8987,4950,267,481,false,89.4,206.3,0.7
2024,360214,Metz,902,523,778,262,3,128,true,50.3,205.8,0.7
2252,424785,Crafting the Cosmos,7283,5409,5091,2583,83,230,false,90.5,205.2,0.7
1501,,Silo,6655,3846,3701,1143,56,193,true,77.4,205.1,0.7
1247,300700,Quetzal,19486,13992,15520,7389,185,652,false,92.2,204.7,0.7
32,10527,Gygès,33820,25239,9052,3620,345,4462,true,61.0,204.7,0.7
1088,6121,Tablut,12985,7787,6391,2296,106,611,true,72.2,204.5,0.7
1032,122515,Keyflower,88925,77467,45288,28083,1304,2401,false,84.1,204.4,0.7
1269,300305,Nanga Parbat,16740,12286,8001,3596,158,933,true,61.3,203.8,0.7
1806,307379,Trike,15169,10378,5491,2530,179,338,true,64.6,203.5,0.7
1675,279135,Cat Café,30164,22271,18103,7787,353,478,false,76.1,203.0,0.7
1080,154809,Nippon,36755,32055,16296,10290,695,944,false,105.1,203.0,0.7
1650,354842,Drones vs Seagulls,5920,3356,3886,1199,39,418,true,78.4,202.6,0.7
2005,54,Tikal,13597,9903,12792,6888,141,370,false,113.6,202.5,0.7
1423,235375,Spirits of the Forest,12176,9613,6736,3414,146,303,false,81.1,202.5,0.7
1389,320505,Mattock,5863,3745,4033,1381,59,370,true,91.5,202.5,0.7
1988,393869,Maatatahay,1779,1287,1043,394,15,369,true,52.6,202.3,0.7
1792,369548,After Us,67109,59982,22044,14774,1134,1075,false,80.3,201.8,0.7
1242,225569,Geek Out! Masters,881,393,809,246,2,74,false,68.3,201.8,0.7
1408,313963,Cloud City,29377,21193,18455,8075,311,593,false,68.7,201.6,0.69
1796,180593,The Bloody Inn,4180,2722,4506,2260,38,253,false,103.0,201.5,0.69
1672,103184,The Gnomes of Zavandor,3874,2647,2824,1226,21,865,false,65.9,201.2,0.69
1612,320819,Dinner In Paris,14995,11448,9639,4787,161,414,false,81.0,201.2,0.69
1484,341233,Almadi,23500,21028,7490,4406,345,1618,false,61.9,200.5,0.69
1284,97207,Dungeon Petz,21369,15602,16760,8136,280,787,false,94.3,199.8,0.69
2100,413260,Botanicus,32868,27884,14064,8750,566,465,false,86.7,199.7,0.69
1103,144553,The Builders: Middle Ages,227673,212552,31420,20354,2472,7209,false,46.2,199.2,0.69
2375,124361,Concordia,4203,2949,5384,2866,29,76,false,116.2,199.1,0.69
1645,329862,Tiny Turbo Cars,4315,2230,4807,1566,32,260,false,79.3,199.0,0.69
2164,431305,Great Western Trail: El Paso,23085,19228,13832,8090,262,374,false,89.0,198.6,0.69
1599,363307,Evergreen,36198,31124,15418,8937,472,1810,false,81.4,198.5,0.69
2295,13123,500,693,396,504,213,6,86,false,53.1,198.3,0.69
1155,146886,La Granja,102962,93020,29078,19279,1627,3801,false,69.4,198.2,0.69
1306,245222,Squadro,78062,42245,37708,10530,563,3111,true,59.1,197.9,0.69
1161,196340,Yokohama,84711,74396,31593,21158,1722,1516,false,89.0,197.6,0.69
2160,203993,Lorenzo il Magnifico,11985,10330,6478,4517,146,345,false,80.3,197.5,0.69
1815,381635,Sahwari,1663,1232,1460,732,16,151,false,94.5,197.4,0.69
2219,325421,Nibble,3555,2381,1571,748,30,241,true,57.6,197.3,0.69
1618,17106,Dots and Boxes,24987,12127,16565,4446,140,980,true,62.0,197.2,0.69
1702,349408,Lielow,10661,8076,3787,2161,124,433,true,68.7,196.4,0.69
15,29934,Amyitis,15076,13275,5892,3403,228,1712,false,79.0,196.2,0.68
2200,387780,Rats of Wistar,21154,18403,10700,6822,314,422,false,89.1,195.0,0.68
2269,424573,Pergola,14455,12004,7571,4553,185,759,false,94.6,194.9,0.68
1091,3406,Lines of Action,977,814,445,266,12,86,true,85.3,194.3,0.68
1548,269595,Copenhagen,311683,292758,45057,29505,3976,5616,false,47.8,194.0,0.68
1396,2386,Chinese checkers,153910,134857,51351,21060,1226,5871,false,48.1,193.5,0.68
73,88113,Isaac,6494,4185,4352,1212,56,364,true,67.7,193.1,0.68
1020,129948,The Palaces of Carrara,29750,24705,15743,9377,406,622,false,76.3,192.9,0.68
1220,22847,Connect6,68636,51137,20535,8464,774,1281,true,54.3,192.7,0.68
5,394,Kahuna,150149,124744,47563,23164,1359,7449,true,54.1,192.7,0.68
31,119316,United Square,37358,27197,21703,8387,370,898,false,69.6,192.5,0.68
43,624,Quoridor,829915,695461,206487,100807,7175,16129,false,46.9,191.3,0.68
1866,378001,Moon River,12947,9575,9705,4938,142,305,false,90.5,190.9,0.67
1623,8122,Konane,2733,1555,1958,642,23,176,true,66.9,190.6,0.67
1143,216132,Clans of Caledonia,186740,167504,47065,31521,2837,4631,false,64.9,190.5,0.67
2026,403116,Next Station: Paris,133778,120436,25771,16690,2023,3170,false,58.5,190.2,0.67
1432,341169,Great Western Trail,384844,364396,85297,66335,8144,3521,false,76.5,190.2,0.67
1016,69779,Polis: Fight for Hegemony,22384,18651,8118,3748,282,646,true,68.8,190.2,0.67
2094,332885,Gnome Hollow,17648,13593,10169,5183,204,1357,false,73.9,189.4,0.67
1844,364186,Terra Nova,37624,32822,17600,11324,691,813,false,81.1,189.3,0.67
1870,2346,DVONN,28600,24279,8646,5382,369,638,true,58.8,189.2,0.67
1911,287954,Azul: Summer Pavilion,123538,114587,23900,15359,1811,1896,false,57.2,189.0,0.67
1898,148180,Wolf and Sheep,2166,936,1476,434,11,86,true,56.4,188.9,0.67
1151,232219,Dragon Castle,44165,34019,25663,12898,482,1481,false,79.6,188.9,0.67
1803,355224,Isle of Trains: All Aboard,6428,4304,6382,3036,51,176,false,92.3,188.7,0.67
1212,236248,Small Islands,19998,10064,22656,7034,91,284,false,87.7,188.3,0.67
1619,249259,War Chest,453250,434773,48631,32130,4970,6652,false,46.2,188.2,0.67
2233,408280,Twinkle Twinkle,12027,9469,6833,3985,138,197,false,75.0,187.8,0.67
1487,8920,BuyWord,13611,7021,5607,2008,124,408,false,66.8,186.9,0.67
1252,283948,Marco Polo II: In the Service of the Khan,129352,119547,29763,21830,2410,3854,false,67.9,186.8,0.67
1184,310888,Bobail,91625,79795,10826,6143,962,7724,true,44.4,185.6,0.66
2088,395623,Harvest,10866,7564,8700,4252,107,303,false,89.4,185.3,0.66
1122,112138,Krosmaster Arena,85072,79918,15600,8690,572,7876,true,46.9,185.2,0.66
1957,410991,Looot,63115,54930,21871,14456,873,1032,false,70.0,184.9,0.66
1173,229853,Teotihuacan: City of Gods,134666,123919,38271,27122,2624,2598,false,72.5,184.3,0.66
1156,121011,GORami,10415,6159,6070,1902,86,433,true,59.0,184.3,0.66
1565,335090,Kraken Up,3677,1339,3947,908,14,117,false,99.5,184.1,0.66
1942,420443,Treos,4913,3996,3247,1633,68,394,false,68.4,183.9,0.66
26,214000,In The Year of the Dragon,68516,62455,26517,17496,1173,2891,false,77.3,183.5,0.66
2206,437478,iye,450,260,430,155,3,63,true,49.4,183.4,0.66
1159,281429,Mammalath,29132,17069,9229,3028,242,1846,true,58.2,183.4,0.66
2055,314106,Resolve,3901,2623,2420,1200,31,137,true,69.4,183.3,0.66
1011,25613,Through the Ages,585088,572476,45411,33645,6794,5509,false,42.1,182.8,0.66
2163,372831,Potions of Azerland,4112,2314,5187,2139,10,103,false,85.3,182.7,0.66
2410,438402,Forest Shuffle : Dartmoor,46895,40690,18353,10853,812,333,false,70.9,181.7,0.66
1917,368119,Gosu X,22607,20899,4197,2573,290,1012,true,50.8,181.4,0.66
1717,185343,Anachrony,32127,27116,17946,11445,447,589,false,90.5,181.4,0.66
22,106217,Hawaii,117722,113306,16434,10793,1343,5433,false,46.6,181.0,0.66
1718,373190,Maps of Misterra,4001,2550,4446,1849,30,237,false,113.0,180.9,0.66
2154,332772,Revive,55234,51233,15208,11321,1097,1183,false,76.7,180.7,0.66
1721,344685,Go Goa,21064,17796,7186,3944,358,1371,false,68.1,180.7,0.66
2183,427084,Superstore 3000,15082,12016,9495,4955,191,312,false,69.2,180.5,0.66
2032,169786,Scythe,70743,62666,30916,20767,1519,807,false,83.0,180.5,0.66
1851,308765,Praga Caput Regni,39469,36824,10405,7691,872,993,false,70.6,180.0,0.66
1535,306300,Little Factory,54326,46537,17798,11058,839,1266,false,63.0,179.5,0.65
1464,334644,Nicodemus,24602,18879,10216,4867,291,766,true,61.7,179.5,0.65
1603,251247,Barrage,205476,195582,42208,32915,4338,3101,false,64.8,179.4,0.65
1354,223750,Hardback,140011,124885,26144,15132,1331,31960,false,43.7,179.4,0.65
1315,26566,Homesteaders,10654,8686,6146,3587,188,2154,false,88.7,179.4,0.65
2352,400314,Apiary,23850,18761,15612,8723,288,272,false,75.7,179.3,0.65
1033,36985,Logger,32311,19167,19025,4637,298,970,false,56.2,179.2,0.65
1981,143515,Coal Baron,9001,6767,6747,3859,104,232,false,82.5,179.1,0.65
snooker,,Snooker,68260,68260,4212,4212,690,1446,true,42.0,179.0,0.65
1117,25674,Khronos,5398,3798,4518,1557,65,681,false,85.4,178.9,0.65
20,73439,Troyes,161253,149786,44996,32599,3172,1832,false,73.7,178.5,0.65
1492,281259,The Isle of Cats,246210,226371,52381,31787,2744,3121,false,48.8,177.8,0.65
2226,381356,Diced Veggies,8872,6499,5827,3245,82,149,false,82.5,177.5,0.65
1960,406518,Quattuor Reges,755,631,364,179,12,104,true,105.0,177.4,0.65
1727,369270,Astra,9468,6827,8161,3670,89,586,false,78.3,177.2,0.65
1144,25613,Through the Ages: A new Story of Civilization,796970,776753,56919,41646,7842,11788,false,36.8,177.0,0.65
2107,137173,Cairo Corridor,10430,6825,5473,2311,84,260,true,60.3,176.7,0.65
1571,321277,Tinners' Trail,4097,2890,4619,2414,32,214,false,92.9,176.6,0.65
1343,75358,Paris Connection,14526,9046,16827,7903,136,142,false,124.5,176.5,0.65
1961,143693,Glass Road,10719,7464,9527,4534,84,182,false,84.1,176.3,0.65
1292,93,El Grande,30363,24000,28988,17606,601,609,false,108.5,176.2,0.65
1075,200785,Legendary Inventors,89996,75133,44145,26227,1393,1202,false,73.8,175.6,0.65
13,34635,Stone Age,326700,315104,35154,23104,3388,4244,false,38.4,175.6,0.65
1823,357071,GOLDblivion,19708,18193,4564,3042,343,650,false,60.7,175.5,0.65
1729,354201,Tuned,4332,2824,1979,818,38,317,true,69.5,175.5,0.65
1469,260316,Art Decko,18850,14895,10026,5386,264,487,false,81.9,175.4,0.65
1871,56796,Let's Catch the Lion!,112430,29690,51615,7603,381,3737,true,54.2,175.3,0.65
2096,366994,Bonsai,99557,86188,30335,17661,1576,1096,false,59.4,175.2,0.65
1741,342942,Ark Nova,7830315,7747528,248670,218743,73234,13577,false,32.5,175.2,0.65
57,3319,Neutreeko,105813,85894,19968,11175,1380,2276,true,45.6,175.2,0.65
1444,311918,Lost Explorers,6323,4087,5745,2267,60,264,false,82.3,174.4,0.64
1339,167270,Medina,12505,9330,9464,4364,136,734,false,80.0,174.4,0.64
1234,143176,Steam Works,5480,3340,5218,2219,61,219,false,97.7,174.3,0.64
2390,446226,Carpniches,1198,661,702,228,8,105,true,83.7,174.0,0.64
1605,356414,Space Station Phoenix,13346,10901,7487,4676,173,358,false,71.8,174.0,0.64
1186,2719,Connect Four,368821,304728,52164,25231,4184,7545,true,41.6,173.6,0.64
2170,192458,51st State,15820,12806,8931,4802,175,629,false,78.0,173.5,0.64
2529,37380,Roll Through the Ages: The Bronze Age,1279,841,1145,549,11,75,false,105.7,173.4,0.64
1915,206509,Bayonets & Tomahawks,1506,1090,986,434,13,86,true,93.1,173.4,0.64
1479,266524,Parks,32101,24521,19581,10118,342,419,false,67.2,173.4,0.64
1240,171499,Cacao,153503,134253,48284,31566,2260,2082,false,67.7,173.3,0.64
1931,376740,Undergrove,6070,3501,6960,2823,27,193,false,106.9,173.2,0.64
1886,193551,Mutant Crops,3148,1627,3388,1204,15,52,false,67.0,173.2,0.64
1953,331398,Mythic Battles: Ragnarök,8955,7622,2904,1343,113,683,true,56.2,172.8,0.64
1338,255027,Quinque,6122,3321,4256,1413,39,498,true,56.9,172.8,0.64
1495,220308,Gaia Project,258871,244390,51263,39239,5567,4079,false,67.5,172.7,0.64
1716,375553,Diceathlon,18259,13537,12595,5854,207,683,false,74.6,172.4,0.64
1112,127095,Origin,24288,21889,7333,3476,295,6695,false,47.6,172.1,0.64
2220,,Azul Duel,85231,68949,28558,13821,1007,1889,true,53.8,172.0,0.64
2161,94746,Coffee,2433,1247,1431,484,12,171,true,52.8,171.8,0.64
1809,114912,Starship Merchants,649,303,714,297,3,43,false,198.1,171.7,0.64
1856,389734,Xxung,1689,1141,797,296,13,531,true,55.6,171.4,0.64
1002,137269,Spyrium,36678,31922,17372,10944,607,836,false,77.2,171.1,0.64
1699,377947,Lumen: The Lost World,7504,4946,5226,1938,52,326,true,66.6,170.9,0.63
1529,,Icebreaker,9732,5808,6758,1946,81,434,true,61.3,170.9,0.63
1445,17133,Railways of the World,36127,30780,13190,8796,852,453,false,81.1,170.8,0.63
1249,383179,Age of Innovation: a Terra Mystica game,143602,137311,27265,20646,2991,2751,false,56.6,170.7,0.63
1123,24508,Taluva,68939,55198,33277,14675,751,2934,false,53.8,170.7,0.63
2181,334537,Altay: Dawn of Civilization,2397,1812,2242,1318,19,117,false,86.7,170.5,0.63
2084,338376,A Gest of Robin Hood,18536,15105,6962,3633,236,422,true,59.0,170.3,0.63
1859,344258,That Time You Killed Me,32346,16589,20625,5753,218,586,true,65.4,169.8,0.63
1818,286158,D.E.I.: Divide et Impera,3025,2033,3201,1502,33,141,false,132.1,169.2,0.63
1481,162082,Deus,45913,39333,18638,10841,677,1229,false,62.7,169.1,0.63
2363,406231,Kikai - Bricolage Heads,2733,1848,2045,851,23,140,true,81.6,168.9,0.63
2187,369880,Beer & Bread,16836,10483,13503,5462,98,224,true,62.9,168.9,0.63
1321,218121,Dice Hospital,219063,201245,45360,32331,3280,2904,false,52.3,168.9,0.63
1267,281075,Welcome To New Las Vegas,63757,47113,41871,17968,948,1413,false,69.8,168.8,0.63
2062,261720,Finca,17662,14260,11280,6481,196,489,false,64.9,168.7,0.63
1382,312484,Lost Ruins of Arnak,1050078,1023969,92691,70903,11306,4391,false,38.1,168.6,0.63
1369,160477,Onitama,121332,97922,36809,20438,1226,12323,true,53.0,168.5,0.63
1118,120677,Terra Mystica,493757,470676,77637,57550,8670,7115,false,52.3,168.1,0.63
1480,232832,Century: Spice Road,692574,654547,109800,79531,9851,13623,false,45.1,167.3,0.63
19,66643,Uncle Chestnut's Table Gype,17159,12640,10068,3420,240,1072,false,58.9,167.3,0.63
football_international,,Football_International,48849,48846,333,330,254,1097,true,17.6,167.2,0.63
1585,219513,Bärenpark,234623,214835,53399,35491,3651,2603,false,57.5,167.0,0.63
1653,279720,Streets,8420,4753,9051,3101,54,199,false,71.8,166.9,0.63
2052,385680,Path of Civilization,33366,29313,11558,7138,582,1653,false,60.2,166.3,0.62
1880,341753,Tholos,975,399,1097,250,5,38,true,90.9,166.3,0.62
2399,248072,Don't Let It Die,1215,247,1206,156,2,127,false,200.0,166.1,0.62
1087,3886,Nine Men's Morris,219079,181349,66737,34137,1870,11497,true,44.1,165.9,0.62
2202,283393,Aquatica,11987,10007,6500,3994,130,549,false,69.5,165.7,0.62
1671,319592,Micro Dojo,9141,6740,4501,2136,74,766,true,54.8,165.4,0.62
2450,387276,Reforest,970,569,1105,428,7,61,false,118.5,165.0,0.62
1837,275916,Caïrn,7310,4821,4707,1786,54,1021,true,60.2,165.0,0.62
1860,396042,Quirky Quarks,2051,926,1544,633,11,134,false,59.3,164.9,0.62
1674,267979,Tiwanaku,9331,6781,5713,3170,88,144,false,77.5,164.8,0.62
45,105037,Tournay,26444,23819,7880,4695,398,943,false,50.2,164.8,0.62
1110,32484,The Battle for Hill 218,67926,58656,11880,5651,838,2954,true,47.9,164.5,0.62
1614,345520,EKONOS,1950,1166,2818,1228,10,44,false,106.5,164.4,0.62
1591,286031,Dragon Bridge,165,127,88,25,4,65,true,104.3,164.2,0.62
1098,,Alveole,30220,23022,10609,4610,353,1165,true,46.2,164.0,0.62
2477,383117,Cathood,1245,837,1147,529,8,104,false,117.4,163.9,0.62
1029,40214,Bombay,12663,8160,11851,3828,186,361,false,87.4,163.9,0.62
1270,163640,Eminent Domain: Microcosm,5132,3339,3508,1219,44,364,true,70.5,163.8,0.62
1546,256839,VektoRace,18768,16072,9820,5372,423,1287,false,73.2,163.4,0.62
1493,191862,Imhotep,62935,51060,34758,21020,702,6209,false,70.7,163.2,0.62
79,2655,Hive,725014,646545,138324,86467,8376,5885,true,44.5,163.2,0.62
2064,200632,Qango,8382,3977,2543,785,76,214,true,52.4,163.1,0.62
1962,411934,Battle Spirits Saga,33265,25231,12093,5126,363,1919,true,49.6,162.6,0.62
1516,174337,Bahama Taxi,3794,2284,3246,1389,35,221,false,58.4,162.6,0.62
2360,415507,Kokeshi,5989,5038,3103,1910,83,487,false,85.3,162.0,0.62
1265,40446,Indian Chief,1225,855,698,389,16,135,false,46.1,162.0,0.62
2245,200057,Pioneer Days,7541,5652,5947,3090,75,259,false,67.9,161.7,0.61
2221,401303,Mind Cycling,3164,2284,3245,1423,30,900,false,70.6,161.6,0.61
2008,295895,Distilled,129849,118464,32409,21787,2183,3386,false,56.7,161.6,0.61
2353,359402,Ahoy,5616,3472,7557,3326,33,202,false,106.0,161.2,0.61
40,73761,K2,64120,48098,45459,19626,750,1162,false,71.1,161.1,0.61
2382,443348,Arigatō,7297,5667,4889,2548,93,175,false,84.3,159.8,0.61
1840,246663,Neom,6926,5025,4432,2374,111,332,false,75.4,159.7,0.61
1500,1295,Pente,56372,40496,12744,4728,632,2422,false,44.1,159.7,0.61
2095,328378,Tulip & Rose,536,311,1019,457,3,72,false,120.1,159.6,0.61
1291,269789,Caravan,21441,17318,9384,4990,312,1320,false,56.7,159.6,0.61
1308,309000,Blue Skies,11585,8307,8972,3837,174,1128,false,81.3,159.5,0.61
1370,293014,Nidavellir,304942,282752,78707,57114,6066,4458,false,60.7,159.4,0.61
1967,296043,Four Gardens,7075,5473,4702,2526,67,424,false,59.0,159.2,0.61
1773,155703,Evolution,43729,33472,31671,15135,555,1170,false,72.7,159.2,0.61
1391,227605,For-Ex,2959,1635,3796,1492,18,195,false,73.3,158.7,0.61
1517,305723,Pyrga,13548,8955,5448,2212,145,706,true,46.1,158.3,0.61
60,131616,Nautilus,28668,21128,11517,4875,295,805,true,58.9,157.8,0.61
1273,169147,Letter Tycoon,220652,186540,48359,24005,2619,3794,false,42.8,157.7,0.61
1693,365647,Mech A Dream,10049,7376,5757,2635,117,324,false,63.9,157.4,0.61
1951,361850,Nimalia,26683,21786,13790,8416,321,688,false,61.2,157.2,0.61
1678,334646,Dice Hospital: ER – Emergency Roll,37933,32905,11537,6386,567,1659,false,51.9,156.9,0.6
2369,155426,Castles of Mad King Ludwig,42641,35363,19296,10815,797,906,false,59.6,156.8,0.6
1602,341245,Garden Nation,7588,5417,6421,3099,82,173,false,71.5,156.7,0.6
1507,246567,Big Monster,13218,10487,7133,3216,151,769,false,49.0,156.7,0.6
1319,319680,Rest In Peace,21164,11708,13267,4635,135,449,true,51.2,156.7,0.6
1193,214880,City of the Big Shoulders,25016,21053,13183,8938,523,615,false,81.1,156.7,0.6
1216,61487,Unconditional Surrender! World War 2 in Europe,12721,8560,7524,2571,130,716,false,57.5,156.6,0.6
2305,270443,Misty,1214,755,1310,639,4,50,false,103.5,156.5,0.6
1496,182704,SteamRollers,9812,7523,4898,2514,163,325,false,69.5,156.4,0.6
1910,308119,Pax Renaissance,60415,58084,8085,5760,1019,2535,false,44.1,156.2,0.6
1372,245654,Railroad Ink,203596,191623,18595,10900,1999,6948,false,31.2,156.2,0.6
1978,412563,Flowers: A Mandala Game,8982,7093,4686,2542,115,431,false,49.1,156.1,0.6
2071,210296,DinoGenics,18339,14484,9852,5455,268,442,false,64.8,156.0,0.6
2115,422368,Lepidoptery,2635,1871,1206,612,30,139,true,46.7,155.5,0.6
2242,371942,The White Castle,113455,106124,32013,23853,2248,684,false,61.2,155.4,0.6
1430,200680,Agricola,159830,146769,33154,23372,3369,1356,false,54.1,155.2,0.6
2019,386188,Greasy Spoon,2645,2179,1085,480,22,1021,true,43.7,154.9,0.6
1352,247143,Senshi,2583,1181,2873,844,11,116,false,74.0,154.4,0.6
1017,146278,Tash-Kalar,193998,178180,32087,18075,2168,5089,false,40.3,154.3,0.6
2314,377061,Coffee Rush,71795,63763,28182,19197,1152,442,false,59.0,154.2,0.6
1768,357563,Akropolis,362552,348903,43407,32191,4869,5876,false,41.6,154.2,0.6
1349,151467,Once Upon A Forest,9149,6591,6226,2559,71,423,false,54.7,154.2,0.6
1852,338093,Ancient Knowledge,28346,24682,13173,8616,323,1178,false,53.7,153.8,0.6
1654,241724,Villagers,50311,44140,15565,9708,777,1603,false,51.7,153.6,0.6
1104,163920,Gaïa,52548,38615,24485,10436,645,1947,false,54.2,153.6,0.6
1526,341510,Rainbow,35481,21764,20672,8092,210,837,true,44.6,153.2,0.59
1403,,Gopher,13983,9392,7779,3069,121,610,true,41.2,153.2,0.59
1233,256940,Krosmaster Blast,8391,6715,3409,1265,69,1842,true,44.6,153.2,0.59
1158,169649,Sapiens,77556,63438,37005,17072,1018,2628,false,50.0,152.9,0.59
28,11929,Gomoku,489670,360680,115279,54576,5259,28266,true,45.4,152.3,0.59
1726,286788,Gift of Tulips,8358,5706,6141,3038,90,196,false,60.6,152.0,0.59
1924,167791,Terraforming Mars,2638012,2574655,193684,156067,35256,5591,false,33.6,151.9,0.59
1882,280453,Masters of Renaissance: Lorenzo il Magnifico – The Card Game,5085,4172,3183,1998,50,203,false,69.6,151.6,0.59
1744,377943,Reflections in the Looking Glass,1490,809,1304,443,8,141,true,39.4,151.2,0.59
1235,286295,Quantik,80591,49713,25416,9994,699,2271,true,47.7,151.2,0.59
1572,353545,Next Station: London,109337,100190,19392,13323,1883,1331,false,45.3,151.0,0.59
25,13928,China Gold,24430,19968,7080,3336,322,1450,true,51.8,151.0,0.59
2077,402106,Power Vacuum,1310,713,1906,733,10,87,false,58.0,150.7,0.59
2319,415808,TacTile,15903,13189,7025,3511,229,506,false,55.4,150.5,0.59
2263,319910,Pagan: Fate of Roanoke,11521,8140,6493,2973,112,238,true,70.7,150.5,0.59
1437,145976,Talon,2395,1682,1059,446,37,109,true,63.9,150.2,0.59
1638,366752,The Great Split,9674,7099,9469,5601,126,331,false,90.2,149.8,0.59
1821,379290,Timeline Twist,50589,24242,31348,9456,362,1193,false,51.6,149.5,0.58
1420,163412,Patchwork,1092599,1017937,101406,63794,12023,8170,true,30.6,149.2,0.58
2123,420214,Arctic,8731,6344,6230,2956,80,353,false,54.5,149.0,0.58
2009,398898,High Season,22609,19968,8879,5512,337,829,false,53.8,148.9,0.58
1147,206327,The King's Guild,78408,64394,33165,16933,1029,3743,false,53.0,148.6,0.58
2091,362020,Cosmoctopus,36984,30422,12257,5903,564,797,false,45.4,148.5,0.58
1595,360266,Draft Cider,4775,2966,3785,1074,34,429,false,41.9,148.2,0.58
14,3076,Puerto Rico,749300,726038,85964,61920,9436,11274,false,35.8,148.2,0.58
1760,230089,Okanagan: Valley of the Lakes,2434,1630,2331,1079,21,111,false,74.1,148.1,0.58
1695,341286,Eriantys,7323,5550,5275,2766,79,136,false,70.0,147.9,0.58
1115,132531,Roll for the Galaxy,619536,592710,50897,33569,5206,13612,false,26.1,147.7,0.58
1475,262477,Mercado de Lisboa,10430,7409,8311,4184,84,271,false,69.4,147.6,0.58
1276,4390,Carcassonne: Hunters & Gatherers,369462,326970,80010,34222,2826,11080,false,30.6,147.5,0.58
63,1419,Pylos,93474,62161,40094,14455,834,2463,true,52.8,147.5,0.58
2288,393307,Tower Up,23363,18485,15599,8778,272,496,false,61.2,147.4,0.58
1841,391163,Forest Shuffle,3351789,3291483,146527,114175,27497,8982,false,30.6,147.3,0.58
1418,41149,Linkage,20989,14387,7099,2708,218,3079,true,41.7,147.2,0.58
1395,4607619,Iwari,19970,15549,15484,7693,291,1593,false,78.4,147.1,0.58
1997,384213,Fromage,68372,56147,28684,16904,1256,941,false,60.1,146.7,0.58
1812,373383,Pook,3745,1762,4489,1363,12,149,false,43.2,146.7,0.58
1668,559,Metro,38987,33183,12445,7680,663,801,false,48.3,146.4,0.58
1913,327711,It's a Wonderful Kingdom,16322,10401,10819,4483,126,338,true,53.6,146.0,0.58
1891,258779,Planet Unknown,144099,130141,35463,24574,2869,2534,false,48.5,145.8,0.58
1640,231733,Obsession,270317,255767,40167,28934,4018,7811,false,38.5,145.7,0.58
1987,355788,Chemical Overload,9131,7116,4775,2488,115,298,false,64.3,145.6,0.58
1196,194655,Santorini,550047,444490,136429,64475,5531,9134,false,37.9,145.6,0.58
1747,184921,Bunny Kingdom,293446,276035,39093,26585,5101,3882,false,44.0,145.5,0.57
1130,68425,Eminent Domain,134554,123571,26490,15708,1720,4875,false,39.4,145.4,0.57
1876,380134,Orion Duel,40031,29808,10826,4928,489,973,true,45.9,145.3,0.57
1686,114562,Hokito,17354,13185,7053,3156,192,823,true,41.2,145.1,0.57
1908,402803,Vault: A Den of Thieves,3595,2726,2054,942,47,318,false,54.4,145.0,0.57
1198,108831,Kulami,18202,9920,9089,3013,142,387,true,51.7,145.0,0.57
1903,364073,Splendor Duel,113316,93859,26550,14302,1713,1776,true,43.1,144.9,0.57
2326,177352,Carson City,1197,810,1628,850,8,35,false,148.3,144.8,0.57
2331,418036,SUPER,9941,8069,5490,2813,149,582,false,62.1,144.5,0.57
1047,302238,Crazy Farmers,46621,30773,26797,9587,528,1190,false,53.1,144.2,0.57
2368,355483,Wandering Towers,3752,2292,5293,2193,26,136,false,90.1,144.1,0.57
1607,350604,Regidice,2586,634,4252,471,4,117,false,142.3,144.1,0.57
2159,396375,Gems of Iridescia,1078,652,1332,602,3,104,false,39.0,143.9,0.57
1509,328479,Living Forest,202218,193771,23213,17048,3021,4394,false,37.5,143.9,0.57
1553,128072,VEGEtables,4370,1540,4502,458,17,665,true,55.6,143.7,0.57
2015,303734,Golems,693,326,781,227,4,61,true,93.2,143.6,0.57
1378,317985,Beyond the Sun,230173,214058,53332,38502,4438,3096,false,49.6,143.6,0.57
2198,415910,Architects of Amytis,30295,24326,10814,6116,426,347,true,51.0,143.2,0.57
1878,331401,Dog Park,13828,9016,13207,5851,116,175,false,62.4,143.0,0.57
1874,367525,3000 Scoundrels,4741,2853,5288,2162,36,370,false,59.2,142.9,0.57
1679,351666,Vidrasso,4266,3910,1031,608,48,2076,true,39.1,142.7,0.57
2260,284936,Café,15711,12846,7629,4381,190,768,false,57.1,142.5,0.57
1754,262157,Block Arena,1946,416,2739,280,2,64,true,75.2,142.3,0.57
2308,63371,Crash,880,579,519,218,9,186,false,43.6,141.6,0.57
2218,419109,Battlegammon,851,601,584,262,8,84,true,32.5,141.5,0.56
2207,432716,Leaders,76755,68656,14698,9093,1154,1534,true,42.5,141.5,0.56
1708,350184,Earth,269465,245828,61257,42302,4160,2632,false,42.3,141.3,0.56
2301,414685,Mesos,10641,8437,7906,4828,86,170,false,59.7,141.0,0.56
1309,262712,Res Arcana,795162,765726,65109,48113,7879,7682,false,29.6,141.0,0.56
1914,398331,Pond,12670,9077,4680,2018,127,751,true,36.2,140.6,0.56
1881,398388,Oxono,71223,58796,15561,9047,974,1401,true,44.2,140.6,0.56
1005,8229,Armadöra,21479,14717,14980,6039,220,305,false,53.9,140.6,0.56
1508,364,Samarkand,3219,1936,2830,1221,14,555,false,73.1,140.5,0.56
1200,171623,The Voyages of Marco Polo,402373,385771,52972,37545,4671,7380,false,32.8,140.5,0.56
1755,269144,Hadara,91368,85016,21802,15116,1358,4433,false,40.5,140.3,0.56
1552,41933,Arctic Scavengers,19472,15060,11066,5656,237,689,false,60.2,140.2,0.56
2266,427260,Living Forest Duel,22025,17605,8703,4283,290,473,true,49.0,139.9,0.56
1724,42336,Ultimate Tic-Tac-Toe,17101,7411,12931,3109,82,660,true,44.5,139.7,0.56
1579,329227,Betta,25762,20891,10999,5828,307,761,false,42.6,139.7,0.56
1819,366397,Colorado,11462,10301,3826,2473,187,728,false,51.9,139.4,0.56
1440,291859,Riftforce,33336,28368,9369,5264,448,677,true,44.8,139.0,0.56
1847,338467,Zuuli,19059,15421,6931,3542,220,983,false,44.9,138.9,0.56
1670,246192,Gizmos,414380,404291,23944,18138,4201,8472,false,27.3,138.6,0.56
1360,194517,Super Fantasy Brawl,171972,157665,29715,16747,2035,7269,true,38.8,138.2,0.56
2329,1597,Streetcar,2856,2037,1810,880,40,202,false,50.8,138.0,0.56
1863,246200,Piepmatz,5332,4018,3550,1910,61,194,false,54.3,138.0,0.56
1026,23908,Metromania,22531,14842,13957,3749,265,750,false,48.5,137.8,0.56
1995,15157,Amazonas,1409,861,1858,752,10,112,false,88.3,137.3,0.55
1413,300226,Egocentric World,5183,3308,3657,1223,55,509,false,46.4,137.3,0.55
2403,396706,Massive-Verse: Fighting Card Game,555,335,423,151,4,101,true,33.1,137.1,0.55
1274,252997,Mapmaker: The Gerrymandering Game,38877,30525,16703,8415,505,1890,false,40.9,136.6,0.55
1120,185344,Dragon Keeper: The Dungeon,9302,3498,12744,2300,66,183,false,61.9,136.6,0.55
1663,370756,Diablo,4004,2618,1786,474,32,765,true,28.8,136.4,0.55
1929,385999,Forever Home,18873,15212,8432,4888,226,1056,false,43.3,136.0,0.55
1323,248430,Zener,5644,2990,4224,1173,34,422,true,63.0,135.9,0.55
1022,143484,Florenza: The Card Game,10155,8333,5095,2661,170,282,false,62.5,135.4,0.55
1390,84876,The Castles of Burgundy,3687181,3601544,262617,201588,44525,15396,false,29.8,135.3,0.55
1705,264647,Age of Civilization,49369,45023,11765,7786,735,2275,false,42.9,135.2,0.55
1106,204504,Outlaws: Last Man Standing,22498,14367,10140,3482,227,1264,true,53.5,135.2,0.55
1009,126239,Twin Tin Bots,15088,11294,11343,3945,206,958,false,54.2,135.2,0.55
1749,370193,Roll to the Top: Journeys,144927,132064,24530,15443,2081,4095,false,43.9,135.1,0.55
1513,27588,Zooloretto,23729,18585,14831,7402,255,1317,false,44.3,135.0,0.55
1004,148759,Time Masters,75581,69841,10551,4947,631,4931,false,29.3,135.0,0.55
1238,21790,Thurn and Taxis,301057,282680,39132,25681,3298,8076,false,30.6,134.9,0.55
2223,140934,Arboretum,18849,13750,13093,6833,166,262,false,55.5,134.8,0.55
1385,314503,Codex Naturalis,246753,230378,43470,31059,3620,7462,false,38.8,134.8,0.55
1649,365453,Look at the Stars,51595,43903,15449,7977,682,1858,false,45.3,134.1,0.54
1446,286096,Tapestry,348541,332618,49029,34956,4739,5283,false,34.0,134.0,0.54
1999,389185,Micro Midgard,558,275,636,165,2,40,true,47.5,133.3,0.54
1416,255692,New Frontiers,54956,45309,17008,10224,995,1406,false,44.9,133.3,0.54
2011,365742,Bacon,1735,1066,3016,1407,13,110,false,58.0,133.1,0.54
2236,429020,Paper World,17047,13774,8603,4447,213,520,false,42.9,132.8,0.54
1956,352454,Trailblazers,32353,25602,14787,7108,372,978,false,42.6,132.8,0.54
2401,408727,Catan New Energies,1716,933,2905,1061,14,97,false,74.1,132.7,0.54
1384,128621,Viticulture,350600,317323,99281,70556,7378,3687,false,54.3,132.7,0.54
1317,280041,Rolled West,8801,6142,5879,2485,98,392,false,45.3,132.7,0.54
1300,233867,Welcome To,248590,230314,41519,28530,4534,3784,false,36.6,132.6,0.54
2097,351515,Capybara'n'Capybara,4505,1951,4786,1174,22,147,false,52.6,132.4,0.54
1567,288775,Fairy Trails,52207,35723,23225,7949,538,4708,true,42.7,132.3,0.54
2271,408769,Propuh,2588,1284,2285,788,12,103,true,45.5,132.2,0.54
1971,411881,Gold’n’Crash,3499,2118,2898,1141,25,129,true,53.4,131.2,0.53
1113,63888,Innovation,107435,100958,10439,6619,1186,2048,false,26.8,131.1,0.53
2243,265736,Tiny Towns,32383,24299,23431,11817,277,627,false,44.0,131.0,0.53
1257,245643,Luxor,394516,378468,42757,28283,3385,16766,false,24.7,131.0,0.53
1804,356123,Turing Machine,17221,9046,6569,2692,187,426,false,49.6,130.9,0.53
1761,380728,Exit Strategy,15851,6843,16695,3486,98,386,false,46.2,130.8,0.53
2354,2181,Contract Bridge,805,576,611,298,13,114,false,55.4,130.7,0.53
1179,256589,Rallyman: GT,347656,320675,86109,49150,6168,6718,false,38.8,130.7,0.53
1419,284584,Troyes Dice,116898,110737,16483,10369,1666,3029,false,36.3,130.4,0.53
1166,128271,Ginkgopolis,26496,23481,9830,6082,407,992,false,45.2,130.3,0.53
1018,143519,Quantum,92519,80201,31763,17631,1352,2512,false,42.1,130.1,0.53
1615,361084,Yoxii,18218,14635,5199,2611,191,1010,true,30.0,129.3,0.53
1521,170216,Blood Rage,109648,98951,50502,33408,2112,1807,false,56.7,129.0,0.53
1222,300442,Trekking the World,61992,45604,37709,18100,704,1069,false,45.4,129.0,0.53
1636,368118,Hadron,7039,3739,3673,1002,49,552,true,30.3,128.8,0.53
2216,350933,The Guild of Merchant Explorers,86680,77646,18749,12376,1504,1097,false,43.3,128.7,0.53
1474,308500,Clash of Decks,235152,216054,29423,15329,2082,8468,true,28.6,128.6,0.53
1909,397393,Altered,1652706,1638851,58188,45783,12482,7372,true,24.7,128.4,0.53
1268,180680,Automobiles,54732,46836,20979,12448,1026,1720,false,51.5,128.4,0.53
1963,391834,SpellBook,34299,28238,11328,5800,464,860,false,35.9,128.2,0.53
69,118048,Targi,568591,527892,76887,45613,4749,16552,true,27.3,128.0,0.53
2145,402125,Umbrella,28786,25045,10968,6954,435,525,false,43.8,127.8,0.53
1659,295486,My City,64225,42164,32679,15110,522,1283,false,42.5,127.8,0.53
2387,433908,Gatsby,17519,13590,8052,4248,196,239,true,43.0,127.7,0.53
1930,391255,Open Season,4935,3677,3772,1759,47,207,false,75.1,127.5,0.53
2438,447254,Azure,2164,1563,1110,543,14,221,true,41.8,127.2,0.52
2411,441731,Moonlight: The Land of the Wolves,1413,894,1171,509,8,92,true,41.8,127.2,0.52
1800,251412,On Tour,27089,22185,14439,7799,316,903,false,45.6,126.8,0.52
1394,,Splendor,9531927,9298059,741223,608230,126944,37284,false,28.8,126.8,0.52
2137,361186,Giraffe Raffe,7507,4781,4418,1596,85,819,false,38.7,126.7,0.52
1245,121297,Fleet,35575,28172,14805,7577,511,1660,false,43.3,126.6,0.52
2405,447583,Viva Catrina,19250,17292,7285,4906,362,549,false,51.7,126.5,0.52
1148,204583,Kingdomino,542080,511952,61893,41177,7022,4705,false,28.9,126.3,0.52
1345,31730,Chicago Express,7122,5578,6001,3497,125,244,false,64.4,126.0,0.52
1557,344425,Hydroracers,2770,1380,3662,1341,18,169,false,43.7,125.9,0.52
2294,419669,Panda Rei,2634,1585,3147,1444,17,71,false,44.7,125.8,0.52
38,13308,Niagara,34266,24181,38856,16265,433,1953,false,64.5,125.7,0.52
2030,263918,Cartographers,263749,247867,32078,20972,3816,2299,false,31.8,125.2,0.52
16,37628,Haggis,103359,94285,16146,7866,875,10266,false,29.1,125.1,0.52
2238,336934,Love Links,486,324,396,174,5,63,false,65.6,125.0,0.52
33,54043,Jaipur,180193,160263,32485,20198,2274,2744,true,33.1,124.9,0.52
2542,,Ticket to Ride Maps,6469,5449,2401,1359,123,165,false,39.7,124.6,0.52
18,42215,Tobago,71293,57136,35301,18424,810,7376,false,45.6,124.3,0.51
1746,236457,Architects of the West Kingdom,78678,68136,38312,26538,1430,4248,false,50.5,124.2,0.51
1275,147151,Concept,147300,47800,211568,43671,726,1750,false,66.6,124.2,0.51
1858,271529,Botanik,26974,22963,6673,3673,353,1326,true,38.9,124.0,0.51
2256,115370,Cuttle,1204,661,833,288,10,146,false,44.4,123.9,0.51
2224,393880,Biomes of Nilgiris,1278,952,907,537,16,58,false,85.8,123.6,0.51
2277,436045,Savanna Ten,710,352,738,286,4,47,false,48.6,123.4,0.51
1936,400266,Boreal,22202,15801,9962,4579,212,617,true,35.5,123.4,0.51
2289,339789,Welcome To The Moon,90919,80301,20940,13166,1692,879,false,40.6,122.5,0.51
2309,42499,1000,1186,996,518,293,19,241,false,36.9,122.4,0.51
2333,8203,"Hey, That's My Fish!",5777,3277,5040,2118,29,92,false,59.4,121.6,0.51
1626,238656,Tiny Epic Defenders (Second Edition),6464,2380,7460,1415,35,318,false,200.0,121.4,0.51
1861,340816,101: the match,17656,15032,6586,3975,235,566,true,35.3,121.2,0.51
1528,305841,Tiny Farms,8729,6410,5213,2519,93,311,false,42.1,121.1,0.51
1227,9217,Saint Petersburg,855195,840456,47739,34776,6186,13196,false,20.1,121.0,0.51
1,822,Carcassonne,14263128,13961403,988690,738842,98791,40248,false,20.6,120.9,0.51
2240,349082,Kingscraft,7160,5661,3443,1948,100,185,false,54.4,120.7,0.5
1756,265118,Legend Raiders,8062,6482,3784,2045,100,277,false,40.6,120.6,0.5
1076,88594,Eruption,95072,66742,76673,26907,944,4153,false,37.4,120.5,0.5
1738,367662,Applejack,153185,143908,20254,13533,1724,2956,false,27.7,120.4,0.5
1010,2448,Kalah,370734,311326,58101,30625,3939,24546,true,28.5,120.4,0.5
1833,290236,Canvas,57837,41177,41410,20194,553,596,false,51.4,120.2,0.5
2212,417334,Choconnect,5793,3941,2533,1050,49,1099,false,28.4,120.1,0.5
1358,14186,Bao la Kiswahili,13384,12644,1758,825,105,3181,true,22.9,120.0,0.5
2404,446426,Mystling Academy,269,137,252,61,3,77,true,67.5,119.6,0.5
1035,54321,Evo: The “Game no Name”,118,91,73,30,2,74,false,96.3,119.6,0.5
1472,108018,Japanese (Riichi) Mahjong,4545,3777,5944,3524,104,332,false,73.9,119.5,0.5
64,10,Elfenland,79029,61179,47489,21639,892,4085,false,44.4,119.4,0.5
2080,315021,Strawberry Sunset,1087,640,1001,373,8,159,false,67.5,119.2,0.5
1335,155987,Abyss,209903,190317,57366,37131,3116,4153,false,36.9,118.8,0.5
2162,425428,Survive The Island,56316,45479,36989,20064,834,1435,false,45.0,118.5,0.5
1243,4583,Pinochle,2946,2015,1108,517,46,277,false,38.3,118.5,0.5
2339,334065,Verdant,52888,47523,14553,9555,800,842,false,37.0,118.4,0.5
2054,416952,Onda,1315,943,1333,678,12,144,false,52.0,118.1,0.5
1656,328565,Caper: Europe,42562,34103,14505,7546,461,1819,true,36.5,117.6,0.5
1801,250442,Crypt,4613,2626,5794,2154,22,101,false,56.4,116.9,0.49
2259,434293,Blast Radius,1166,862,585,252,10,307,true,39.0,116.8,0.49
2293,435810,Legions,8217,6115,5172,2402,95,196,true,56.4,116.7,0.49
2028,399941,River of Gold,34261,29456,15208,10087,568,805,false,44.3,116.0,0.49
2138,28738,Kamon,68918,60478,12874,8472,1084,1890,true,30.4,115.9,0.49
1601,282475,Gangsta!,14675,12438,4505,2323,182,1354,false,32.9,115.9,0.49
1236,21763,Mr. Jack,147398,105027,48214,21174,1395,2313,true,32.6,115.9,0.49
2175,416552,Stalk Exchange,14371,10676,8742,4300,183,280,false,40.6,115.7,0.49
1327,255029,Verona Twist,8655,5448,5463,2319,51,348,true,36.7,115.6,0.49
1228,267378,Chakra,3183607,3156773,63981,48187,14197,31762,false,15.0,115.6,0.49
1449,,Dodo,20603,9543,13180,2869,142,805,true,36.3,115.3,0.49
1127,194594,Dice Forge,581623,546679,76425,45092,6020,6710,false,25.2,115.3,0.49
2427,429580,Skirmish: Battle for Draconia,661,386,502,160,6,60,true,61.7,115.1,0.49
1586,227466,Break the Code,462976,421905,41461,24184,5322,9663,false,29.6,115.0,0.49
1545,318556,Tucano,61620,52132,20185,11430,813,1671,false,37.0,114.9,0.49
2020,347218,Dickory,1464,844,1012,388,10,54,true,37.7,114.6,0.48
1774,380105,Get on Board: Paris & Roma,12193,10094,5967,3230,145,1335,false,36.4,114.5,0.48
1003,123540,Tokaido,369581,310759,144553,73624,6666,9530,false,40.4,114.4,0.48
1807,25462,German Whist,1478,732,1011,332,5,70,true,79.5,114.2,0.48
1932,394306,Le Roy des Ribauds,18197,12795,4611,2318,230,809,true,35.8,114.0,0.48
1783,309105,Sagani,142313,136604,14890,11366,2012,3995,false,26.8,113.5,0.48
1687,365211,Cosmos: Empires,12088,9628,4804,2106,172,1313,false,31.5,113.5,0.48
2400,438523,Tsukuru Ten Ten,1045,668,916,365,9,107,false,52.4,113.2,0.48
2146,368173,Let's Go! To Japan,107068,96711,24461,14614,1794,1411,false,33.9,113.0,0.48
1745,380165,Next Station: Tokyo,119729,100440,34445,19213,1883,1252,false,34.5,113.0,0.48
1757,380178,OASIS New Hope,10244,8337,4774,2546,135,579,false,39.6,112.7,0.48
1635,266192,Wingspan,7363790,7214654,376885,287490,56009,10017,false,18.6,112.6,0.48
2506,446519,Miams,7218,6537,2583,1781,121,219,false,37.5,112.4,0.48
1536,309886,Worldwide Tennis,14935,12894,4885,1910,161,688,true,24.0,112.4,0.48
1885,399757,Linx,32426,25584,14131,7524,400,1195,false,37.9,112.3,0.48
2421,402676,Cities,7425,5891,5698,3554,79,167,false,56.1,112.1,0.48
2134,402324,Eternitium,33736,29270,10851,5932,523,1175,false,32.0,111.7,0.48
1873,366013,Heat: Pedal to the Metal,43545,37637,27186,18141,1206,653,false,53.5,111.6,0.48
1839,340541,Wizards of the Grimoire,57297,43706,14531,5586,578,2574,true,27.4,111.5,0.48
39,681,Quarto,588837,426529,139842,70223,6521,6037,true,35.0,111.4,0.48
1380,,Pingimus,31458,14797,35765,10574,452,1186,false,51.3,111.3,0.48
1175,180974,Potion Explosion,249649,228786,33029,20032,3654,3767,false,27.6,111.2,0.47
1006,142615,The Jelly Monster Lab,14168,6709,15909,3230,105,399,false,53.9,110.9,0.47
2031,373636,Takenokolor,128360,118665,25947,17496,2041,3160,false,31.0,110.6,0.47
1473,288254,Simplicity,13401,9922,9219,4418,163,480,false,41.1,110.5,0.47
1758,368465,Qawale,40115,29715,15648,7287,432,880,true,30.1,110.3,0.47
1503,205398,Citadels,93289,82157,43407,24496,1336,2210,false,34.5,110.2,0.47
1225,107529,Kingdom Builder,250220,240033,17157,10766,2736,4270,false,21.3,110.2,0.47
1012,54321,8 Masters' Revenge,45671,41058,8779,4178,509,3728,true,27.7,110.1,0.47
2173,2955,Mexica,1217,785,1745,926,6,72,false,170.0,110.0,0.47
1594,271324,It's a Wonderful World,2222121,2183288,118115,95030,21319,10278,false,21.2,109.8,0.47
1541,352818,Twin Palms,5075,3523,4382,2113,44,195,false,56.8,109.7,0.47
47,54137,Battle Sheep,303733,204479,154383,61650,2816,4189,false,35.1,109.5,0.47
2196,387514,Stonespine Architects,41949,35887,16019,10143,662,1865,false,37.0,109.4,0.47
1409,303672,Trek 12,391088,372233,43098,30524,5221,24054,false,25.9,109.3,0.47
1940,264241,Mandala,57355,48190,13804,7919,835,1354,true,34.3,109.2,0.47
2171,322685,Rumble Planet,500,293,682,303,7,58,false,117.9,108.9,0.47
1163,161417,Red7,221757,176491,101547,48524,2302,4397,false,30.4,108.9,0.47
1831,358669,12 Chip Trick,7646,5168,7815,4003,55,186,false,43.1,108.8,0.47
1530,296044,Fruit Picking,103123,87743,25215,11998,1449,1397,false,29.5,108.8,0.47
1865,351476,My City: Roll & Build,61349,54280,16442,9410,755,3957,false,30.1,108.7,0.47
1497,275044,Glow,64748,56256,20703,12103,1057,4167,false,34.8,108.3,0.47
1830,393352,Perfect Words,52495,34744,24750,10108,692,777,false,190.5,108.2,0.47
1023,156566,Lords of Xidit,35740,30561,28536,17544,755,1333,false,52.7,107.5,0.46
2391,362366,Junk Drawer,4294,2500,3058,1482,28,77,false,52.6,107.3,0.46
1105,211533,Veggie Garden,18473,9448,17502,4253,118,579,false,40.9,107.2,0.46
1697,353543,Lost Seas,82195,76359,15677,10917,1102,4468,false,29.7,106.8,0.46
1764,382960,Line It,67344,61815,12967,8562,971,2717,false,30.0,106.6,0.46
37,70919,Takenoko,2768585,2644996,380324,267354,33965,23875,false,25.9,106.6,0.46
1628,284435,Nova Luna,413131,401478,28706,22659,4840,13555,false,22.6,106.5,0.46
2040,387015,Spring Cleaning,2186,1786,1354,815,42,201,false,48.3,106.3,0.46
2082,424219,Zenith,145132,136812,21261,15222,2510,2057,true,29.9,106.0,0.46
2356,419130,HUTAN: Life in the Rainforest,25767,23300,6417,4523,466,923,false,33.4,105.7,0.46
1467,230802,Azul,24223331,23987365,746082,614869,148635,28365,false,14.8,105.6,0.46
1404,240835,Bug,20863,14957,6519,2624,265,662,true,30.7,105.6,0.46
1531,42,Tigris & Euphrates,43924,38036,18679,11867,957,1677,false,44.9,105.2,0.46
1743,161614,Stockpile,10849,6825,11321,5693,77,320,false,46.0,105.1,0.45
1030,105265,Battle of LITS,264809,204508,72904,29165,2604,3999,true,25.5,104.9,0.45
2340,437301,Ink,40472,37273,8225,4995,610,852,false,28.9,104.7,0.45
2045,283482,Zookeepers,3178,2029,3054,1323,19,176,false,43.4,104.7,0.45
1587,216428,Seikatsu,53084,46181,11171,5985,819,2134,false,31.1,104.3,0.45
2013,416832,Khiva,8247,6462,5472,3026,110,216,false,38.6,104.1,0.45
1735,365698,Rainforest,76811,72448,11670,8489,1272,1862,false,29.3,103.6,0.45
1560,10630,Memoir '44,484014,458932,39812,25577,5048,4905,true,20.9,103.5,0.45
2419,449437,Medu,605,349,416,139,5,108,true,96.2,103.3,0.45
2365,429477,The King of the Woods,6441,4069,5436,2139,34,156,false,39.7,103.3,0.45
2066,414107,Ratjack,19967,15710,11921,6488,222,899,false,32.5,103.3,0.45
2057,403754,Middle Ages,100371,92453,24754,17050,1766,2129,false,30.7,103.2,0.45
1704,371922,Rauha,69753,65271,13746,9568,1130,2236,false,30.3,103.2,0.45
1648,366456,My Shelfie,264698,246249,50693,32689,3566,4188,false,27.9,102.9,0.45
30,108745,Seasons,244640,236425,16553,10313,2413,3594,false,18.4,102.8,0.45
1826,388539,Quibbles,42957,37118,12478,5934,423,4967,false,27.4,102.6,0.45
1725,20551,Shogun,4713,3754,5680,3512,93,214,false,74.5,102.6,0.45
1752,344839,Dog Lover,76089,65071,16725,8684,1133,3242,false,28.0,102.3,0.45
7,6249,Alhambra,689911,647019,119658,78162,11417,7665,false,28.3,102.2,0.45
10,28143,Race for the Galaxy,16214734,16118825,250920,185408,44689,52126,false,10.1,101.1,0.44
1928,392197,GrumbleStone,18341,15352,5883,2899,215,2619,false,24.7,100.5,0.44
1283,72667,Mijnlieff,39033,32743,8108,4375,507,2098,true,24.4,100.4,0.44
1854,256960,Pax Pamir: Second Edition,39911,36092,16389,11427,919,2108,false,41.5,100.2,0.44
1583,353799,Rolling Pins,16895,12722,8719,3203,214,583,false,35.7,99.9,0.44
1933,385529,The Vale of Eternity,239536,225269,44653,33312,3760,3158,false,28.0,99.5,0.44
2199,417323,Panda Spin,16215,13640,8127,4653,242,945,false,35.3,99.4,0.44
1597,251433,Yokai Septet,10312,7198,6161,2961,137,324,false,35.5,99.1,0.43
2035,414317,Harmonies,1468810,1407118,149839,114950,23601,4447,false,24.2,99.0,0.43
1312,296420,Bids,5707,4138,5186,2402,94,1325,false,39.7,98.5,0.43
56,125618,Libertalia,222290,199606,87620,49321,2734,7864,false,27.6,98.3,0.43
1848,381278,Dracula vs Van Helsing,103511,79251,29453,14385,1226,2154,true,33.6,98.2,0.43
1845,37904,Formula D,8877,7704,4747,3195,281,385,false,49.3,98.0,0.43
75,67185,Sobek,142239,132433,25980,17140,1864,3438,false,24.3,97.9,0.43
2372,413737,Beyond,4589,3509,2948,1518,47,257,false,31.5,97.7,0.43
2244,434654,Toy Battle,328307,310605,37279,26821,5181,2424,true,26.9,97.4,0.43
1934,404041,Flowers,162792,158366,12293,9421,2174,2796,false,22.2,97.3,0.43
2371,420061,Yaxha,9260,7341,5243,2772,124,156,false,35.1,97.1,0.43
1506,339107,Kmakici Family's greatest teatime,9189,3459,8628,1927,60,140,false,38.3,97.0,0.43
2014,417487,Tapas,2136,780,1743,456,3,46,true,40.3,96.6,0.43
1667,346057,Don't Go In There,12873,6670,14897,4505,76,374,false,35.0,96.5,0.42
2132,387769,Kiri-ai: The Duel,6666,2468,3586,782,42,276,true,39.9,96.4,0.42
2250,421232,Captain Tsubasa: The card game,21743,19444,5391,2579,250,808,true,23.4,96.2,0.42
1550,346747,Pier 18,5198,3444,3430,1321,52,348,false,33.9,96.1,0.42
1136,148205,Penny Press,7970,5847,7770,3617,153,239,false,53.0,96.1,0.42
1897,341358,Donuts,133947,104017,24857,12237,1447,2324,true,22.2,95.9,0.42
1802,379629,Knarr,250309,239161,33891,26012,4322,5483,false,27.7,95.8,0.42
1429,329641,King of the Pitch,3521,2059,3426,1080,26,365,false,32.5,95.8,0.42
1129,220276,Guildes,14437,9372,12635,5361,200,919,false,38.1,95.3,0.42
1421,300367,Boomerang: Europe,25982,21733,12011,7147,443,976,false,36.9,95.2,0.42
34,85005,The Boss,116857,94518,67570,37523,1668,3448,false,35.2,95.2,0.42
2177,426509,the itty bitty card game,1289,718,1039,425,9,88,false,56.7,95.0,0.42
1510,115,I'm The Boss,4940,776,9473,1278,5,74,false,86.4,94.7,0.42
2194,379153,Pacifica,2026,1537,877,458,22,237,true,38.8,94.6,0.42
1172,6688,99 (trick-taking card game),11151,8930,7004,3216,99,2634,false,30.3,94.3,0.42
2264,399368,Bunny Drops,1199,861,909,373,8,304,false,29.1,94.1,0.42
2374,447243,Cardia,30738,26687,11139,7432,411,308,true,30.3,93.1,0.41
1422,300369,Boomerang: USA,14109,11094,8082,4807,211,514,false,34.8,93.1,0.41
1720,25182,24/7: The Game,23241,21148,4224,2630,315,1186,false,22.8,93.0,0.41
2376,418388,Stem & Branch,273,146,355,149,2,43,false,97.7,92.8,0.41
1902,383790,Romi Rami,45358,41324,11715,8412,770,669,false,27.6,92.6,0.41
1289,247160,Dinosaur Tea Party,28553,16169,30702,10049,365,639,false,44.3,92.1,0.41
1984,350185,Draft & Write Records,159200,153338,16418,12826,3023,2670,false,23.2,92.0,0.41
1680,312959,Rallyman: DIRT,14161,11813,7527,3856,244,577,false,34.4,91.8,0.41
1215,131199,Soluna,139843,42200,46014,9735,300,4628,true,14.1,91.8,0.41
21,116975,Diam's,26015,20628,10025,3413,300,1369,false,25.5,91.6,0.41
1889,353152,Framework,140778,132343,16204,10319,1875,4917,false,20.6,91.3,0.41
1152,251060,Saint Poker,51986,24066,47700,11509,423,1000,false,33.2,91.3,0.41
2079,421255,Batalla de Coronas,589,337,494,157,3,62,true,51.5,91.2,0.4
2073,17104,Canasta,56430,52802,5996,4124,794,1973,false,21.3,91.2,0.4
1246,308532,Illustori,61996,22871,85775,29028,119,297,false,52.3,90.9,0.4
1192,121015,Tea Time,50893,36785,21952,10346,770,1333,false,30.2,90.5,0.4
2016,40692,Small World,83012,73427,27114,15107,1497,1609,false,28.3,89.8,0.4
2267,400756,Wizards Cup,10931,7147,7229,2858,108,214,true,31.3,89.7,0.4
1996,364277,Stonks,1261,632,1829,776,4,48,false,102.9,89.5,0.4
1248,284083,The Crew,361371,272926,163442,69478,4934,8254,false,127.6,89.4,0.4
1330,118497,Trick of the Rails,3819,2558,4816,2074,29,288,false,34.3,89.3,0.4
1099,150599,Takara Island,19169,12599,10826,4131,223,1275,false,33.3,89.3,0.4
1921,348447,Hens,21428,17774,7842,4003,216,1445,false,23.7,89.0,0.4
1568,332173,Robots Ate Our Pizza,7287,2482,7643,1334,37,443,false,200.0,88.9,0.4
1759,53330,Ticket Gagnant,8277,6301,5682,2774,93,869,false,27.8,88.3,0.39
1689,361241,Vaalbara,80346,71464,23729,14952,1347,1478,false,27.5,88.2,0.39
2002,415108,Crisps!,6092,4374,2135,896,75,325,true,24.5,88.0,0.39
1310,264055,Draftosaurus,417084,368570,94285,64210,9404,5096,false,30.7,88.0,0.39
1266,173346,7 Wonders Duel,12546645,12233678,430710,328687,96032,63709,true,14.4,87.9,0.39
1767,6941248,Volto,23310,17800,7000,3611,271,1493,true,25.1,87.8,0.39
1770,375567,All In,756,359,1083,343,2,43,false,123.0,87.5,0.39
2306,18121,Cassino,1015,750,515,273,15,93,false,34.7,87.4,0.39
1722,221965,The Fox in the Forest,27829,20401,13052,6121,266,1464,true,23.9,87.1,0.39
1223,210008,Off the Rails,39193,29368,17758,6607,485,2002,false,22.8,86.9,0.39
1490,222643,The Lady and the Tiger (Doors),9129,3878,6380,1550,50,218,true,32.3,86.6,0.39
2347,428058,Up or Down?,2335,1644,2216,1187,11,71,false,34.4,86.5,0.39
1375,29073,Uptown,19714,16454,9509,5593,352,1135,false,30.2,86.5,0.39
1316,297129,Jekyll vs. Hyde,128804,88235,50148,20697,1290,3474,true,25.6,86.5,0.39
2280,381501,Falconry,893,502,745,250,11,110,false,38.5,86.3,0.39
2276,284653,Mind MGMT,10346,6371,7572,2808,98,247,false,31.6,86.2,0.39
2186,395512,Bunny Boom,3719,1420,5524,1352,8,210,false,33.1,86.1,0.39
1199,182116,Dingo's Dreams,78576,56661,37675,14841,923,1655,false,26.8,86.1,0.39
2325,437334,The Hanging Gardens,17247,14533,7018,4080,264,322,false,28.8,85.6,0.38
2117,452404,Naishi,42146,37351,8271,5417,671,1330,true,23.8,85.0,0.38
1698,32288,Dou Dizhu,9386,3229,4324,1155,52,443,false,26.9,84.6,0.38
1167,133473,Sushi Go!,247307,224560,58489,35044,4268,6368,false,22.9,84.5,0.38
1456,259708,Diced Tomatoes,38513,30158,15767,5817,470,2686,false,21.3,84.4,0.38
1900,14996,Ticket to Ride: Europe,2265726,2159706,211286,144471,29307,9306,false,17.9,84.2,0.38
1982,414639,Qu4to,2302,1523,2026,1013,18,141,false,54.5,84.1,0.38
1945,411875,Pixies,98545,94358,14367,11137,1610,1823,false,21.3,84.1,0.38
1383,30549,Pandemic,31655,11781,15736,3101,237,693,false,137.2,83.9,0.38
2373,440843,Moonshine,14812,12857,5268,3226,250,501,false,26.4,83.8,0.38
2229,423667,Monster Hex,870,402,991,369,6,51,false,47.5,83.5,0.38
1477,337784,Number Drop,80688,69187,20590,10087,939,4971,false,20.9,83.5,0.38
2119,406852,Bauer,1244,797,1068,474,13,167,false,24.1,83.4,0.38
1542,9209,Ticket to Ride,15054505,14818171,569286,451605,117155,20214,false,13.6,83.2,0.37
1170,299556,Exploration: Warzone,4044,1272,5055,788,13,140,false,26.5,82.9,0.37
1229,280107,Kami,66515,43948,27204,9917,928,1975,false,27.2,82.8,0.37
51,87288,Cinco,99378,80647,29080,17214,1685,2340,false,26.5,82.5,0.37
2246,400265,Cake Master,3714,2770,2340,1141,43,428,false,24.2,82.3,0.37
2184,428457,Refuge,34235,30467,9438,5571,543,1213,false,25.1,82.3,0.37
1518,347702,Las Vegan,8199,5467,8189,3666,79,414,false,29.7,82.3,0.37
2083,63975,Mountain Goats,229912,212715,43847,29882,4071,2588,false,22.1,82.2,0.37
1224,65244,Forbidden Island,135854,61159,95254,23734,1043,2989,false,140.9,82.0,0.37
2448,438417,The Last Droids,1856,1202,2001,953,4,51,false,25.3,81.2,0.37
1639,18103,Tiến Lên,2437,1004,1032,337,25,272,false,26.8,80.9,0.36
1207,191925,Bandido,97454,72290,23302,8859,1181,1343,false,163.2,80.8,0.36
1483,324856,The Crew: Mission Deep Sea,291983,222493,100629,37321,3406,5432,false,104.1,80.7,0.36
1563,358790,Farm Club,48477,43104,13435,7748,651,1453,false,23.3,80.6,0.36
1561,192291,Sushi Go Party!,319845,253239,126028,63072,6048,6961,false,26.1,80.4,0.36
2342,437781,Digit Code,128869,120411,19629,12371,2600,869,false,23.1,80.2,0.36
2192,349131,Splitter,14339,10986,6863,3785,203,365,false,27.3,80.2,0.36
1976,383459,Aurum,532,352,1006,562,3,94,false,54.3,80.1,0.36
1665,334717,Tranquility: The Ascent,63553,44489,10972,3675,635,2144,false,200.0,79.8,0.36
2393,441788,TEKKEN – the Board Game,3406,2196,3157,1313,27,109,true,62.3,79.5,0.36
1706,,Mod Ten,6325,4215,2848,741,55,1200,false,20.2,79.5,0.36
1684,306182,Bandada,8478,6153,4247,1839,79,408,true,22.3,79.3,0.36
1954,387378,MLEM: Space Agency,35009,25628,27226,14951,382,506,false,27.5,79.2,0.36
1558,202582,Trellis,30448,25385,9097,4457,408,3161,false,23.1,79.1,0.36
62,129050,P.I.,250180,220533,66859,42996,4260,8479,false,24.7,79.1,0.36
1835,11582,Schnapsen,8227,6969,1364,766,109,514,true,19.8,79.0,0.36
1791,379625,Elawa,57776,54220,10683,7055,922,1981,false,20.5,78.7,0.36
2012,345972,Cat in the Box: Deluxe Edition,62820,51938,37705,22211,830,2920,false,22.9,78.4,0.36
1739,224122,AVES,1744,1053,1624,702,9,76,false,53.5,78.4,0.36
1307,267314,My First Castle Panic,38227,29547,12124,3799,225,11919,false,165.8,78.4,0.36
1218,284229,Butterfly,353196,320355,53023,34083,5624,7079,false,19.5,78.0,0.35
1576,347013,Get on Board: New York & London,88172,78965,24013,15063,1463,1253,false,23.4,77.8,0.35
1102,193122,Stir Fry Eighteen,136267,106234,47550,23991,2057,1438,false,25.9,77.8,0.35
1476,268620,Similo,426691,321909,91146,48536,6722,40483,false,193.3,77.2,0.35
1616,313822,Tic-Tac Match,93836,56431,27838,9736,980,2573,false,23.1,77.1,0.35
1083,192343,Bubblee Pop,175582,166440,12187,7102,2050,2457,true,14.2,77.0,0.35
2174,29355,Knister,45023,39388,10352,6206,646,1343,false,21.1,76.8,0.35
1470,236905,Castles of Caleira,8784,5235,4943,1769,65,440,false,26.5,76.8,0.35
1790,370139,DIG UP Adventure,53686,47039,12433,6292,582,4447,false,17.8,76.1,0.35
1015,98778,Hanabi,5327195,5033710,230253,121831,22715,33371,false,64.6,76.1,0.35
2098,438594,Odicey,2555,1921,953,317,10,1440,false,19.9,75.8,0.35
2109,406854,Odin,111749,105496,21846,16093,2182,1123,false,22.0,75.7,0.35
1333,286081,Herrlof,7950,4820,5118,1845,65,313,false,25.1,75.7,0.35
55,152359,Machiavelli,345683,330476,22088,13407,2980,17329,false,12.6,75.7,0.35
1592,205597,Jump Drive,263285,246252,18858,11468,2712,9122,false,15.1,75.5,0.34
68,94891,Kabaleo,44187,20939,34011,9305,272,489,false,22.6,75.5,0.34
2273,400297,Sfynx,656,228,658,106,5,124,false,190.1,75.3,0.34
1907,190950,Inverted Dice,3617,2783,1606,798,36,698,false,18.3,75.2,0.34
1769,158600,Hanamikoji,178866,159975,31763,19099,2151,4098,true,17.4,75.2,0.34
1272,294235,Crime Zoom: A Dirty Objective,23461,1152,45638,1101,8,763,false,34.8,74.9,0.34
1232,305980,A Fistful of Gold,11626,6060,7544,1932,80,414,true,18.1,74.9,0.34
2185,359961,Pentaquest,8937,7125,5480,2783,125,442,false,28.0,74.5,0.34
1734,355739,Tang Hu Lu,15305,12352,5444,2489,193,813,false,21.1,74.5,0.34
2232,411872,Bower,1998,1144,1439,583,10,71,true,21.9,74.4,0.34
1692,253759,Paint the Roses,70076,46277,29757,11508,906,1113,false,178.7,73.9,0.34
1998,414816,Road to 300,4491,2540,2993,982,38,238,false,22.8,73.8,0.34
1895,362700,Biomos,76784,68842,17777,11668,1223,2872,false,19.3,73.3,0.33
1406,332944,Sobek: 2 Players,203702,178695,25617,15438,2687,5797,true,17.7,73.3,0.33
1313,172933,Dragonwood,59533,47211,23291,13012,830,1004,false,21.8,73.3,0.33
2069,306032,Cookie Addict!,3182,766,3179,453,5,57,true,49.9,72.7,0.33
1412,172081,Burgle Bros.,224444,151877,52627,13519,1663,3909,false,118.1,72.6,0.33
1573,274960,Point Salad,121128,108383,28439,18179,2123,1783,false,20.1,72.4,0.33
2407,183006,Qwinto,116513,107988,23913,16856,2377,1056,false,20.1,72.1,0.33
1514,302280,Shifting Stones,512058,475866,65490,40410,6551,7016,false,16.7,72.0,0.33
2292,241164,Jurassic Snack,15832,11193,5387,2091,185,692,true,20.7,71.8,0.33
1393,17240,That's Life!,65144,54281,27178,13227,823,3706,false,19.8,71.8,0.33
1188,258723,ToeShamBo,141692,97811,25912,11459,1867,2449,true,19.5,71.2,0.32
1872,12131,42,528,353,739,410,3,101,false,48.1,71.1,0.32
1191,75668,Whist 22,81294,73716,23872,16538,1593,4475,false,22.5,70.9,0.32
1816,218530,Tortuga 1667,2594,1034,5287,1716,21,69,false,29.5,70.5,0.32
2058,413948,Festival,59493,54695,11209,7209,948,1014,false,17.3,70.4,0.32
1431,353921,Legends of Hellas,14076,7291,8832,2075,89,1624,false,165.9,70.1,0.32
1606,307002,Regicide,19720,13485,5405,1953,289,825,false,200.0,69.8,0.32
1025,158899,Colt Express,267419,188490,218066,101598,3342,5791,false,26.4,69.7,0.32
1719,378082,Bamboozle,3501,1700,1596,430,30,337,true,21.0,68.9,0.31
1505,13328,Chromino,261906,237475,52638,23820,2788,4593,false,13.5,68.9,0.31
2272,432451,Symbiose,152543,144307,22101,16473,2870,3218,false,19.3,68.8,0.31
1544,257836,Narabi,13539,8054,10330,2928,147,1330,false,200.0,68.8,0.31
1712,375440,61 Autumn leaves,86892,82739,13076,9599,1562,1615,false,17.8,68.7,0.31
1402,319793,Happy City,517446,468461,98861,65016,9451,6913,false,19.5,68.7,0.31
1357,,Sparts,3527,2302,2444,1387,73,249,false,39.9,68.4,0.31
1295,212027,Balloon Pop!,18730,9042,21521,5292,102,512,false,20.3,68.4,0.31
1428,242302,Space Base,3271018,3226811,129613,105608,27736,19606,false,12.3,68.3,0.31
2140,425685,Dice Mission,1500,972,1419,610,16,194,false,27.1,68.2,0.31
1424,146130,Coin Age,2260,1088,1766,468,16,182,true,19.2,68.2,0.31
1949,395846,Mojo,97222,92502,9385,6232,1371,2439,false,14.6,67.5,0.31
1221,1403,Turn the tide,40266,26924,39832,21131,557,1046,false,30.0,67.1,0.31
1959,411050,Goblin Hood,2072,879,2892,784,6,50,false,35.6,67.0,0.31
1669,341530,Super Mega Lucky Box,320869,303060,40493,29336,5834,2864,false,17.0,66.8,0.31
1824,15878,Rummy,352717,340494,19849,14834,4436,2340,false,12.7,66.6,0.31
2135,420385,The Yellow House,5752,3304,4572,1730,36,110,true,25.7,66.4,0.31
1690,355881,Cubosaurs,44970,30137,25685,11775,619,461,false,24.0,66.4,0.31
1539,13,CATAN,6434378,6359907,505109,426347,90014,7632,false,14.9,66.3,0.31
1347,281417,Hoarders,31583,17533,27741,12133,321,417,false,30.8,66.3,0.31
1751,352515,Trio,134128,109873,52876,35683,3363,1365,false,28.7,66.1,0.31
1533,254640,Just One,194359,136751,145793,74113,4988,2216,false,112.7,66.1,0.31
2454,446637,Matchstick Tycoon,1609,675,1862,634,6,55,false,16.8,65.9,0.3
2053,416851,Castle Combo,1144283,1111455,99923,76769,16141,4644,false,14.9,65.9,0.3
1255,296167,Boomerang: Australia,58941,49522,22994,14110,1140,1537,false,22.2,65.6,0.3
1555,116858,Noah,50729,42472,19733,11299,820,957,false,18.8,65.3,0.3
2303,424152,Orapa Mine,31286,26016,7675,4086,514,1022,false,20.7,64.8,0.3
2049,233961,Claim,9263,6356,4463,2208,92,416,false,18.3,64.8,0.3
1979,143882,HUND,1074,540,1408,594,3,29,false,55.5,64.8,0.3
1024,102148,Noir: Killer versus Inspector,191372,84116,43684,10570,1506,1576,true,17.7,64.8,0.3
1938,220517,The Shipwreck Arcana,27537,20785,7821,2311,231,9873,false,167.2,64.5,0.3
1836,4376,Kings in the Corner,61597,54723,9563,5563,971,1479,false,14.2,64.3,0.3
2004,311031,Five Three Five,4068,2961,2538,1317,59,227,false,23.7,64.2,0.3
1523,317299,Loco Momo,402233,388678,25390,16726,3931,14281,false,11.8,63.8,0.3
1570,359878,Splito,24042,19915,15570,9243,421,1542,false,20.8,63.7,0.29
1340,288513,Tranquility,333877,270332,56615,27920,4420,8053,false,135.1,63.6,0.29
1772,402126,Pocket Cats,113976,75358,34696,11408,1245,1971,true,15.8,63.5,0.29
2041,383452,Lunar,650,309,1050,406,2,37,false,38.0,63.1,0.29
1386,276042,Conspiracy,426487,413209,28883,19906,4361,14481,false,12.0,63.1,0.29
2384,449185,FlipToons,17088,14956,7070,4727,273,483,false,22.1,63.0,0.29
1742,372559,Spots,340886,299884,68464,40800,5113,2436,false,16.3,63.0,0.29
1562,299544,Exhibition: 20th Century,30084,28098,6978,4614,620,689,false,17.8,62.7,0.29
2239,338920,Hamsters vs Hippos,716,325,940,257,3,74,false,45.9,62.2,0.29
1590,352375,Baby Dinosaur Rescue,77330,60125,19081,6751,768,8889,false,200.0,62.2,0.29
2039,375659,Fibonachos,1104,476,1554,492,3,35,false,28.0,62.1,0.29
1278,286062,Haiclue,121286,69705,103252,41614,2060,1897,false,25.4,61.9,0.29
1111,2425,Battleships Pencil & Paper,547540,348266,204024,76245,4866,6468,true,16.2,61.9,0.29
1183,308357,Con Sonar!,8806,6286,5198,1486,101,1074,false,15.5,61.1,0.28
1782,307450,The Number,18202,13438,17067,8923,260,497,false,23.7,60.8,0.28
1452,216497,District Noir,121732,104588,21778,12116,1443,6225,true,13.6,60.7,0.28
1899,8089419,Bloxo,19643,15891,5673,3216,300,577,false,17.6,60.5,0.28
1810,19971,Toepen,1999,523,1309,314,5,52,false,37.2,60.5,0.28
1133,11733,Briscola,179474,156094,48009,27240,2090,5869,false,14.1,60.5,0.28
2147,,King of Tokyo Duel,204785,178448,31425,16515,2748,3045,true,14.2,60.4,0.28
1611,38984,MOW,14931,10919,11842,6725,157,272,false,21.9,60.4,0.28
1376,184346,Go Nuts for Donuts,258001,201945,115785,67971,5054,991,false,20.6,60.4,0.28
1244,274037,Solar Storm,26369,12040,15435,3263,202,585,false,109.3,60.3,0.28
2328,172309,Monster Trick,631,347,935,448,2,32,false,77.3,60.2,0.28
1498,152,Mü,1004,744,901,553,25,268,false,27.6,59.9,0.28
2046,420793,Dicy Cards,51146,44073,15044,8439,716,1365,false,14.0,59.6,0.28
1939,172225,Exploding Kittens,87095,72694,29477,14789,1268,3316,false,17.2,59.6,0.28
1631,367220,Sea Salt & Paper,3213116,3157565,154239,122565,35467,9669,false,11.6,59.6,0.28
1153,20528,Palace,70630,57339,12652,4788,583,3072,false,11.0,59.5,0.28
1842,231567,Now Boarding,95776,67063,16226,5473,853,4345,false,88.9,59.3,0.28
1126,,Hypnosia,40088,30367,20502,5661,506,2497,false,16.4,59.3,0.28
1253,138788,Dungeon Roll,231906,203879,44686,19582,2040,9532,false,12.0,59.2,0.27
1765,13597,Big Two,16137,8368,8147,2440,175,850,false,19.8,59.1,0.27
2201,357989,Quartz: The Dice Game,2567,2073,1986,1149,69,215,false,23.3,59.0,0.27
1197,6974,Barbu,21012,15765,9210,5321,491,730,false,19.6,58.9,0.27
1014,54321,Koryŏ,9263,7679,2213,932,114,658,false,14.0,58.8,0.27
2,5782,Coloretto,418448,377513,110842,73980,7257,8749,false,16.1,58.7,0.27
1204,118247,Lucky Numbers,7760002,7603023,303483,234120,62521,47946,false,10.0,58.6,0.27
2222,420862,LUZ,17010,15417,10253,7486,394,304,false,22.8,58.3,0.27
27,125028,Color Pop,513967,451751,84280,40675,4713,16959,false,11.1,58.1,0.27
1906,2394,Dominoes,205475,190833,30459,14511,1541,8273,false,10.1,57.5,0.27
23,66171,Dragonheart,401628,364114,41067,20744,3843,12267,true,10.9,57.1,0.26
1958,407627,Cheez-Tricks,2646,1642,2642,1189,23,95,false,20.4,57.0,0.26
1868,385761,Faraway,1831604,1801068,96536,75637,17100,14760,false,10.2,57.0,0.26
1353,329640,Detective Poker,3956,2196,4943,1656,37,237,false,25.4,57.0,0.26
1368,444,Hugo,170529,133388,80628,45855,3246,1719,false,20.4,56.7,0.26
1825,368294,Wastelandia,2060,1219,1566,534,20,197,false,90.9,56.3,0.26
1282,18946,Just Desserts,396683,351976,50960,25981,3943,8619,false,11.0,56.2,0.26
53,2397,Backgammon,300150,291422,19241,14746,3473,4022,true,10.2,56.2,0.26
2286,33964,Shokoba,686,513,629,325,4,127,false,9.4,56.0,0.26
2157,427063,Ekko,12441,9621,5952,3277,171,347,false,18.2,55.9,0.26
1397,18399,Sevens,44256,25609,23463,5908,583,1264,false,20.4,55.9,0.26
1195,215311,Downforce,371615,344912,86269,59079,7272,6083,false,14.8,55.8,0.26
1776,377515,Mind Up!,45641,41953,18539,13290,1118,1134,false,21.1,55.7,0.26
2378,435323,15 Jours en France,2073,1696,1310,759,26,135,false,22.1,55.6,0.26
2388,424198,Jewel Box,726,468,829,398,5,43,false,17.6,55.5,0.26
1439,70323,King of Tokyo,314522,292489,54965,32458,5150,4437,false,13.2,55.3,0.26
58,45,Perudo,68518,37181,51446,16808,858,1689,false,20.5,54.8,0.26
1262,300936,Via Magica,418723,394971,49981,33755,4796,10931,false,11.0,54.3,0.25
1351,259310,Sheep Boom Bah,18374,9240,9051,2838,196,744,false,15.3,53.9,0.25
1304,189489,Grand Bazaar,4792,3158,5054,1713,29,411,false,18.8,53.8,0.25
1947,320718,Hidden Leaders,19891,14587,15081,7665,287,564,false,21.8,53.7,0.25
1621,110260,Roll'n Bump,242758,230205,27739,18108,3312,5976,false,11.2,53.7,0.25
1154,6819,Skat,41265,35016,7524,4020,525,3665,false,12.6,53.7,0.25
2284,436217,The Fate of the Fellowship,16739,6523,16943,3868,98,1175,false,64.0,53.3,0.25
2000,149869,Sherlock 13,27710,18201,9998,4081,354,1868,false,14.5,53.3,0.25
1314,208766,13 Clues,234030,186132,80704,46738,5812,4025,false,21.0,53.3,0.25
1260,7475,Hand and Foot,474084,459448,17479,10787,2847,11740,false,7.4,53.3,0.25
2439,448482,Jokerball,596,407,410,188,4,136,true,49.6,53.2,0.25
1797,360747,Skate Legend,10330,7924,5590,2584,126,606,false,13.8,53.2,0.25
1714,376574,Splash Down,3278,1742,3763,1241,23,178,false,17.6,53.2,0.25
1210,245476,CuBirds,7178973,6931878,466501,320836,63526,24458,false,9.6,52.8,0.25
2034,419262,Mega Jackpot,24777,18918,13291,6681,290,796,false,17.9,52.6,0.25
1194,20533,President,131891,103919,108891,47087,2763,2446,false,20.9,52.5,0.25
1763,1269,Spite and Malice,100911,97793,4373,3216,1125,2702,false,9.0,52.4,0.25
1448,,Mascarade,14998,5866,30466,9495,64,205,false,29.6,52.1,0.24
1187,29223,Marrakech,432995,360905,178906,108080,7033,4575,false,16.5,52.1,0.24
1970,407297,River Valley Glassworks,93178,83695,20700,14483,1771,1075,false,15.1,51.8,0.24
2501,422732,Agent Avenue,4227,3111,1838,1090,38,223,true,15.7,51.7,0.24
1604,313442,Pugs in Mugs,24890,17474,12846,5334,300,1066,false,15.6,51.7,0.24
1925,387248,Unrest,3757,2287,2212,828,28,359,true,15.8,51.2,0.24
1779,17521,Golf,282084,258417,24041,13938,3466,3941,false,10.7,51.1,0.24
1918,393325,Captain Flip,1763159,1724563,90501,70125,20637,17404,false,9.7,51.0,0.24
1271,13337,Solo Whist,5801,4631,2309,1609,175,432,false,20.3,51.0,0.24
2323,441764,Scratch and Catch,70750,66186,8341,5369,1295,2335,false,12.0,50.5,0.24
2300,266722,Rumble Nation,26148,21821,11699,7053,427,1456,false,16.7,50.4,0.24
2047,359499,Pescado Novo,2355,1856,1361,748,29,281,false,17.6,50.4,0.24
1178,73365,Papayoo,85071,82311,14318,10982,2308,2766,false,14.0,50.3,0.24
1299,12942,No Thanks!,309060,180053,215970,75983,5409,4768,false,18.8,50.2,0.24
1237,215,Tichu,282238,278081,31805,25785,4805,7948,false,10.3,50.2,0.24
1392,112598,Monster Factory,65118,44658,34709,13080,731,1234,false,13.3,49.9,0.23
2180,311702,Piratas!,911,475,1059,441,3,55,false,26.5,49.7,0.23
1905,57536,Hachihachi,835,573,1195,611,13,193,false,17.1,49.5,0.23
1451,213953,Pyramid Poker,11555,8059,5369,2536,122,476,true,12.7,49.3,0.23
1471,329845,Stella – Dixit Universe,140639,106272,96940,52927,3439,4015,false,19.9,49.1,0.23
2270,431304,Mythicals the boardgame,35555,30574,8939,5228,550,805,true,13.9,49.0,0.23
1780,41247,Mia,12453,3296,5917,1145,79,199,false,20.0,48.8,0.23
1525,344268,The Mother Road: Route 66,6404,4771,3777,1696,96,646,false,14.2,48.8,0.23
2364,359970,Challengers! Beach Cup,5244,4363,2831,1768,110,211,false,18.1,48.6,0.23
1213,236639,Flaming Pyramids,275991,231776,63364,34770,4981,5494,false,14.3,48.4,0.23
1305,15878,Liverpool (Cozy Oaks) Rummy,37919,34999,3066,1628,341,2950,false,8.3,48.1,0.23
1985,366327,Nacho Pile,5441,2900,6248,1824,42,192,false,14.3,47.5,0.22
2078,152162,Diamonds,1453,875,1664,744,11,97,false,12.4,46.5,0.22
1813,172998,Mighty,2180,749,738,181,31,213,false,13.8,46.5,0.22
1775,221053,Hawaiian Hanafuda,6226,4513,1826,703,64,769,false,10.3,46.4,0.22
1485,217547,Can't Stop Express,684520,645002,67024,43591,9316,13773,false,9.7,46.3,0.22
2386,150145,Skull King,28216,26233,14832,11196,832,372,false,18.6,46.1,0.22
1036,40213,Nile,47654,41717,11062,5517,764,1980,false,11.7,46.0,0.22
1647,369336,Herd,11172,8365,3899,1234,107,2755,true,10.4,45.9,0.22
1762,382194,The Great American Fox Hunt,1893,937,1416,498,19,139,false,14.0,45.8,0.22
2043,415780,Lure,25193,17963,13579,6830,310,370,false,15.0,45.7,0.22
1707,379110,SETUP,128719,123005,10107,7064,1673,5260,false,9.1,45.1,0.21
1991,371787,Cradle to Grave,3584,1576,2797,867,27,114,false,15.5,44.7,0.21
1109,131357,Coup,330514,232170,181697,93357,8034,3655,false,18.2,44.7,0.21
1937,400508,Word Traveler,9814,2905,9261,1912,18,124,false,111.5,44.3,0.21
1254,,Oh-Seven,23264,10522,8080,3042,277,800,false,15.2,44.1,0.21
1711,352238,Turncoats,5470,3401,4735,1897,44,275,false,13.2,44.0,0.21
1990,357991,Dobro,16337,11648,9407,4393,213,248,false,13.4,43.9,0.21
9,50,Lost Cities,1217263,1180527,57055,40665,9577,9702,true,6.7,43.9,0.21
2433,372,Schotten Totten,42220,38547,9796,6356,769,390,true,11.7,43.3,0.2
1241,592,Spades,208221,203899,19829,15978,2817,9730,false,8.1,43.1,0.2
1185,212436,Big Time Soccer,15522,10909,9727,2742,153,990,true,10.3,43.1,0.2
2254,435652,Easy Peasy,188389,178059,21253,13378,2708,2479,false,9.2,43.0,0.2
1181,269146,Yokai,101015,55643,40080,10869,723,5483,false,105.2,43.0,0.2
2367,434683,Verso,44244,40910,9924,6934,864,920,false,12.3,42.8,0.2
1426,302260,Abandon All Artichokes,146049,134866,16839,8907,1817,4494,false,8.5,42.5,0.2
1037,22501,Four Color Cards,44534,40568,7265,2973,285,12510,false,7.1,42.4,0.2
1342,175,Vulture Culture,171782,86533,101008,37688,1884,745,false,15.5,42.1,0.2
1070,1116,Oh Hell!,417855,393184,65087,41470,6273,10524,false,9.3,42.1,0.2
2197,418954,Dédale,19471,6106,9335,1841,123,268,false,121.0,41.8,0.2
2165,434906,Tag Team,29995,26152,8707,5430,523,318,true,11.0,41.8,0.2
1190,15722,Coinche,349357,345191,16976,14904,4294,8379,false,6.9,41.5,0.2
2033,416557,Circle Of Life: on the Savannah,642,385,769,355,2,35,false,25.0,41.4,0.2
1556,5451,Minhwatu,38698,32006,8005,3013,387,3813,false,8.0,41.1,0.19
1855,25574,Gin Rummy,174784,161269,10928,7114,1962,3646,true,7.7,40.9,0.19
1438,102104,Star Fluxx,87281,63974,31814,10550,856,2255,false,8.9,40.9,0.19
2350,436400,Abra Chadabra,48094,43715,10762,7272,956,1617,false,10.9,40.8,0.19
1681,359970,Challengers!,104593,99600,19314,14010,2591,1254,false,10.9,40.2,0.19
24,9220,Saboteur,348783,246267,357409,155855,6515,5803,false,13.8,40.2,0.19
2168,428317,Kado,61047,55495,13433,8402,1017,2234,false,10.0,39.9,0.19
1682,,Seotda,9008,1273,5033,612,21,196,false,16.3,39.7,0.19
1119,3347,Solo,245160,216268,56682,26360,4149,4023,false,9.6,39.1,0.18
1336,258,Fluxx,386105,316007,84358,30059,3298,6372,false,6.9,38.9,0.18
1662,10816,Blackjack,92821,45254,52309,13460,667,3801,false,10.4,38.8,0.18
2104,387388,Nanatoridori,177316,162441,31271,20152,3457,2084,false,9.5,38.3,0.18
1634,320275,Ghost At Home,52341,37499,16155,5190,607,1849,false,9.0,38.0,0.18
2074,402337,Expressions,3650,1542,2706,665,28,237,false,155.5,37.1,0.18
2497,453906,Strategic Reserve,285,150,252,73,3,67,true,19.7,36.9,0.17
1146,172,For Sale,476447,439256,128924,87366,10267,20020,false,9.6,36.7,0.17
1417,,EpiZodiak,4158,3459,2277,1118,67,491,false,12.0,36.6,0.17
2241,306500,Queen of Scots,2281,2096,632,452,36,653,false,9.7,36.5,0.17
1532,88900,Yaniv,18642,14911,3577,1519,183,3104,false,7.9,36.5,0.17
1795,101425,Cucumber,10151,3844,8061,1768,90,331,false,14.4,36.4,0.17
2025,403133,Festi’vibes,1898,1088,2206,852,16,93,false,16.7,36.2,0.17
1575,366915,Hoola,8801,3922,2992,821,66,1119,false,9.6,36.1,0.17
1685,369434,None Shall Pass!,34735,22297,14829,5457,412,3561,false,56.3,36.0,0.17
1992,17530,Go-Stop,36507,30100,6113,2513,361,2595,false,7.4,35.9,0.17
1463,285892,Boss Quest,20512,10319,12574,3508,169,485,false,11.2,35.7,0.17
1377,321928,Penalty Challenge,15977,10643,11211,3143,138,674,false,8.2,35.7,0.17
2036,415836,Slide,75240,68569,21771,15213,1343,1113,false,9.6,35.5,0.17
1331,1115,Poker Texas Hold'em,156227,134698,58845,34687,3087,1298,false,9.6,35.5,0.17
1817,285040,Open Face Chinese Poker,41970,38634,4532,2824,520,2029,false,7.2,35.2,0.17
1657,366129,Gang of Dice,42998,33628,22201,12567,562,1299,false,11.4,35.2,0.17
1078,175117,Celestia,134029,101436,167629,103514,2176,898,false,15.9,34.9,0.17
1834,20240,Écarté,2748,1659,1303,342,28,319,true,8.0,34.3,0.16
1489,15889,Scopa,205802,191795,21680,13117,1952,7536,false,5.7,34.1,0.16
1141,194879,Not Alone,121509,88271,98532,48835,2609,1499,false,12.1,34.1,0.16
1140,32346,Tock,292995,284660,14323,10167,2835,6223,false,5.2,34.1,0.16
1132,181390,Buttons,348494,325012,43008,21882,3700,11216,false,6.7,33.9,0.16
11,41,Can't Stop,19513180,19381259,2108792,2030972,217195,1643161,false,6.8,33.9,0.16
1520,346703,7 Wonders Architects,2429182,2366894,133024,105906,29228,13414,false,6.1,33.8,0.16
1294,568,Rage,55774,46431,19346,9240,1021,3233,false,9.1,33.8,0.16
2302,430345,Cookie Battle,251,177,485,255,3,46,false,56.0,33.0,0.16
2362,433285,Crazy Corgi,3041,1813,1902,772,22,348,false,10.3,32.7,0.16
1633,7682,Go Fish,30606,15728,15510,4610,281,939,false,9.1,32.4,0.15
1373,13350,Nain Jaune,10599,9120,3226,1898,159,390,false,7.6,32.3,0.15
1285,,Phat,205,142,85,51,6,103,false,8.4,32.1,0.15
1214,2398,Cribbage,181132,166983,14038,9376,2321,4295,false,6.3,31.8,0.15
2204,425254,Ninjan,16782,12983,6809,3059,240,963,false,8.8,31.5,0.15
2346,411543,My Shelfie: The Dice Game,76822,71472,16735,11842,1625,485,false,9.2,31.4,0.15
2248,437052,Churn,1579,1012,963,309,16,325,true,9.8,31.2,0.15
1415,29351,Durak,35723,20238,9382,2628,330,951,false,7.6,31.0,0.15
1325,,The Nine Domains,1153,285,1243,155,2,86,true,15.9,30.7,0.15
1778,19957,31,27132,19017,8335,3361,423,696,false,7.8,30.0,0.14
2482,8766280,Booty Dice,547,351,521,227,4,45,false,9.0,29.9,0.14
1371,92415,Skull,312833,123530,251375,78671,3206,853,false,15.6,29.9,0.14
1952,411255,Solstis,413453,400946,18187,12723,4009,5019,true,4.4,29.4,0.14
1328,287084,Oriflamme,251293,224548,71662,43349,5448,3870,false,8.2,29.4,0.14
61,11865,Koi-Koi,384018,350593,27704,14081,3185,10945,true,4.5,29.4,0.14
1838,6901,Euchre,55368,51039,8944,5462,877,4142,false,6.6,29.0,0.14
2348,118215,A.E.R.O.,10754,9274,3966,2606,170,341,false,8.8,28.8,0.14
1350,241245,Get the MacGuffin,13003,7162,8944,1958,155,2342,false,8.5,28.7,0.14
1730,378010,Color Flush,17322,11773,12448,5839,275,398,false,11.9,28.5,0.14
1799,334986,Daybreak,18866,11224,6385,2013,236,580,false,62.7,28.3,0.14
2042,419705,Golfie,15066,12158,6159,3138,249,482,false,8.5,27.7,0.13
1972,2136,Ludo,54203,39441,24351,7402,646,2212,false,6.2,27.4,0.13
1980,404798,Auntie Mildred's list of random tasks,605,202,729,118,2,48,true,200.0,26.3,0.12
1499,347086,Lady's Choice,6937,2931,6582,1554,43,419,false,7.8,24.5,0.12
1206,127024,Room 25,74828,27575,83779,17836,620,1140,false,10.0,24.5,0.12
1771,225694,Decrypto,55199,38689,40216,18681,1529,2926,false,7.7,23.9,0.11
1296,172235,Schrödinger's Cats,199240,128682,81300,29899,3445,10401,false,7.3,23.5,0.11
2498,429439,Amoriax,283,191,210,86,2,101,true,41.8,22.1,0.11
49,2243,Yahtzee,16028771,15551112,1054043,735589,111915,52098,false,3.0,21.2,0.1
2017,404233,Forks: 2nd Edition,4724,2608,3211,1338,30,240,false,6.6,20.9,0.1
1728,328211,Vegetable Stock,5057,3284,3879,1959,54,107,false,7.1,20.4,0.1
1435,288920,Fai-fo,2807,1730,3845,1757,23,182,false,8.0,20.2,0.1
1096,37759,Incan Gold,398077,294979,233348,149922,10908,1522,false,7.9,20.2,0.1
1564,180938,Ice and the Sky,10655,3264,9310,1599,48,127,false,40.1,20.0,0.1
54,2399,Senet,120675,113742,14011,9014,1373,4408,true,3.7,19.5,0.09
1069,15722,Belote,37549,37382,5649,5446,1440,958,false,5.2,19.1,0.09
1219,26468,Klaverjassen,11598,9319,3269,1708,186,1692,false,4.0,18.5,0.09
2452,415054,Piña Coladice,29602,27009,8098,5850,524,356,false,4.9,18.0,0.09
1189,101723,Hungarian Tarokk,7573,7327,1129,772,135,1532,false,3.9,17.3,0.08
1559,5451,Roppyakken,61058,56571,4746,2083,406,3467,false,2.1,17.1,0.08
1407,11017,Crazy Eights,12727,7599,5027,1849,124,862,false,3.9,17.1,0.08
1203,101420,99 (addition card game),291658,222204,108851,53385,4613,3930,false,4.9,17.1,0.08
2258,9851,Shut the Box,21423,16459,6398,2922,325,1041,false,4.3,16.9,0.08
2087,324914,Inside Job,17902,12957,11461,5268,373,1174,false,5.3,16.8,0.08
1258,117663,Piraten kapern,213132,199499,24500,16543,3718,3559,false,3.6,16.4,0.08
1405,266083,LLAMA,556014,500591,120887,83159,12438,6237,false,4.0,15.0,0.07
1989,405530,Seven Knights Bewitched,714,340,1203,468,7,111,false,6.7,14.8,0.07
1116,154732,Ice Cold Ice Hockey,54995,51436,7609,2808,415,5734,true,1.9,13.1,0.07
1713,,Nylon-ppong,2169,1076,1193,304,15,366,false,2.8,12.5,0.06
1785,238510,Farkle,117528,96416,23877,12007,1742,2797,false,2.7,12.4,0.06
2249,322626,Àiyé,581,352,754,346,2,31,false,131.0,11.8,0.06
1524,325121,Trusis,2896,567,6015,977,26,68,false,5.7,11.5,0.06
1625,287821,Good Cop Bad Cop,13831,6316,14866,5377,271,423,false,3.9,10.8,0.05
2050,,The Last,1953,797,2244,632,13,54,false,5.1,10.3,0.05
1850,344114,Bag of Chips,82934,67441,27976,15640,1527,747,false,2.7,9.6,0.05
1709,341402,Zefiria,7583,3805,3710,659,46,888,false,21.8,9.6,0.05
2247,420087,Flip 7,337930,322643,94048,75478,10715,1302,false,2.9,9.4,0.05
1239,99875,Martian Dice,283238,258529,36296,21656,4264,9534,false,1.8,9.0,0.05
1789,16110,Cucco,3925,1509,3916,992,26,701,false,1.9,8.5,0.04
1085,162660,Secret Moon,40621,26037,47501,18331,1267,3107,false,2.8,8.0,0.04
1793,20525,Knockout Whist,4672,3054,2221,991,60,555,false,1.7,6.6,0.04
1644,354720,Art Thief,14524,4265,12313,941,48,869,true,3.4,5.4,0.03
2394,161882,Irish Gauge,748,488,1559,869,2,35,false,92.8,5.2,0.03
1425,337503,Cardiceo,172430,163924,13972,6837,1320,6626,false,0.6,4.6,0.03
2203,380135,Dead Cells,35034,7339,10461,1323,191,590,false,10.0,4.5,0.03
2003,288169,The Fox in the Forest: Duet,7218,2028,5421,840,28,191,true,5.4,4.1,0.03
1145,25821,The Werewolves of Miller's Hollow,99708,87414,77322,41037,2556,11943,false,0.6,3.6,0.03
2092,377470,Sail,16629,7260,13136,3494,71,499,true,3.0,3.1,0.02
2153,392471,Classified Information,1651,1252,699,180,5,909,true,0.2,2.0,0.02
1620,316632,La Marche du Crabe,11412,4310,7615,1822,54,194,true,2.1,1.1,0.01
1966,311715,Mini Rogue,20382,6789,8200,1425,141,214,true,0.8,0.5,0.01
1879,373106,Sky Team,62368,30081,16437,4500,569,963,true,0.3,0.2,0.0
2524,456430,Run Buster,749,491,490,201,3,207,true,0.0,0.0,0.0
2513,455209,420,1433,1098,694,342,12,293,true,0.0,0.0,0.0
2420,428024,River Rats,500,198,546,155,2,31,false,76.4,0.0,0.0
2131,419094,Dungeon Rummy,2223,994,2050,512,14,292,false,0.0,0.0,0.0
2129,273814,Deliverance,1570,789,1330,320,18,152,false,0.0,0.0,0.0
1892,400859,The way to Juliet,14775,6366,5630,810,81,2245,true,0.0,0.0,0.0
1781,10502,Poker Dice,28780,6235,17460,8164,2,4677,false,0.0,0.0,0.0
1582,233395,Coupell,5493,2479,3124,476,33,515,true,0.0,0.0,0.0
71,141019,Thermopyles,1183,218,1071,123,4,56,false,0.0,0.0,0.0
36,6887,Hearts,,,,,,,,,,
65,17691,Djambi,45,26,87,46,0,,false,0.0,,
67,140613,Gear & Piston,17,1,37,5,0,,false,76.4,,
1008,432,6 nimmt!,30,2,158,19,0,,false,200.0,,
1027,54321,Dark Agent,80,12,72,11,0,,false,200.0,,
1028,54321,Le Dernier Peuple,,,,,,,,,,
1065,54321,Hack Trick,,,,,,,,,,
1068,62809,Jump Gate,70,9,51,10,0,,true,200.0,,
1071,156576,Dragon Line,56,4,64,5,0,,true,200.0,,
1074,54321,KQJ,9,9,22,22,0,,false,181.6,,
1082,185769,Remember When,12,2,45,8,0,,false,200.0,,
1084,10789,Caribbean All Fours,16,15,35,31,0,,false,200.0,,
1128,13337,French Tarot,,,,,,,,,,
1131,68448,7 Wonders,40,4,140,17,0,,false,200.0,,
1160,290506,Finity,78,9,135,8,0,,true,15.5,,
1250,316581,Biyi,55,18,78,15,0,,true,42.4,,
1259,6912,Pedro,56,18,55,30,0,,false,27.6,,
1261,,Medo,112,44,113,25,0,,true,115.6,,
1263,4505,Grosstarock,12,9,20,15,0,,false,200.0,,
1320,3955,BANG!,,,,,,,,,,
1324,1465,Wizard,,,,,,,,,,
1332,,Lineae,5,1,10,2,0,,true,76.4,,
1363,332317,Blaze,23,10,47,17,0,,false,87.8,,
1364,279769,Queens & Kings... A Checkers Game,18,8,30,10,0,,false,200.0,,
1366,17103,Calypso,7,1,28,4,0,,false,76.4,,
1436,,Troggu,9,1,29,8,0,,false,76.4,,
1441,138091,Guile,121,6,192,6,0,,true,64.1,,
1443,337178,Factum,199,30,862,88,0,,false,75.5,,
1457,154537,Minnesota Whist,34,25,60,32,0,,false,157.0,,
1527,183150,Morocco,45,23,81,28,0,,false,200.0,,
1543,305211,Scriptoria,61,12,103,18,0,,false,0.0,,
1569,340813,Heckin Hounds,120,22,245,34,0,,false,0.0,,
1584,272821,Kingdoms,25,11,56,23,0,,false,0.0,,
1624,363050,Raubbau,19,1,64,4,0,,false,76.4,,
1642,366707,Quintus,4,1,20,5,0,,false,76.4,,
1646,356231,Megalomania,18,1,33,4,0,,false,76.4,,
1676,21954,Perikles,71,30,153,53,0,,false,147.9,,
1688,344101,Sasaki,53,33,66,22,0,,false,44.3,,
1691,373385,Coins,37,17,71,21,0,,false,200.0,,
1723,351494,TriATri,34,11,55,15,0,,false,0.0,,
1777,281676,Galactic Era,253,143,460,202,0,,false,68.3,,
1787,296960,Divercité,1031,353,1084,281,0,,true,66.6,,
1808,154252,Sergeant Major,207,119,203,101,1,38,false,50.8,,
1827,73073,Nap,415,93,336,66,1,27,false,25.4,,
1828,,Two-Ten-Jack,106,28,152,27,0,,false,0.0,,
1829,350759,Vault: A Solitaire Dice Game,194,111,198,73,0,,false,46.2,,
1869,357172,Ynaros Fallin,39,7,61,8,0,,true,200.0,,
1955,344958,Alakablast,664,133,1015,188,0,,false,13.3,,
1969,320097,ECK,,,,,,,,,,
1975,325038,The Brambles,,,,,,,,,,
1983,381860,Stigméria,115,32,175,25,0,,true,45.2,,
1986,287895,Grund,401,199,626,176,1,35,false,90.8,,
2018,,Nirds,534,220,436,125,1,32,false,186.5,,
2029,272595,Dance of Muses,539,170,830,170,1,36,false,77.9,,
2037,391985,Enemy Anemone,688,358,1141,436,0,,false,95.8,,
2067,403209,Belladone Bluff,141,33,212,29,0,,false,116.6,,
2068,414944,Park Life,1317,541,1782,507,1,32,false,50.1,,
2075,408753,Aniversus,29,3,52,4,0,,true,200.0,,
2081,402711,Blot,366,221,550,260,1,51,false,43.1,,
2093,315747,Persona Non Grata,38,10,74,15,0,,false,0.0,,
2102,329873,Grove,,,,,,,,,,
2103,373577,Forage,,,,,,,,,,
2106,245487,Orchard,,,,,,,,,,
2116,334590,For Northwood!,,,,,,,,,,
2148,420794,Safari Witness,455,78,715,73,0,,false,16.8,,
2172,411545,Sunrise Sunset,365,132,454,108,1,63,true,94.2,,
2190,352697,Resist!,,,,,,,,,,
2227,400943,Sneferu: Builders of the Pyramids,599,331,866,379,1,33,false,160.2,,
2237,40444,Livingstone,414,180,633,228,0,,false,71.7,,
2251,119782,Paikō,193,80,240,58,1,25,true,167.9,,
2281,384152,Dice Pyramid,,,,,,,,,,
2290,17779,Kaiser,195,82,229,79,0,,false,0.0,,
2297,425009,Monster Smash,457,221,558,182,1,57,false,0.0,,
2298,13337,Whist,322,178,401,174,1,37,false,83.3,,
2304,438649,Deck EXPRESS: Tennessee Central,293,168,353,155,1,33,false,51.1,,
2322,6817,Schafkopf,291,140,304,127,0,,false,59.4,,
2345,304949,Shock! Knights & Poisons,370,230,651,322,0,,false,14.2,,
2349,442328,The Nine sons of dragon,230,91,283,75,0,,true,170.9,,
2379,350468,Hội Phố (Second Edition),567,357,1028,535,1,44,false,30.9,,
2398,414349,Bebop,573,293,1001,413,0,,false,136.0,,
2406,419593,Pisanki,361,132,551,169,0,,false,81.7,,
2416,437384,Bohemians,453,258,622,266,0,,false,58.1,,
2429,432487,Trickarus,353,205,573,249,0,,false,0.4,,
2434,436794,Malabares,253,123,406,161,0,,false,0.0,,
2445,349750,Molly House,,,,,,,,,,
2459,392461,Asteria,222,57,273,49,0,,true,200.0,,
2467,450043,Olenon,29,4,77,13,0,,false,0.0,,
2474,430563,Popcorn,,,,,,,,,,
2493,443297,Map Masters,907,427,1305,483,1,26,false,114.2,,
2512,457476,Spirited,,,,,,,,,,
