num_players,num_matches,players_per_match,p_deterministic,elo_k,elo_scale,mean,std_dev,p00,p01,p25,p50,p75,p99,p100
1000,1000000,2,0.00000,0.00000,400,0.00000,0.00000,0.00000,0.00000,0.00000,0.00000,0.00000,0.00000,0.00000
1000,1000000,2,0.00000,0.00000,400,0.00000,0.00000,0.00000,0.00000,0.00000,0.00000,0.00000,0.00000,0.00000
1000,1000000,2,0.01000,0.02066,400,0.00000,0.44282,-1.36669,-1.03676,-0.29851,0.01103,0.29717,1.01630,1.51849
1000,1000000,2,0.02000,0.08885,400,0.00000,1.92970,-5.50039,-4.58259,-1.23562,0.03191,1.25848,4.56838,5.83277
1000,1000000,2,0.03000,0.15199,400,-0.00000,3.55574,-10.85998,-8.14491,-2.44893,0.03809,2.46450,8.00488,11.66648
1000,1000000,2,0.04000,0.27564,400,-0.00000,6.07470,-18.53315,-12.93669,-4.31200,0.18934,4.14792,13.51828,17.39111
1000,1000000,2,0.05000,0.38040,400,0.00000,8.85232,-24.45463,-19.99441,-6.64563,0.08805,6.47631,18.32899,23.56972
1000,1000000,2,0.06000,0.48979,400,0.00000,10.98594,-28.25873,-23.75481,-8.50362,0.16336,8.35023,23.40764,31.42082
1000,1000000,2,0.07000,0.58907,400,0.00000,13.48188,-36.97822,-28.11747,-10.22474,-0.08758,9.74284,27.73177,36.18735
1000,1000000,2,0.08000,0.69017,400,0.00000,15.86024,-41.44552,-34.70802,-12.09660,0.45840,11.87045,30.86468,38.94165
1000,1000000,2,0.09000,0.79699,400,-0.00000,18.24178,-43.89770,-36.29452,-14.06752,-0.67105,14.16866,38.23211,47.27482
1000,1000000,2,0.10000,0.89082,400,-0.00000,20.59515,-49.61681,-42.46099,-16.46658,0.03117,16.30517,40.69223,52.19765
1000,1000000,2,0.10000,0.87054,400,-0.00000,20.33301,-51.53000,-39.68758,-16.52830,-0.06088,16.72645,41.25831,55.32767
1000,1000000,2,0.11000,0.98715,400,0.00000,22.83975,-56.95837,-47.99529,-18.17765,0.34755,16.90983,46.78286,56.54319
1000,1000000,2,0.12000,1.08073,400,0.00000,25.18328,-62.19099,-48.43475,-20.43906,-0.26197,19.53685,52.71710,65.18511
1000,1000000,2,0.13000,1.21980,400,0.00000,27.63611,-73.01489,-55.60479,-21.60441,0.93903,22.49693,54.66599,67.90392
1000,1000000,2,0.14000,1.28872,400,0.00000,29.20910,-65.99154,-54.88487,-24.16355,0.87601,23.20146,56.90733,69.58758
1000,1000000,2,0.15000,1.38549,400,-0.00000,31.96814,-79.30598,-62.81746,-25.88215,-0.37881,24.86413,64.94997,73.81972
1000,1000000,2,0.16000,1.51761,400,0.00000,33.07475,-74.52156,-66.44265,-26.38735,0.96005,26.28035,62.52779,83.55890
1000,1000000,2,0.17000,1.57687,400,0.00000,36.70588,-80.93814,-71.87463,-30.64802,-0.11686,29.51848,68.40506,87.76801
1000,1000000,2,0.18000,1.70300,400,0.00000,38.43290,-83.46717,-74.55650,-31.09658,0.22447,32.14180,71.41495,86.05775
1000,1000000,2,0.19000,1.78406,400,0.00000,40.39910,-92.51483,-76.79352,-32.88827,0.20981,34.01757,79.13493,91.81120
1000,1000000,2,0.20000,1.89105,400,-0.00000,41.92985,-104.27714,-78.84677,-33.78329,-0.22578,34.88734,81.22289,97.79134
1000,1000000,2,0.20000,1.90849,400,-0.00000,43.13593,-96.43785,-80.90287,-35.30316,-0.21138,36.71360,82.49021,104.61756
1000,1000000,2,0.21000,1.97700,400,0.00000,45.47009,-106.00031,-87.39260,-38.64461,1.25928,37.77554,83.90483,121.23043
1000,1000000,2,0.22000,2.10793,400,-0.00000,46.63156,-113.80940,-90.99542,-37.78816,0.05586,38.33220,89.28121,106.51392
1000,1000000,2,0.23000,2.22670,400,0.00000,49.37697,-111.34119,-95.23855,-40.93613,-0.67396,40.62965,95.20949,119.17008
1000,1000000,2,0.24000,2.28075,400,-0.00000,52.50062,-121.15189,-99.29097,-41.24676,0.61174,41.80222,96.07987,127.52019
1000,1000000,2,0.25000,2.42100,400,-0.00000,54.12076,-121.81507,-102.39322,-43.16780,3.28905,45.51006,100.18129,113.05611
1000,1000000,2,0.26000,2.56211,400,0.00000,56.69806,-115.31673,-106.47942,-45.47667,-0.73559,45.40607,104.69610,122.89477
1000,1000000,2,0.27000,2.64240,400,0.00000,58.74227,-129.01316,-107.90900,-49.02575,-0.92765,49.20665,106.46920,135.57560
1000,1000000,2,0.28000,2.76400,400,0.00000,61.17285,-127.25194,-114.09219,-50.71340,-0.54687,50.48437,114.27885,139.38693
1000,1000000,2,0.29000,2.94442,400,0.00000,63.67641,-127.38611,-117.37772,-54.87537,0.33644,53.17845,116.33858,137.55594
1000,1000000,2,0.30000,3.07515,400,-0.00000,65.76487,-138.28154,-123.37896,-53.81991,0.46745,54.27023,125.52091,134.61123
1000,1000000,2,0.30000,3.06913,400,0.00000,64.94023,-141.91920,-123.92849,-54.20789,-0.38737,55.57134,116.01174,144.72734
1000,1000000,2,0.31000,3.16924,400,0.00000,68.84842,-175.82400,-129.12246,-58.01696,1.86592,55.90615,132.12148,165.30389
1000,1000000,2,0.32000,3.23313,400,0.00000,71.04986,-162.81272,-138.41665,-58.26463,0.33616,58.95074,133.60819,151.43040
1000,1000000,2,0.33000,3.48979,400,0.00000,72.84860,-157.04128,-137.96598,-59.99522,-0.82032,61.19233,135.22081,152.81063
1000,1000000,2,0.34000,3.55137,400,-0.00000,74.87820,-166.02040,-138.85583,-61.35716,-0.68984,61.08191,142.18221,174.14557
1000,1000000,2,0.35000,3.68598,400,-0.00000,78.21560,-188.00553,-147.20411,-62.58801,-3.11138,66.43540,144.83132,167.78450
1000,1000000,2,0.36000,3.77759,400,0.00000,80.89052,-155.41415,-141.12967,-66.61986,1.43148,69.53292,149.86429,163.33559
1000,1000000,2,0.37000,3.99904,400,-0.00000,82.82891,-165.92568,-145.91286,-67.20285,-0.00913,68.61774,156.28328,184.39369
1000,1000000,2,0.38000,4.12366,400,-0.00000,85.40004,-180.44448,-154.05200,-73.26036,-2.64047,72.90090,155.28926,177.01495
1000,1000000,2,0.39000,4.24235,400,0.00000,89.37181,-208.11190,-165.39288,-73.72743,0.71063,75.83795,168.63307,184.09610
1000,1000000,2,0.40000,4.49984,400,0.00000,89.93967,-178.27604,-162.15831,-74.26172,-1.68886,75.27019,174.48284,201.56130
1000,1000000,2,0.40000,4.45049,400,-0.00000,90.90458,-193.31579,-170.02386,-74.96174,0.61162,75.86620,169.59992,183.71801
1000,1000000,2,0.41000,4.59508,400,0.00000,93.41659,-205.33346,-177.88527,-77.99174,3.52358,75.74452,172.29345,187.44588
1000,1000000,2,0.42000,4.75131,400,0.00000,96.67268,-205.14881,-178.64657,-78.82865,-3.21210,78.78017,179.41959,211.72158
1000,1000000,2,0.43000,4.94991,400,0.00000,99.01417,-205.71791,-178.24834,-80.79022,0.00811,79.08628,184.67080,214.82916
1000,1000000,2,0.44000,5.14512,400,-0.00000,100.23174,-214.13180,-193.12773,-79.50912,2.22433,81.69835,190.08468,209.77202
1000,1000000,2,0.45000,5.30813,400,-0.00000,104.91420,-236.55073,-195.23710,-86.15006,-1.37847,83.99606,196.97689,215.82055
1000,1000000,2,0.46000,5.53054,400,-0.00000,106.64396,-226.00527,-194.24135,-85.22758,-0.14137,87.40326,194.28465,226.81271
1000,1000000,2,0.47000,5.64465,400,-0.00000,110.57072,-251.01672,-204.64277,-89.46341,-4.06441,92.25701,204.56489,238.87134
1000,1000000,2,0.48000,5.86672,400,0.00000,113.54252,-239.78330,-207.82916,-91.85371,-1.78751,92.40252,209.67571,232.99867
1000,1000000,2,0.49000,6.11092,400,0.00000,117.06906,-247.69572,-217.97442,-94.93776,0.34080,96.10679,212.33908,267.32973
1000,1000000,2,0.50000,6.30733,400,-0.00000,120.97483,-268.00976,-224.40567,-97.20556,2.30027,99.60623,228.49574,274.17185
1000,1000000,2,0.50000,6.22645,400,0.00000,120.35997,-248.15266,-223.38093,-99.56371,0.88843,97.36046,221.64744,265.65230
1000,1000000,2,0.51000,6.45757,400,0.00000,123.19746,-277.49708,-232.86350,-101.36624,-0.60759,98.73662,229.87293,281.39082
1000,1000000,2,0.52000,6.70777,400,0.00000,126.96990,-281.79196,-235.72228,-105.70521,0.65114,106.75456,235.46437,252.85340
1000,1000000,2,0.53000,6.97658,400,0.00000,129.97336,-280.15896,-243.84177,-106.14736,1.26059,106.12396,245.62020,299.08758
1000,1000000,2,0.54000,7.21689,400,0.00000,134.95169,-296.85093,-244.12147,-108.94083,-0.53194,109.13194,252.03453,281.35199
1000,1000000,2,0.55000,7.47285,400,-0.00000,136.97785,-298.28928,-259.19290,-111.93405,-0.21181,113.80228,249.56330,296.85993
1000,1000000,2,0.56000,7.66965,400,-0.00000,140.28961,-324.31996,-256.56839,-115.88698,-4.47485,117.66612,254.34252,300.25478
1000,1000000,2,0.57000,7.89375,400,0.00000,145.00670,-310.97920,-267.40907,-116.37630,-0.92385,115.96425,266.88575,310.17028
1000,1000000,2,0.58000,8.25140,400,-0.00000,147.06498,-332.47369,-270.31403,-117.74395,-0.63693,118.37245,268.49467,295.71386
1000,1000000,2,0.59000,8.52535,400,0.00000,152.68016,-329.44348,-286.35973,-123.93855,1.76385,125.34971,281.50056,324.36397
1000,1000000,2,0.60000,8.79177,400,0.00000,156.56897,-350.89534,-291.97515,-121.40646,-3.54362,129.14710,286.71812,325.81352
1000,1000000,2,0.60000,8.80772,400,-0.00000,155.05291,-320.02590,-283.60288,-128.67695,3.54180,127.44376,289.22282,342.62854
1000,1000000,2,0.61000,9.14914,400,0.00000,159.10282,-320.97657,-304.91096,-129.61999,-0.57182,132.75758,293.07238,351.41964
1000,1000000,2,0.62000,9.49116,400,0.00000,165.49738,-347.96173,-302.44663,-131.35708,-0.10960,138.32197,306.57349,345.06290
1000,1000000,2,0.63000,9.78347,400,-0.00000,170.71513,-370.56873,-319.46263,-139.68160,0.51963,136.97312,317.85409,392.66947
1000,1000000,2,0.64000,10.15943,400,0.00000,173.85577,-362.89015,-331.71607,-138.25984,-1.54274,139.89631,333.86078,362.25574
1000,1000000,2,0.65000,10.52802,400,0.00000,178.35029,-400.26942,-333.36471,-149.33697,0.88526,145.73627,333.72207,372.66213
1000,1000000,2,0.66000,11.03368,400,0.00000,183.92559,-402.92028,-352.71712,-140.90678,5.09350,153.11459,345.64875,380.38133
1000,1000000,2,0.67000,11.47957,400,0.00000,190.06981,-421.66497,-355.03181,-158.73900,-3.02574,148.59231,365.51964,404.57429
1000,1000000,2,0.68000,11.80859,400,-0.00000,196.38721,-406.98444,-366.95162,-159.91756,-4.35468,160.14029,368.20184,434.03515
1000,1000000,2,0.69000,12.17606,400,-0.00000,200.33316,-436.27166,-390.00978,-165.10530,-2.12210,158.82691,377.67409,426.41219
1000,1000000,2,0.70000,12.83454,400,0.00000,207.51861,-427.86934,-374.25480,-173.12652,-0.31592,161.26785,394.85311,447.38469
1000,1000000,2,0.70000,12.80484,400,0.00000,209.73568,-449.01837,-398.95661,-166.68011,-6.27447,171.60944,395.25349,455.88853
1000,1000000,2,0.71000,13.41878,400,0.00000,212.93373,-482.51839,-410.61987,-176.31207,3.49984,172.59161,406.20473,477.81901
1000,1000000,2,0.72000,13.79861,400,-0.00000,218.97316,-440.80631,-414.03701,-180.20287,5.38120,172.45682,426.90761,464.99397
1000,1000000,2,0.73000,14.44316,400,0.00000,223.57891,-510.39585,-421.18299,-178.67209,2.52960,180.57661,425.46828,459.47180
1000,1000000,2,0.74000,14.87637,400,0.00000,235.49977,-543.89097,-446.53208,-191.60331,-2.18233,194.86353,431.07422,512.54746
1000,1000000,2,0.75000,15.43155,400,-0.00000,241.14056,-529.54574,-467.42741,-185.52246,2.57467,196.36060,453.51654,505.86876
1000,1000000,2,0.76000,16.31800,400,0.00000,247.92826,-583.54619,-468.01879,-197.72849,-3.04349,196.30136,464.99019,552.52542
1000,1000000,2,0.77000,17.04795,400,0.00000,254.62392,-550.22445,-486.98934,-204.83758,1.14992,200.36787,487.34010,535.48498
1000,1000000,2,0.78000,17.71543,400,-0.00000,265.56226,-574.73158,-496.89689,-209.54263,-0.09186,215.02103,505.74838,598.39876
1000,1000000,2,0.79000,18.64244,400,0.00000,272.17821,-563.40804,-515.65892,-213.17438,-7.86408,215.96578,517.90786,595.59476
1000,1000000,2,0.80000,19.34619,400,0.00000,282.05472,-642.92088,-533.97842,-221.62840,-2.32604,222.37714,562.10495,616.68025
1000,1000000,2,0.80000,19.75232,400,0.00000,285.50505,-602.13221,-532.95302,-217.98503,-4.22022,227.85382,552.35922,620.33471
1000,1000000,2,0.81000,20.62214,400,-0.00000,296.83149,-624.69970,-570.11848,-225.43315,2.57982,230.23374,566.96093,622.82407
1000,1000000,2,0.82000,21.71159,400,-0.00000,309.58270,-679.06470,-592.80118,-254.22157,-1.76413,240.61429,584.79087,700.01293
1000,1000000,2,0.83000,23.02416,400,0.00000,321.66369,-680.36595,-607.90940,-252.76696,-10.76570,250.54995,613.85337,698.76799
1000,1000000,2,0.84000,24.26062,400,-0.00000,333.65765,-740.19842,-637.34461,-259.93517,2.04614,267.30302,630.90481,727.29471
1000,1000000,2,0.85000,25.74103,400,0.00000,346.11627,-738.32166,-667.80800,-276.95137,1.50633,274.80523,690.05891,775.18282
1000,1000000,2,0.86000,27.46976,400,0.00000,364.72888,-813.21766,-691.04336,-300.69528,-3.32622,286.14505,710.22991,787.55316
1000,1000000,2,0.87000,29.43981,400,0.00000,381.39351,-812.26541,-725.28935,-298.31309,3.97374,299.34506,761.42689,883.30727
1000,1000000,2,0.88000,31.84425,400,0.00000,402.07224,-912.41932,-799.38346,-317.70817,1.09207,318.19308,789.90050,838.45211
1000,1000000,2,0.89000,33.89852,400,-0.00000,427.36933,-989.41362,-823.67641,-332.03775,-12.61639,327.53186,833.68500,968.17242
1000,1000000,2,0.90000,36.61601,400,0.00000,453.58816,-948.52023,-884.97640,-349.78249,-3.20672,353.07299,871.03771,958.85493
1000,1000000,2,0.90000,37.15723,400,-0.00000,452.27970,-998.42723,-878.67151,-344.77625,-0.54715,346.31839,895.27543,1021.65198
1000,1000000,2,0.91000,40.32803,400,0.00000,479.15580,-1059.88726,-938.14761,-371.42010,12.50480,369.08343,918.49670,1077.72010
1000,1000000,2,0.92000,43.70637,400,0.00000,514.02649,-1156.56418,-1006.89148,-392.69286,5.14109,394.59668,1019.94176,1144.44780
1000,1000000,2,0.93000,49.45253,400,0.00000,554.00069,-1317.35354,-1097.59425,-432.36882,-1.07943,435.00137,1085.18825,1240.39358
1000,1000000,2,0.94000,55.81335,400,-0.00000,610.12077,-1316.39145,-1199.67609,-473.80323,-4.87870,470.62171,1155.47421,1346.28904
1000,1000000,2,0.95000,63.81272,400,-0.00000,678.71241,-1474.31820,-1337.34483,-499.53564,-13.48834,533.07995,1314.85052,1464.63470
1000,1000000,2,0.96000,75.58465,400,0.00000,770.40136,-1622.46394,-1504.86199,-589.91186,-2.75290,585.83572,1528.33561,1733.31044
1000,1000000,2,0.97000,91.61164,400,0.00000,900.31480,-2005.01393,-1809.61400,-688.84808,16.53784,701.30754,1773.57767,1967.79608
1000,1000000,2,0.98000,118.05780,400,-0.00000,1097.05771,-2474.43756,-2150.54072,-825.86431,8.50428,841.58371,2210.72517,2547.94702
1000,1000000,2,0.99000,164.66460,400,0.00000,1488.73355,-3466.28523,-2915.97104,-1143.94312,-12.57687,1142.56466,3064.15779,3314.79037
1000,1000000,3,0.00000,0.00000,400,0.00000,0.00000,0.00000,0.00000,0.00000,0.00000,0.00000,0.00000,0.00000
1000,1000000,3,0.00000,0.00000,400,0.00000,0.00000,0.00000,0.00000,0.00000,0.00000,0.00000,0.00000,0.00000
1000,1000000,3,0.01000,0.01304,400,-0.00000,0.29498,-0.91859,-0.62686,-0.20702,-0.00642,0.21453,0.66929,0.85263
1000,1000000,3,0.02000,0.10894,400,-0.00000,2.46113,-7.16443,-5.89319,-1.72529,0.07183,1.66408,5.50828,7.64257
1000,1000000,3,0.03000,0.21789,400,-0.00000,4.78473,-14.33512,-10.75278,-3.62411,-0.01369,3.39017,10.39171,13.96074
1000,1000000,3,0.04000,0.32065,400,0.00000,7.15267,-20.93986,-15.31383,-5.11947,0.38050,5.56518,14.98756,19.16668
1000,1000000,3,0.05000,0.42275,400,0.00000,9.70115,-28.00191,-19.64180,-7.27812,0.22021,7.45188,20.49514,24.60434
1000,1000000,3,0.06000,0.52910,400,-0.00000,12.11292,-31.30348,-24.22914,-9.27125,-0.38802,9.60649,24.91535,30.48609
1000,1000000,3,0.07000,0.63605,400,-0.00000,14.58857,-35.77885,-29.93604,-10.91599,-0.11391,11.53180,30.54101,41.00588
1000,1000000,3,0.08000,0.70210,400,-0.00000,16.33567,-37.99653,-32.14793,-12.91123,-0.00540,12.90810,33.11197,40.10675
1000,1000000,3,0.09000,0.82452,400,-0.00000,18.88098,-44.96867,-36.49980,-15.06215,-0.08716,14.55109,38.75996,44.29956
1000,1000000,3,0.10000,0.91105,400,-0.00000,21.47337,-47.06458,-42.50742,-17.91166,-0.37648,17.13681,42.52680,50.04736
1000,1000000,3,0.10000,0.91745,400,-0.00000,20.91946,-51.18164,-40.78242,-16.66742,0.75416,16.12747,40.33862,57.14615
1000,1000000,3,0.11000,1.00286,400,0.00000,23.32641,-58.74071,-47.93078,-18.61333,-0.32196,18.80047,44.27477,57.47912
1000,1000000,3,0.12000,1.09338,400,0.00000,25.43330,-59.42229,-51.09214,-21.08890,0.29187,20.06093,48.15401,57.87531
1000,1000000,3,0.13000,1.17884,400,0.00000,27.52418,-62.83399,-53.69074,-22.72051,0.01674,22.42484,51.79380,67.13163
1000,1000000,3,0.14000,1.28742,400,0.00000,28.90696,-65.24953,-57.01091,-24.31923,1.40581,24.14723,55.70216,63.84789
1000,1000000,3,0.15000,1.38507,400,0.00000,31.64219,-72.55768,-59.08259,-26.02744,0.71302,25.74437,60.63722,71.19260
1000,1000000,3,0.16000,1.48096,400,0.00000,33.37247,-75.08388,-64.26640,-28.82134,0.84482,28.44584,63.20880,76.99793
1000,1000000,3,0.17000,1.56938,400,-0.00000,35.87683,-76.11616,-63.79717,-30.49711,-0.55402,29.43913,68.59245,76.04814
1000,1000000,3,0.18000,1.67061,400,0.00000,37.57294,-83.08821,-71.57680,-31.12483,-0.18879,30.89105,69.61727,78.91084
1000,1000000,3,0.19000,1.80183,400,-0.00000,40.55770,-90.06357,-73.78760,-34.83388,-0.05805,32.35867,77.87509,91.34843
1000,1000000,3,0.20000,1.90197,400,-0.00000,42.36648,-89.68421,-78.28597,-35.34700,0.36724,35.58272,79.00777,92.22866
1000,1000000,3,0.20000,1.89227,400,-0.00000,42.74070,-97.52360,-80.25891,-34.63934,-0.35059,35.25797,79.05928,98.35029
1000,1000000,3,0.21000,1.98913,400,-0.00000,44.19657,-103.30509,-80.75606,-35.03942,0.44037,35.15007,81.79894,95.31000
1000,1000000,3,0.22000,2.11621,400,-0.00000,46.72416,-99.24770,-86.16270,-39.75405,0.76275,38.11568,87.61240,103.76511
1000,1000000,3,0.23000,2.17775,400,-0.00000,49.24084,-112.62210,-91.59819,-40.30665,0.81654,41.39996,91.32082,104.56995
1000,1000000,3,0.24000,2.30680,400,-0.00000,51.12885,-106.94193,-92.11156,-44.34509,-0.15077,41.41147,94.85986,114.30476
1000,1000000,3,0.25000,2.42681,400,-0.00000,53.59560,-110.82993,-99.34782,-45.88576,-1.36357,44.45542,102.04563,117.31271
1000,1000000,3,0.26000,2.51226,400,-0.00000,56.14104,-116.75505,-102.69158,-47.30551,-0.58625,47.18226,106.61157,125.86305
1000,1000000,3,0.27000,2.62931,400,0.00000,57.67796,-132.18240,-102.04872,-49.44159,1.10911,49.18689,105.29830,123.09156
1000,1000000,3,0.28000,2.76011,400,0.00000,60.59765,-124.35668,-108.70339,-50.49363,-1.09941,50.89400,113.92862,134.21224
1000,1000000,3,0.29000,2.88360,400,-0.00000,62.72440,-139.83444,-118.38764,-51.11219,0.46702,53.95560,113.70380,137.59941
1000,1000000,3,0.30000,2.96797,400,0.00000,65.28263,-141.89909,-121.39884,-55.10048,-1.40633,54.22619,119.18089,133.82681
1000,1000000,3,0.30000,3.00499,400,-0.00000,64.19380,-137.50318,-118.13821,-54.34608,-1.32512,53.67710,116.14110,125.62382
1000,1000000,3,0.31000,3.13598,400,0.00000,67.47724,-146.48995,-124.01615,-57.07394,-1.02830,55.16824,123.13288,145.72716
1000,1000000,3,0.32000,3.24575,400,-0.00000,70.01290,-143.50860,-132.40855,-60.52316,0.21545,58.63903,132.36574,150.04339
1000,1000000,3,0.33000,3.34421,400,-0.00000,72.50558,-150.66050,-134.93000,-60.51963,1.12304,59.06866,134.23467,152.67817
1000,1000000,3,0.34000,3.49006,400,-0.00000,73.47816,-162.38128,-132.88968,-61.93388,-0.10906,62.10725,135.49422,169.31628
1000,1000000,3,0.35000,3.66796,400,0.00000,77.62059,-156.07465,-143.10313,-66.69012,0.13953,63.44233,140.97123,159.36709
1000,1000000,3,0.36000,3.77862,400,-0.00000,79.64131,-161.27742,-144.56505,-67.06561,1.49950,66.61571,149.70016,178.46356
1000,1000000,3,0.37000,3.89010,400,-0.00000,81.74679,-168.22948,-151.63618,-67.78848,-0.96967,68.36997,156.96986,170.58792
1000,1000000,3,0.38000,4.12832,400,-0.00000,84.59952,-175.97802,-152.03623,-73.17190,3.68579,69.82926,153.25556,176.71005
1000,1000000,3,0.39000,4.18379,400,0.00000,87.33536,-177.36854,-156.60459,-74.30224,-2.38826,71.29272,163.36734,185.76600
1000,1000000,3,0.40000,4.34128,400,0.00000,89.75454,-182.12957,-161.38182,-75.07539,1.69846,75.55177,163.45391,190.24555
1000,1000000,3,0.40000,4.36912,400,-0.00000,89.66838,-191.25829,-165.19977,-71.97723,-2.23059,75.65714,161.99061,184.98533
1000,1000000,3,0.41000,4.52770,400,-0.00000,93.65785,-192.47009,-172.88998,-78.21499,2.47909,77.14491,172.88369,196.09884
1000,1000000,3,0.42000,4.74136,400,0.00000,94.93917,-204.37810,-169.89330,-81.42207,0.58710,81.64161,173.60910,184.94424
1000,1000000,3,0.43000,4.85668,400,0.00000,97.09655,-206.91927,-178.81597,-82.88781,-0.03609,79.68910,181.15438,197.50391
1000,1000000,3,0.44000,5.01817,400,0.00000,100.33696,-214.24508,-180.98532,-84.42188,2.65280,84.52253,187.72249,208.48683
1000,1000000,3,0.45000,5.19116,400,0.00000,102.83798,-219.43821,-188.74722,-85.80104,1.31815,86.14063,185.91140,218.95842
1000,1000000,3,0.46000,5.38711,400,0.00000,107.29587,-212.64006,-196.63087,-89.51240,0.81543,89.84222,199.85004,226.62821
1000,1000000,3,0.47000,5.57551,400,-0.00000,109.04361,-219.68646,-201.83756,-92.37530,-0.28142,90.60868,201.92701,231.42187
1000,1000000,3,0.48000,5.72470,400,0.00000,113.44054,-250.83087,-207.72355,-95.21835,-1.75002,91.09812,212.15909,247.65779
1000,1000000,3,0.49000,5.93410,400,0.00000,116.09391,-242.98600,-211.28422,-97.21923,1.37246,92.38196,211.73146,246.18104
1000,1000000,3,0.50000,6.16396,400,-0.00000,119.55608,-251.26818,-221.10894,-96.50973,0.83233,100.82876,222.03235,269.63986
1000,1000000,3,0.50000,6.14795,400,-0.00000,118.89440,-272.90338,-217.37709,-96.38857,-1.79612,95.39361,224.42238,251.60351
1000,1000000,3,0.51000,6.32629,400,0.00000,123.04338,-241.92278,-226.57705,-100.81821,-3.86706,103.11178,226.03979,264.42154
1000,1000000,3,0.52000,6.58257,400,0.00000,126.00337,-270.89335,-228.47846,-103.65841,1.08946,105.32887,229.21196,263.78756
1000,1000000,3,0.53000,6.83791,400,-0.00000,128.77383,-280.15618,-234.92086,-104.82521,-1.55348,104.02294,227.81548,266.54708
1000,1000000,3,0.54000,7.03637,400,0.00000,132.31961,-280.26056,-246.09769,-106.96606,1.39718,104.24285,247.83026,286.21554
1000,1000000,3,0.55000,7.24690,400,-0.00000,135.43492,-284.59491,-247.99953,-107.98730,-0.33616,112.80757,249.99791,272.44955
1000,1000000,3,0.56000,7.53788,400,-0.00000,139.35549,-295.20387,-255.32409,-114.11961,-0.02416,112.40641,251.45337,278.72771
1000,1000000,3,0.57000,7.75977,400,0.00000,143.07886,-306.93906,-258.20235,-118.17477,-0.06182,116.09698,269.06218,311.14414
1000,1000000,3,0.58000,8.08744,400,-0.00000,147.61734,-301.34248,-271.50914,-122.14259,2.55691,121.04035,274.69869,301.52563
1000,1000000,3,0.59000,8.34998,400,-0.00000,151.53624,-311.21564,-279.51018,-123.92768,-1.72645,126.40388,281.36905,311.36313
1000,1000000,3,0.60000,8.70386,400,0.00000,156.48680,-313.67273,-294.81211,-129.52759,-0.37330,127.30939,288.38633,322.52941
1000,1000000,3,0.60000,8.74296,400,-0.00000,155.88205,-318.18484,-290.93328,-127.49415,-1.38948,128.02681,294.35874,324.05432
1000,1000000,3,0.61000,9.00805,400,-0.00000,160.51912,-344.02456,-292.55432,-134.69758,-1.85756,132.21730,287.08487,328.61071
1000,1000000,3,0.62000,9.25008,400,0.00000,163.63745,-361.97462,-301.52759,-133.93793,1.03636,131.02691,304.48513,331.43415
1000,1000000,3,0.63000,9.60419,400,0.00000,168.04906,-346.50552,-307.75953,-142.00479,-4.04384,135.57289,305.68773,340.70846
1000,1000000,3,0.64000,9.99168,400,-0.00000,171.90763,-346.39302,-315.93386,-140.23832,-1.00548,139.56700,316.95517,372.23840
1000,1000000,3,0.65000,10.30710,400,-0.00000,177.56700,-378.34094,-329.35467,-145.74234,-2.00985,148.36887,329.30961,377.84013
1000,1000000,3,0.66000,10.68904,400,0.00000,182.56218,-372.93350,-341.35071,-149.59836,1.45529,148.12109,341.83845,365.97834
1000,1000000,3,0.67000,11.13245,400,-0.00000,189.41223,-378.61825,-337.60114,-153.50622,1.12888,155.59413,348.34298,406.51205
1000,1000000,3,0.68000,11.51782,400,-0.00000,194.14702,-411.56361,-357.56112,-156.50504,1.61496,154.21135,357.03061,407.68136
1000,1000000,3,0.69000,11.90419,400,-0.00000,198.78840,-432.82427,-375.24680,-163.36406,-1.32275,159.60190,367.46829,414.69789
1000,1000000,3,0.70000,12.53079,400,0.00000,205.16236,-428.45030,-385.02962,-159.98164,0.33718,163.63289,388.67486,442.44688
1000,1000000,3,0.70000,12.50642,400,0.00000,205.19672,-434.86538,-378.33159,-167.79318,1.43337,164.33061,374.83808,407.00801
1000,1000000,3,0.71000,13.03022,400,0.00000,211.83502,-438.18725,-404.83220,-176.67547,-0.95391,174.26970,398.54953,448.25316
1000,1000000,3,0.72000,13.43719,400,-0.00000,216.93227,-455.87522,-408.77762,-178.44330,-0.77537,178.64509,405.06015,458.69559
1000,1000000,3,0.73000,14.04151,400,0.00000,224.66205,-471.99725,-418.38590,-180.93783,-6.76643,185.06299,419.85906,465.52418
1000,1000000,3,0.74000,14.77869,400,-0.00000,230.83497,-489.52853,-426.81829,-183.07915,3.80107,187.01414,431.99719,483.89920
1000,1000000,3,0.75000,15.24147,400,0.00000,238.09877,-499.35644,-446.64166,-190.31444,-2.99172,191.32214,449.82367,500.36961
1000,1000000,3,0.76000,16.11100,400,-0.00000,247.08270,-545.46025,-464.69592,-189.78331,1.90609,201.31439,464.55818,572.62535
1000,1000000,3,0.77000,16.86716,400,-0.00000,254.65742,-530.77220,-487.09643,-208.33824,-0.52223,204.41156,474.70926,537.11948
1000,1000000,3,0.78000,17.52887,400,-0.00000,262.41110,-534.02261,-486.12346,-212.89963,3.22195,214.30930,497.24618,579.09278
1000,1000000,3,0.79000,18.53480,400,0.00000,271.11209,-576.17943,-518.68010,-212.65423,6.92723,213.15994,502.21823,568.21845
1000,1000000,3,0.80000,19.53832,400,0.00000,279.77220,-582.17209,-518.24636,-221.88801,-1.26303,218.97496,527.19731,598.49061
1000,1000000,3,0.80000,19.44647,400,0.00000,283.92757,-628.14972,-537.02175,-225.33463,-4.07293,226.31312,535.47515,601.14099
1000,1000000,3,0.81000,20.48907,400,-0.00000,289.65264,-583.94416,-561.22787,-228.27593,-4.26359,224.71456,561.53427,629.56455
1000,1000000,3,0.82000,21.52988,400,0.00000,308.37939,-649.57648,-594.51257,-243.75038,-0.22624,239.83974,587.81607,633.21560
1000,1000000,3,0.83000,22.84863,400,0.00000,319.27957,-660.62418,-612.07012,-256.29545,2.16872,252.63984,605.76234,705.47012
1000,1000000,3,0.84000,23.98391,400,0.00000,328.79555,-702.55090,-629.26463,-260.97854,-4.93431,256.45302,631.83705,711.01855
1000,1000000,3,0.85000,25.75164,400,0.00000,344.94028,-727.16064,-664.31279,-266.84564,1.54071,269.11146,663.18478,738.61386
1000,1000000,3,0.86000,27.45082,400,0.00000,358.71817,-772.88398,-686.74166,-280.43356,-3.78752,269.22538,680.70120,736.85960
1000,1000000,3,0.87000,29.29566,400,0.00000,378.78301,-811.40290,-717.64032,-301.93407,1.95231,292.88067,733.58656,853.51891
1000,1000000,3,0.88000,31.73514,400,-0.00000,398.06194,-823.50204,-758.87593,-312.77438,-1.39412,319.56870,773.45573,852.55961
1000,1000000,3,0.89000,34.05459,400,0.00000,422.36443,-934.94845,-796.72556,-330.27767,0.54072,330.59653,819.42023,896.07646
1000,1000000,3,0.90000,37.21880,400,-0.00000,447.97126,-932.14652,-881.64413,-349.96519,9.02055,348.53855,882.15857,984.13474
1000,1000000,3,0.90000,37.03022,400,0.00000,440.50262,-926.42530,-859.49470,-337.95291,14.32358,341.65745,842.47081,977.41693
1000,1000000,4,0.00000,0.00000,400,0.00000,0.00000,0.00000,0.00000,0.00000,0.00000,0.00000,0.00000,0.00000
1000,1000000,4,0.01000,0.03650,400,-0.00000,0.87992,-3.13780,-2.01539,-0.62318,0.05035,0.62399,1.99676,2.57787
1000,1000000,4,0.02000,0.12587,400,-0.00000,2.97412,-9.75324,-6.48393,-2.07891,0.09104,2.08359,6.23737,7.92963
1000,1000000,4,0.03000,0.22644,400,0.00000,5.40994,-13.94395,-11.94405,-4.10557,0.04926,4.11416,11.39877,14.81431
1000,1000000,4,0.04000,0.33101,400,-0.00000,7.95038,-18.96996,-15.16339,-5.91184,-0.07776,6.10364,16.40493,19.38846
1000,1000000,4,0.05000,0.43188,400,0.00000,10.54815,-26.62330,-21.80306,-8.24656,0.05126,7.85677,22.11631,26.54319
1000,1000000,4,0.06000,0.50260,400,-0.00000,12.27550,-30.04645,-25.19385,-9.55267,0.38786,9.79441,23.78829,30.10453
1000,1000000,4,0.07000,0.59058,400,0.00000,14.28131,-29.82173,-28.36814,-12.12815,-0.02020,12.08882,27.10304,32.35230
1000,1000000,4,0.08000,0.68979,400,-0.00000,16.68408,-41.29842,-32.89161,-13.35771,-0.26171,13.46527,32.36437,38.66959
1000,1000000,4,0.09000,0.78095,400,0.00000,18.81419,-45.10686,-35.85323,-15.42065,0.25162,15.41585,35.69368,43.29376
1000,1000000,4,0.10000,0.86012,400,-0.00000,21.06034,-53.40662,-40.32075,-17.59913,0.19171,16.86807,39.62359,46.35688
1000,1000000,4,0.11000,0.94047,400,-0.00000,23.34601,-57.60184,-43.13754,-19.45591,-1.10004,18.74921,43.60506,52.69402
1000,1000000,4,0.12000,1.04317,400,-0.00000,25.17624,-56.17185,-45.89849,-21.23631,0.38440,22.31607,47.05918,52.25799
1000,1000000,4,0.13000,1.12979,400,0.00000,26.96980,-65.19668,-48.08863,-22.77941,0.10690,22.62353,51.63615,58.59664
1000,1000000,4,0.14000,1.21318,400,-0.00000,29.10659,-65.99031,-53.14197,-23.95429,0.56836,24.45112,56.08869,67.38017
1000,1000000,4,0.15000,1.29960,400,0.00000,31.30968,-68.07743,-59.25067,-27.12119,1.56806,25.42760,55.95854,69.07959
1000,1000000,4,0.16000,1.40464,400,0.00000,33.44159,-70.13033,-62.98128,-27.71351,-0.91643,27.83316,61.83558,77.44260
1000,1000000,4,0.17000,1.48293,400,0.00000,35.51745,-70.01031,-64.06329,-30.67824,0.68875,29.57041,66.55593,83.08635
1000,1000000,4,0.18000,1.59546,400,-0.00000,38.09292,-80.33398,-70.23640,-32.25641,0.14697,31.92513,70.42336,82.50811
1000,1000000,4,0.19000,1.65479,400,0.00000,39.80310,-81.23606,-73.73733,-32.55875,-0.77512,34.08828,74.23227,82.53849
1000,1000000,4,0.20000,1.76613,400,-0.00000,41.79605,-90.74677,-75.95903,-35.22789,-0.71567,34.98126,75.96068,81.79794
1000,1000000,4,0.21000,1.88244,400,0.00000,44.45336,-89.65256,-82.15946,-36.64126,-1.16594,37.39772,81.82231,99.44292
1000,1000000,4,0.22000,1.97673,400,0.00000,46.54929,-100.98240,-84.99323,-38.83555,0.27620,40.98738,85.28909,99.04485
1000,1000000,4,0.23000,2.10767,400,-0.00000,48.07893,-94.92533,-86.09052,-42.92632,0.77452,39.62005,87.88063,96.25365
1000,1000000,4,0.24000,2.16122,400,-0.00000,50.10580,-107.99129,-92.82158,-41.40541,-0.56358,40.75335,93.03601,107.98471
1000,1000000,4,0.25000,2.27872,400,0.00000,53.42731,-121.34432,-98.86942,-44.81611,0.34315,45.14917,98.06427,112.70693
1000,1000000,4,0.26000,2.40867,400,0.00000,55.71159,-118.86874,-103.47253,-45.70315,0.30054,45.34995,100.27226,114.72309
1000,1000000,4,0.27000,2.51788,400,0.00000,57.68441,-120.14262,-102.79905,-50.38330,0.15800,48.26066,106.23763,119.46017
1000,1000000,4,0.28000,2.63012,400,-0.00000,59.84031,-120.70663,-109.41455,-50.59502,0.10220,51.93619,106.81320,130.94640
1000,1000000,4,0.29000,2.70824,400,0.00000,62.68583,-129.47282,-114.51615,-52.62672,-0.72050,51.82549,115.75293,146.29111
1000,1000000,4,0.30000,2.82665,400,0.00000,63.93278,-133.51269,-119.76242,-52.65745,2.17608,54.15589,115.09039,128.90533
1000,1000000,4,0.31000,2.95570,400,0.00000,66.98231,-137.13151,-120.35292,-55.12232,-0.05584,56.77189,122.58152,141.45190
1000,1000000,4,0.32000,3.05919,400,-0.00000,69.85588,-132.75407,-122.81843,-58.91055,-0.68884,59.18633,124.10402,141.48537
1000,1000000,4,0.33000,3.16351,400,-0.00000,71.86612,-157.15609,-129.39121,-60.47695,2.52371,60.08557,132.70098,146.14960
1000,1000000,4,0.34000,3.29262,400,0.00000,74.23500,-145.28952,-130.80768,-62.75175,0.43016,62.71844,142.49827,159.80735
1000,1000000,4,0.35000,3.42162,400,-0.00000,76.38296,-165.88478,-139.72515,-62.51203,-0.07092,64.15763,138.80242,164.13622
1000,1000000,4,0.36000,3.57087,400,-0.00000,78.96830,-168.02802,-150.88070,-64.17110,4.37729,66.22675,143.18526,164.13911
1000,1000000,4,0.37000,3.73436,400,-0.00000,81.51463,-177.18215,-144.30439,-69.55017,-1.22724,65.90026,149.19241,184.37308
1000,1000000,4,0.38000,3.83617,400,0.00000,83.29646,-164.88615,-150.21085,-71.18283,-0.85724,73.30227,153.14176,177.66076
1000,1000000,4,0.39000,3.98669,400,0.00000,85.77346,-178.55384,-156.89578,-72.85031,0.60294,69.61371,156.06675,172.32069
1000,1000000,4,0.40000,4.11284,400,0.00000,89.53423,-188.68284,-163.30013,-75.16282,0.93447,76.00713,161.00976,177.85286
1000,1000000,4,0.41000,4.27665,400,0.00000,91.31260,-202.30606,-165.83880,-75.62702,0.59739,77.19161,163.62524,184.58720
1000,1000000,4,0.42000,4.43594,400,-0.00000,93.94365,-196.08762,-172.32544,-76.77143,0.17199,78.81715,172.23523,192.57399
1000,1000000,4,0.43000,4.57914,400,0.00000,97.71725,-205.62428,-177.18646,-80.35860,0.40482,80.54654,177.60366,206.24160
1000,1000000,4,0.44000,4.73733,400,-0.00000,101.13353,-217.74424,-188.55351,-83.41371,0.87702,83.82635,184.43094,219.96952
1000,1000000,4,0.45000,4.90991,400,-0.00000,103.87672,-202.74593,-188.51119,-86.23371,0.86857,86.81417,190.87268,202.36406
1000,1000000,4,0.46000,5.06794,400,-0.00000,106.72044,-219.08072,-195.68950,-86.66800,0.51830,88.41835,202.33035,228.29654
1000,1000000,4,0.47000,5.21333,400,-0.00000,107.93874,-225.47333,-197.94064,-90.93621,-0.02751,89.90752,196.94819,206.24280
1000,1000000,4,0.48000,5.40995,400,-0.00000,113.08533,-230.06203,-202.87426,-93.37685,-0.87033,92.74885,209.21612,234.53114
1000,1000000,4,0.49000,5.61775,400,0.00000,115.59765,-248.51296,-208.11919,-95.56645,1.45113,93.38701,215.73136,255.52870
1000,1000000,4,0.50000,5.82179,400,0.00000,118.47265,-245.12323,-217.63837,-102.68711,2.43720,99.37217,218.91823,278.04249
1000,1000000,4,0.51000,5.97060,400,0.00000,121.79036,-249.71345,-226.19503,-99.60030,-0.15452,99.34605,218.95020,252.82136
1000,1000000,4,0.52000,6.21705,400,0.00000,124.90012,-270.19275,-232.43964,-100.86455,-2.12611,102.28307,225.17689,256.57019
1000,1000000,4,0.53000,6.46130,400,0.00000,128.24351,-278.18916,-231.68393,-112.24821,1.42851,107.62347,228.53604,265.46119
1000,1000000,4,0.54000,6.59027,400,0.00000,133.30633,-270.81846,-242.53757,-107.47349,-1.70948,111.69575,248.01159,269.97243
1000,1000000,4,0.55000,6.84117,400,-0.00000,137.27126,-287.06657,-255.29323,-112.40252,2.59092,114.15351,254.23763,278.14141
1000,1000000,4,0.56000,7.08518,400,-0.00000,139.07983,-316.31265,-251.31622,-116.30970,-0.08470,113.47629,250.94888,272.07556
1000,1000000,4,0.57000,7.30515,400,-0.00000,142.50251,-288.63400,-258.03385,-120.67690,-0.51447,116.65896,259.25177,291.87715
1000,1000000,4,0.58000,7.53491,400,0.00000,148.05984,-299.04885,-268.32988,-120.13035,-2.53731,121.15606,279.30702,297.19410
1000,1000000,4,0.59000,7.79760,400,-0.00000,150.19921,-307.80737,-280.83356,-122.60945,-3.73296,125.54272,280.87531,314.26486
1000,1000000,4,0.60000,8.15116,400,-0.00000,155.56937,-340.74756,-282.90738,-130.14331,2.66886,130.53712,291.03613,327.26109
1000,1000000,4,0.61000,8.41420,400,-0.00000,157.89799,-323.85170,-299.96791,-129.09213,0.87922,127.78411,285.78344,330.65073
1000,1000000,4,0.62000,8.71936,400,0.00000,163.95663,-326.84300,-304.52453,-131.24460,0.59136,134.90985,300.74428,323.32240
1000,1000000,4,0.63000,8.96223,400,-0.00000,168.02856,-373.37392,-313.31049,-134.06666,-0.14979,137.16713,309.13625,342.84836
1000,1000000,4,0.64000,9.39035,400,-0.00000,173.23433,-350.36778,-321.90428,-144.06610,0.82440,137.23190,318.67325,347.70722
1000,1000000,4,0.65000,9.65627,400,0.00000,176.61419,-381.25640,-334.64913,-137.05665,2.77927,142.78897,320.96283,366.16893
1000,1000000,4,0.66000,10.05365,400,0.00000,181.99340,-365.97516,-333.88704,-144.15508,0.81770,147.01112,340.31198,372.76909
1000,1000000,4,0.67000,10.43180,400,-0.00000,186.07230,-392.69886,-347.74126,-147.22561,0.30191,152.48404,340.52159,387.07645
1000,1000000,4,0.68000,10.82218,400,-0.00000,191.04858,-391.87320,-351.26781,-153.76178,3.36613,152.89853,355.25967,426.84991
1000,1000000,4,0.69000,11.26960,400,-0.00000,197.44232,-391.75259,-370.68394,-161.86042,-4.95806,163.21144,359.61137,394.65305
1000,1000000,4,0.70000,11.74884,400,-0.00000,204.12701,-415.01349,-376.87423,-160.73166,2.49662,167.54531,377.29017,447.65722
1000,1000000,4,0.71000,12.22008,400,0.00000,211.50282,-448.01968,-392.34627,-166.63506,0.88548,166.02407,399.41521,436.14417
1000,1000000,4,0.72000,12.76095,400,-0.00000,215.50624,-442.87944,-401.35590,-174.04356,0.00922,172.58858,393.21181,432.85007
1000,1000000,4,0.73000,13.25828,400,-0.00000,220.55354,-506.62653,-418.61254,-171.94221,0.59287,177.73434,410.17648,445.72250
1000,1000000,4,0.74000,13.77717,400,0.00000,229.54924,-472.29511,-423.80826,-186.58990,-2.77317,179.16669,431.69464,485.44757
1000,1000000,4,0.75000,14.44619,400,0.00000,239.59228,-507.45672,-453.27300,-192.34075,-0.82889,194.28331,451.48198,509.31114
1000,1000000,4,0.76000,15.06135,400,-0.00000,244.19067,-509.21640,-451.59699,-202.07031,-1.93082,195.75749,449.24134,492.08878
1000,1000000,4,0.77000,16.01129,400,-0.00000,253.79812,-540.10959,-475.49346,-202.12465,1.88797,202.82438,472.42656,561.64056
1000,1000000,4,0.78000,16.51244,400,-0.00000,262.81766,-539.37515,-490.48721,-213.29214,3.19211,209.93000,499.53538,555.42971
1000,1000000,4,0.79000,17.28611,400,-0.00000,268.98431,-541.14231,-503.59840,-214.70780,0.57816,213.06790,500.55232,585.74484
1000,1000000,4,0.80000,18.34149,400,0.00000,281.39069,-576.51159,-536.33033,-222.87307,0.45545,224.08473,514.21329,588.26287
1000,1000000,4,0.81000,19.30023,400,-0.00000,291.28415,-640.67675,-537.42363,-227.71056,-5.89821,228.65603,537.30122,596.63087
1000,1000000,4,0.82000,20.39605,400,-0.00000,302.82738,-682.09747,-577.35789,-241.50065,-1.72594,235.24754,583.03384,643.41159
1000,1000000,4,0.83000,21.71573,400,0.00000,314.63901,-682.84501,-595.84923,-244.59540,-0.22293,244.56327,611.59204,693.40502
1000,1000000,4,0.84000,22.85095,400,0.00000,327.97934,-685.90514,-632.85906,-257.95056,3.98606,256.68657,613.08729,670.91011
1000,1000000,4,0.85000,24.65133,400,0.00000,342.27800,-719.99359,-642.03787,-265.46321,-0.30752,268.22726,664.18552,728.83225
1000,1000000,4,0.86000,25.90666,400,0.00000,356.32302,-786.75842,-676.31973,-274.45706,-7.19932,277.18817,677.16153,787.89323
1000,1000000,4,0.87000,27.67288,400,0.00000,374.41327,-782.37677,-724.09210,-288.42820,9.11031,288.80247,725.90718,801.46469
1000,1000000,4,0.88000,29.87142,400,-0.00000,399.86013,-834.08197,-785.22083,-305.78948,1.55346,308.77493,797.90175,864.88872
1000,1000000,4,0.89000,32.64846,400,0.00000,416.09289,-930.43018,-800.31614,-323.84033,-7.05502,320.69508,813.76273,867.32847
1000,1000000,4,0.90000,35.45436,400,-0.00000,446.52376,-982.68491,-875.85301,-343.10850,6.42293,341.52920,863.11684,925.61897
1000,1000000,6,0.00000,0.00000,400,0.00000,0.00000,0.00000,0.00000,0.00000,0.00000,0.00000,0.00000,0.00000
1000,1000000,6,0.10000,0.77857,400,-0.00000,20.91775,-43.99723,-38.61260,-17.74336,-0.57173,17.40117,40.25638,44.66720
1000,1000000,6,0.20000,1.58813,400,0.00000,41.86191,-83.63215,-73.99071,-36.34241,-0.24712,35.50106,78.37299,95.45983
1000,1000000,6,0.30000,2.50961,400,0.00000,63.47691,-129.31873,-116.50081,-52.90326,0.48302,54.04802,120.16787,134.21358
1000,1000000,6,0.40000,3.66110,400,-0.00000,90.06251,-178.60952,-159.27294,-75.28345,0.43822,77.85000,163.11397,185.63445
1000,1000000,6,0.50000,5.10017,400,-0.00000,118.93114,-242.18156,-211.02743,-100.24593,0.34323,101.59730,220.57920,252.96664
1000,1000000,6,0.60000,7.16297,400,0.00000,153.86638,-334.91941,-279.16587,-126.45037,0.58133,125.49113,286.26889,318.28493
1000,1000000,6,0.70000,10.32851,400,-0.00000,203.17349,-438.42927,-373.82888,-165.58602,-1.93824,165.98950,376.00805,422.25462
1000,1000000,6,0.80000,16.27193,400,0.00000,279.96668,-638.43657,-522.74341,-225.32559,1.92895,219.85659,531.44194,602.33956
1000,1000000,6,0.90000,31.72084,400,-0.00000,436.45745,-921.10908,-833.75495,-336.47923,3.23034,341.31333,845.46852,925.28518
1000,1000000,9,0.00000,0.00000,400,0.00000,0.00000,0.00000,0.00000,0.00000,0.00000,0.00000,0.00000,0.00000
1000,1000000,9,0.10000,0.66277,400,0.00000,20.45060,-47.30500,-37.82497,-17.27855,0.32496,16.83411,38.24398,45.57626
1000,1000000,9,0.20000,1.35220,400,-0.00000,41.99956,-90.14057,-75.77842,-34.28138,1.23026,35.90700,76.72256,87.19202
1000,1000000,9,0.30000,2.19029,400,-0.00000,63.44879,-130.00111,-114.95024,-53.66729,-0.96163,54.63409,112.28927,127.08464
1000,1000000,9,0.40000,3.16443,400,-0.00000,88.87580,-173.65495,-156.96231,-74.44557,-1.52115,74.42600,159.89161,187.86768
1000,1000000,9,0.50000,4.37985,400,0.00000,117.87761,-240.64516,-211.92203,-99.22131,-1.55105,96.27615,207.88316,228.43821
1000,1000000,9,0.60000,6.11662,400,-0.00000,153.00910,-306.90381,-276.78037,-126.71395,-0.70073,125.03239,273.84435,291.58895
1000,1000000,9,0.70000,8.91938,400,0.00000,204.09595,-418.84464,-379.39265,-169.29628,4.99952,167.21757,376.46464,406.27844
1000,1000000,9,0.80000,13.91517,400,-0.00000,280.86153,-578.49969,-522.73808,-226.68785,1.49442,220.67571,532.05090,607.07128
1000,1000000,9,0.90000,27.41621,400,-0.00000,440.99781,-926.27465,-850.51555,-347.26947,-8.22339,348.84792,830.47885,906.34704
1000,1000000,12,0.00000,0.00000,400,0.00000,0.00000,0.00000,0.00000,0.00000,0.00000,0.00000,0.00000,0.00000
1000,1000000,12,0.10000,0.58419,400,-0.00000,20.67133,-45.52186,-38.03496,-17.19976,0.14134,18.02648,37.54049,43.08357
1000,1000000,12,0.20000,1.20490,400,0.00000,41.61437,-83.79046,-76.11430,-34.90004,-0.17808,34.97228,75.90654,83.17827
1000,1000000,12,0.30000,1.93637,400,-0.00000,64.28983,-141.39448,-118.38439,-52.99289,-0.00429,54.24798,118.53728,125.75494
1000,1000000,12,0.40000,2.78839,400,0.00000,90.01273,-172.14684,-155.29094,-73.70472,-0.55312,73.61226,158.94276,178.44748
1000,1000000,12,0.50000,3.86452,400,0.00000,116.84752,-238.07659,-213.82252,-96.60818,-1.26328,98.07537,206.38870,235.27986
1000,1000000,12,0.60000,5.48940,400,0.00000,154.39947,-307.18010,-280.80705,-124.93796,-1.41950,128.85676,276.77362,307.83133
1000,1000000,12,0.70000,7.93974,400,-0.00000,202.01551,-396.31334,-372.77147,-164.70757,0.40622,163.23797,370.25692,438.32492
1000,1000000,12,0.80000,12.40624,400,0.00000,277.37671,-581.68848,-522.59810,-217.68725,1.85528,220.73374,517.14419,570.40163
1000,1000000,12,0.90000,24.33334,400,-0.00000,433.53079,-946.75508,-813.52699,-339.22191,0.81937,344.98453,833.67348,915.09417
1000,1000000,15,0.00000,0.00000,400,0.00000,0.00000,0.00000,0.00000,0.00000,0.00000,0.00000,0.00000,0.00000
1000,1000000,15,0.10000,0.53373,400,-0.00000,20.69918,-42.29066,-37.03764,-17.58893,-0.66917,18.27009,37.37255,42.19170
1000,1000000,15,0.20000,1.11335,400,-0.00000,41.57118,-87.30083,-72.68072,-37.16548,-0.01098,33.45302,75.02833,85.56502
1000,1000000,15,0.30000,1.75800,400,-0.00000,64.71441,-128.81805,-113.25543,-55.56355,1.08051,55.80948,118.27567,128.84256
1000,1000000,15,0.40000,2.53737,400,-0.00000,89.38830,-174.86837,-155.82348,-76.61666,-0.60518,75.04727,155.43037,173.12585
1000,1000000,15,0.50000,3.54284,400,-0.00000,118.16828,-227.88243,-210.76281,-99.35535,-1.07895,97.86570,210.21178,246.63248
1000,1000000,15,0.60000,4.93417,400,-0.00000,155.49800,-293.78783,-280.65591,-129.31884,2.32368,128.17076,285.76551,310.48337
1000,1000000,15,0.70000,7.17686,400,-0.00000,204.72073,-401.77025,-374.00121,-165.56607,-1.34023,169.69917,377.28214,421.53439
1000,1000000,15,0.80000,11.29449,400,-0.00000,278.58486,-565.89900,-519.38188,-220.66981,0.36877,220.96621,525.54809,590.69832
1000,1000000,15,0.90000,22.11755,400,-0.00000,440.73182,-905.53927,-839.36236,-342.33323,-8.72411,354.92270,849.73100,916.22363
