bgg_id,name,year,kennerspiel_score
10550,Big Boggle,1979,4.405399700393561e-08
1329,Hyle,1979,0.9999999285213621
538,Manager,1979,0.7028198934261322
242,Junta,1979,1.0
310,Wizard's Quest,1979,0.9999999999991285
18529,The Penguin Book of Card Games,1979,0.4862419675463186
121,Dune,1979,0.9999999999999922
2240,Mad Magazine Card Game,1979,3.2203582432495235e-14
162,The Awful Green Things From Outer Space,1979,0.9999996795902336
9211,Screwball Scramble,1979,5.425194603333018e-10
7898,Warp n Woof,1979,1.6638038314342364e-07
9715,Crossado,1979,3.8278959223437836e-11
1596,Nevo,1979,0.0008236468065985231
1661,Balance of Power,1979,1.1050724700766247e-07
34452,Jagd durch Entenhausen,1979,0.0001758806283471994
31050,Run for President,1979,0.0010255968249111211
31327,My Dog Has Fleas,1979,2.397136040124769e-17
34678,Der Aktionär,1979,0.411093805391686
7934,Imperial Governor & Strategos,1979,0.9999993043904567
38550,Travels,1979,0.0010255968249111211
30988,Away Across,1979,0.2526406587556706
38682,High Finance,1979,6.45427546542594e-05
31051,Target Number,1979,0.0010255968249111211
1997,Zargo's Lords: Magic Duels for World Power,1979,0.9999999999999989
3113,Empire: Triumphs and Humilations for Power,1979,0.9999999999999998
364,Samarkand,1980,0.00010338003331599047
1076,Captain Future,1980,1.0069138270605138e-08
71,Civilization,1980,1.0
524,Desperados,1980,2.0641926349771938e-07
1013,Energie Poker,1980,0.6284532161346188
2478,Quirks,1980,7.414464375110199e-08
748,Trax,1980,0.0008689820120478891
103,Titan,1980,1.0
6907,Mai '68 Le jeu,1980,0.9999977286005767
7106,Tabu: The Game of Aztecs,1980,0.9999999999925433
427,Grass,1980,0.00010673980208476935
19475,Spingo,1980,1.758003962232785e-08
7803,O'NO 99,1980,3.3152385456601235e-07
983,Tangoes,1980,1.6399103800689446e-07
1152,The Mystic Wood,1980,9.07896757159555e-05
9234,My Word,1980,1.655278608835846e-09
4094,Slip Disc,1980,5.399458592645507e-13
6956,Creeps' Castle,1980,7.239882653908992e-13
3611,Backgammon 4,1980,5.474759514888994e-11
29093,Een Reis Door Nederland,1980,3.05364357995343e-05
4260,Odyssey: The Gods Clash,1980,0.9999999991263089
3932,Interplay,1980,0.0002500233324718602
7481,Itinerary,1980,3.7261406681339014e-06
13579,Öko,1980,0.1851261899790723
12997,Red Seven,1980,2.595118328995734e-11
9681,Nosey Neighbor Card Game,1981,3.007915101070035e-15
39850,Sympathie,1981,1.510366954142092e-11
18859,Wunderwatschler,1981,1.472390058824712e-09
477,The Broadway Game,1981,0.9926437870097096
5082,Rush Hour,1981,4.6329269259628214e-11
1982,Black Spy,1981,0.7961515608111966
98,Axis & Allies,1981,1.0
193,Fill or Bust,1981,1.9676093696939092e-05
2952,Trivial Pursuit: Genus Edition,1981,0.9879010830979083
6109,Mafia,1981,0.9999997260616482
6983,Jungle,1981,2.4116354401165224e-13
139,Hoax,1981,0.00028264802128932326
9177,Armchair Cricket,1981,0.023432105872993495
6937,1829 Northern Board,1981,1.0
16108,Akropolis,1981,4.2548570847006536e-07
487,Power,1981,0.1749244214024807
10651,Deflection,1981,1.3683764019059978e-10
10665,Sequenz,1981,1.8606106175260686e-10
30,Dark Tower,1981,0.10303182041848512
6238,Beware of the Wolf!,1981,1.726084751553681e-17
1437,Trust Me,1981,5.407438380941042e-12
67948,Mahjong Solitaire,1981,3.103842766071878e-09
6044,Attila: The Huns Invasion,1981,1.0
6731,Donkey Kong,1981,9.558968770950595e-15
4268,Razzle,1981,8.337918560799997e-11
2653,Survive: Escape from Atlantis!,1982,0.0008764139735881141
1515,Upwords,1982,4.3473662061512616e-05
1452,Mhing,1982,0.9998404179608239
2375,Sequence,1982,1.0969068987599215e-07
170,Family Business,1982,2.5779297350623208e-08
6268,Maze,1982,0.0001961490376699153
11924,Struggle,1982,2.6582570799780344e-13
10403,Ascension,1982,1.6539231786629311e-13
17735,Jailbreak,1982,2.620005005012093e-07
7289,Bike About,1982,4.652493082413298e-17
37391,Scotland Yard,1982,7.737258767076886e-08
614,Rubik's Race,1982,7.2686056192987784e-09
1190,Continuo,1982,1.8798432404034238e-12
8658,Monopoly: French,1982,7.04955244200385e-06
168,Empire Builder,1982,0.9999999963608921
3582,Rennfieber,1982,0.9999999999958213
1226,Babuschka,1982,1.7680435235923567e-08
1705,Slapshot,1982,1.1551756737581047e-05
10898,Tricky Fingers,1982,7.969339525900489e-13
3229,"The Game of Medici: Arms, Loves and Betrayals in XVth Century Europe",1982,0.9999999998185685
1640,Blockbusters,1982,2.057969588549891e-06
5499,Das große Unternehmen Erdgas,1982,0.0022572676963311276
10820,Master,1982,0.00014769734215712036
1952,Long Short,1982,1.0173260423114854e-06
6661,Corda,1982,1.9821499279431924e-09
568,Rage,1983,2.711660528931428e-05
2730,Quadwrangle,1983,2.292142042805263e-11
5266,Scorpion,1983,0.965260824271941
714,Talisman,1983,0.9999999999999956
2280,Marco Polo,1983,8.478007254113059e-08
6647,Ökolopoly,1983,0.0040648280275369176
3702,Topple,1983,5.1666138456988516e-12
28905,Dostihy a sázky,1983,1.1445055648680583e-09
3450,The Dickens Game,1983,4.212831760074864e-09
14870,Aéropostale,1983,1.1918190016985732e-09
17420,"Rette sich, wer kann!",1983,3.3465986903926743e-13
2996,Dodge City,1983,0.8728565091647016
15267,Des chiffres et des lettres,1983,0.00573099465335525
23201,Dammi il malloppo,1983,2.0178367974103908e-15
16682,Magnus Magnusson the Quizmaster,1983,0.4465905659283807
7762,Transfer,1983,2.2144375471313916e-07
17315,Ping Win,1983,2.908722754195754e-16
14095,Wahlspiel,1983,0.9999483211903207
6879,Super Rack-O,1983,2.5724565879981544e-07
32128,Wat ben ik?,1983,1.0953494519707912e-14
1306,Krakatoa,1983,0.00010694032510637315
22374,Dixit: The Dictionary Game,1983,0.003149581536162921
3241,Jack The Ripper,1983,0.9999999888201657
4574,Slang Teasers,1983,0.9968625879856113
22139,Citadella,1983,0.003563303435264951
1465,Wizard,1984,0.4970691999144014
163,Balderdash,1984,5.002775296017162e-08
934,Die Kette von Saba,1984,5.1956107557533844e-08
1815,Spanish Main,1984,0.9999427530742728
2401,Globetrotters,1984,0.0004544697996065674
4282,Greed,1984,1.1151093198624272e-11
1712,Showbiz,1984,0.020202622859354275
8983,I.Q. 2000,1984,0.00021188590068299716
16727,Play on Wordz,1984,1.3460542824233234e-05
5078,End of the Line,1984,1.9016052485172648e-13
9063,Brettfußball,1984,0.9996514009171678
10906,Beggars and Thieves,1984,1.607298204635819e-07
1523,Pharao,1984,1.332129314783941e-08
1021,Harun,1984,0.8911813891291107
13893,Quizwrangle,1984,1.5913277202167627e-08
5281,Octiles,1984,1.6103690293993524e-05
1548,Libero,1984,0.12380559145469727
22614,Petróleo,1984,5.398099941080141e-07
9685,Bounce It-In Game,1984,5.239176414864295e-16
34444,Misterio,1984,1.742144967376353e-13
94941,Trivial Pursuit: Genus Editie,1984,0.01825834536810435
11882,3-A-Side,1984,0.0007087197202702849
21162,Dobývání hradu,1984,0.023479729165300695
6685,Arbora,1984,1.4860194947005996e-15
226521,Milliardending,1984,0.12800168854615693
18794,SuperGang,1985,0.9999999999979146
488,Stake Your Claim,1985,3.3231274145335005e-14
772,Ausbrecher AG,1985,3.532322608709288e-08
2281,Pictionary,1985,0.0011729028134008633
1070,Shadows in the Forest,1985,1.4434999635177394e-12
2767,Snail's Pace Race,1985,2.8378161020680024e-15
2554,Auf Fotosafari in Ombagassa,1985,5.3989622774947605e-14
788,Tales of the Arabian Nights,1985,0.9999999497427895
23831,Ruck Zuck,1985,1.21930514516097e-13
14370,Speechless,1985,0.0022295834728326236
7713,Dingo,1985,7.690539214696078e-11
16342,Het Grote DE Koffiespel,1985,0.00022964369725978853
20111,The Golf Game: Par Excellence,1985,2.248053101648195e-06
3568,Stage II,1985,0.7796505850752736
3031,Flightplan: The Airline Game,1985,9.269218046072078e-15
8895,Wyatt Earp,1985,0.9125718315242421
3557,Steppe,1985,0.6372817705780099
10687,Tipsy Tower,1985,1.8283170046714842e-13
3033,Bus Boss,1985,0.3365703159416618
4435,Pirate Inc.,1985,0.014339401868651675
15066,Cat & Mouse,1985,1.6350181965067125e-14
13115,Taki,1985,1.3560289302955363e-11
5381,How to Host a Murder: The Hollywood Premiere of Powar and Greede,1985,1.0
46953,Go Bang Plus,1985,0.000305207440405073
472,DungeonQuest,1985,0.9975229307191339
414,Around the World in 80 Days,1986,0.00032788973991235577
24037,Escape from Atlantis,1986,0.004259167807429474
4637,Max,1986,8.428214874314622e-21
5770,Orchard,1986,1.2976349926098958e-16
4355,Therapy,1986,0.01557707396600943
4862,Outburst!,1986,0.28144394703267334
1398,Chicago,1986,0.9999391887110922
16719,Manhattan,1986,0.13435604780381422
515,6-Tage Rennen,1986,0.2507234282936589
1768,Fireball Island,1986,2.323856688223067e-14
9272,Jade König,1986,0.0021440061162688526
563,Doolittle & Waite,1986,0.9682191528141177
22283,Der Räuber Hotzenplotz,1986,4.6386637850348e-16
2145,Domination,1986,0.9999999999973612
221,Ikusa,1986,1.0
2801,Goldraub in London,1986,0.9999995771992047
3484,Armada,1986,0.9999897883898091
4555,Das Blaue Amulett,1986,6.052407467342675e-08
11632,Veleno,1986,1.8430854735480847e-13
23249,Game of Games,1986,1.7256935457820728e-09
17510,Sponsor,1986,4.430914670173489e-09
380,Polarity,1986,1.26831143067015e-09
4585,Seaside Frolics,1986,2.7491458481167992e-12
7491,Princess,1986,8.459612786814197e-18
240,Britannia,1986,1.0
1950,The Mysteries of Peking,1987,2.372030316343794e-09
1396,Ben Hur,1987,0.0004061890646040026
2203,Suppenkasper,1987,1.6385787885175714e-05
1744,Monster Mash,1987,1.4393149072350286e-12
756,Black Vienna,1987,0.9999999430147773
6660,Cubus,1987,3.5484117939232507e-09
2546,Elixir,1987,3.5839543723428302e-06
1303,The Squirrel Game,1987,7.03895761430059e-16
2230,Ayanu,1987,0.69281196426095
3898,Glebdo,1987,0.7272847741789098
1004,Der Feuersalamander,1987,0.4540541580153962
4881,Personal Preference,1987,1.1888888036672398e-11
40583,Triomph,1987,0.9011978080105615
7256,Digit,1987,2.5078156598900974e-12
9170,Aladdins Erbe,1987,0.9998610809068642
6513,Don't Panic!,1987,2.321993421471781e-13
498,Sufferin' Spirits,1987,0.7429563651583455
6414,Genius Rules,1987,1.0830056153934564e-11
16612,Viersprong,1987,2.977552771166358e-16
2731,Upthrust,1987,4.8198435587375307e-14
1073,Der Schatz der Inka,1987,2.0163452564979036e-07
2354,Scan,1987,0.002344291389397205
8775,Bremer Stadtmusikanten,1987,3.2240319689775656e-12
1826,Whatzit?,1987,0.0016666195511887787
1184,Zug nach Westen,1987,0.0008029180522987796
943,Ligretto,1988,3.000430792671044e-08
602,Animal Poker,1988,4.042027939051401e-05
1924,Maloney's Inheritance,1988,0.9792417925888085
362,Elefantenparade,1988,1.1179750066697382e-12
24964,Reinhold Wittig's SPIELECOLLECTION No. 1 Spiele zur Schatzinsel,1988,0.9751288543910233
1029,Lieber bairisch sterben,1988,1.0
5155,Dorada,1988,1.57792483191641e-13
15505,The Last Straw,1988,3.125879789400017e-17
11836,Code Stack!,1988,2.3037239456890673e-10
900,City,1988,2.051662180806896e-11
2350,Eureka,1988,0.36433289385524925
20,Full Metal Planète,1988,0.9999999998101139
39245,Neu,1988,1.6751934574004714e-14
1211,Race Through Space,1988,3.2525225264266877e-13
2349,Inspector Higgins,1988,4.202925590977065e-13
15520,Kids On Stage,1988,4.8842573799094474e-18
1252,Pyramidis,1988,1.338977429600901e-05
8899,Rimini,1988,1.3934958559088614e-12
20924,The Guinness Game of Records,1988,1.681654151166526e-11
28266,Das Spiele-Buch,1988,0.7173138890821271
2364,Black Monday,1988,0.009633685907920216
7683,Ronda Magica,1988,1.4155059575410692e-14
230,Merchant of Venus,1988,0.9999999999999993
2062,Deal Me In,1988,1.0203186686162365e-06
1242,Cut and Run,1988,0.029250974684517456
494,Ave Caesar,1989,5.249662793998559e-10
167,Dicke Kartoffeln,1989,0.9999999999896001
699,HeroQuest,1989,0.9999999996510129
126,The Really Nasty Horse Racing Game,1989,3.5702264504380183e-06
7973,My Haunted Castle,1989,1.649503800348498e-15
8939,Der wahre Walter,1989,5.831847511606087e-07
4485,Hotel Life,1989,0.9999961614996086
4957,Timberland,1989,5.2631698979469877e-11
151,Piratenbillard,1989,1.7113760535809212e-10
12535,Verzauberte Eulen,1989,3.435807955158829e-06
6,Mare Mediterraneum,1989,1.0
13017,Animal Olympics,1989,1.9100394835041e-15
2003,Spectrangle,1989,6.444027123594528e-10
12644,Echelon,1989,7.838530649793563e-07
501,Dschungelrennen,1989,6.800387673850989e-10
406,Meteo,1989,0.11187269247392367
856,"New York, New York",1989,4.990262544982539e-12
30951,Nanu?,1989,3.027905562742038e-14
14277,Einfalls-Pinsel,1989,0.32166595424248395
12574,Images,1989,0.0001644391890070811
3329,Hans Dampf,1989,1.5308790834299737e-08
1325,Wild Pirates,1989,7.225402648709917e-08
462,Esels-Rennen,1989,5.270757820260193e-17
514,True Colors,1989,8.689848907646245e-07
20058,Therapie: Jetzt oder nie,1989,0.47845568646086395
3085,Gang of Four,1990,0.22977552771148024
940,Karawane,1990,0.00010312533305439292
2310,Cash,1990,1.4663438201431117e-07
95,Igel Ärgern,1990,3.5216535426284684e-11
1940,Sindbad,1990,0.005478580655969224
12157,Unanimo,1990,7.291059404640522e-10
2944,Halli Galli,1990,5.231882342188638e-14
3182,Vanished!,1990,0.0003022397569497951
1160,Boom Town,1990,2.7824344447507748e-05
430,Asterix: Das Kartenspiel,1990,4.0276572024360123e-10
3104,Chamäleon,1990,2.879658533122265e-10
719,Tyranno Ex,1990,0.9999999946361997
12539,Amnesia,1990,2.2643961339889024e-12
157,Eurorails,1990,0.999999999986722
22192,HeroQuest Advanced Quest,1990,0.9999999868090175
1866,Brainstorm,1990,5.292333434633163e-06
561,Flußpiraten,1990,0.09474257249798168
290,Gold Digger,1990,8.188426223047767e-09
352,Trumpet,1990,2.3245832818786932e-07
8790,Activity,1990,0.5597475766745985
661,Where's Bob's Hat?,1990,0.8245590279728615
14564,Hollywood,1990,0.03874310297405977
3818,Alias,1990,2.2079261716133675e-07
2021,Spirit,1990,0.3028074352283708
10855,Le Paresseux,1990,2.581309771100452e-15
449,The Great Balloon Race,1991,4.428426030577817e-05
224,History of the World,1991,1.0
277,Res Publica,1991,0.9556266557887205
2535,Valley of the Mammoths,1991,0.9999999999999862
2092,Elfengold,1991,0.19065141684570355
454,Tante Tarantel,1991,4.493531021679139e-07
2217,Columbus,1991,3.856020118215238e-05
215,Tichu,1991,0.9982335862571967
3147,Mandarin,1991,1.0166582285043854e-07
1038,Tantrix,1991,2.89398153377291e-05
574,Devil Take the Hindmost,1991,1.3826520555021138e-05
458,Sherlock Holmes: The Card Game,1991,0.08506377309377477
6558,The Secret Door,1991,1.6840088488543367e-18
751,Minos,1991,0.9999999999975457
9619,Ex Libris,1991,0.9899911137705175
1484,Clue: The Great Museum Caper,1991,0.15384164668747008
1400,Columbus,1991,0.00019959315334471025
104,Extrablatt,1991,0.9999999999796731
265045,Flash,1991,0.5546923352438844
21774,African Queen,1991,0.9993336101859687
2864,Automania: The Game of the Motor Giants,1991,0.003770629865054811
3330,Peloton,1991,0.6665968377017587
1855,Hedbanz for Adults!,1991,1.1746474523557297e-08
2981,Breaking Away,1991,0.9778042993003109
6604,Flotte Krabbe,1991,1.463163556918963e-14
308,Santa Fe,1992,0.9674778271743212
305,Der Fliegende Holländer,1992,0.9999998448947086
327,Loopin' Louie,1992,1.4433098199323693e-19
201,The Rose King,1992,6.204189719023497e-06
2792,Coco Crazy,1992,2.2283694040586824e-16
770,Loot,1992,2.93953016000857e-07
303,Koalition,1992,0.9999999987256516
8829,Nobody Is Perfect,1992,0.0005622124576665942
14553,Times,1992,0.5164464694298279
2189,Pfusch,1992,8.210711942804656e-05
312,Landlord!,1992,5.161245642486632e-10
485,Galloping Pigs,1992,1.5986390958260473e-08
5001,Telepaths,1992,4.2052635986901596e-06
4,Tal der Könige,1992,0.9999120928394557
198,Buried Treasure,1992,0.011828445065562241
416,A to Z,1992,7.2875039340867355e-06
505,Goldener Drache,1992,0.0004402859191577007
571,Papua,1992,0.02437764603473092
4072,¡Knock-on-Word!,1992,0.0014866612510922642
10813,Aya,1992,4.181675254279843e-13
211,Times to Remember,1992,2.492557910575952e-10
15390,ハーベスト (Harvest),1992,7.369392669712481e-09
3500,Schmuggler an Bord,1992,2.1506220266351063e-11
1120,Silver Mine,1992,2.6355232911695215e-10
6541,Articulate!,1992,4.418193144224938e-06
1234,Once Upon a Time: The Storytelling Card Game,1993,1.1499891600424044e-10
249,Lifeboats,1993,0.9387774174154278
1419,Pylos,1993,2.7383883039858788e-08
169,En Garde,1993,1.5414709570701114e-05
317,The Mob,1993,0.018666080076834148
13972,Party & Co,1993,0.01158274574734552
459,Ausgebremst,1993,2.9180381413354234e-07
1899,13 Dead End Drive,1993,6.974020167321359e-07
1912,World Cup Tournament Football,1993,0.272498819594247
1007,Die Hanse,1993,0.9495266116581232
1702,Klondike,1993,3.349689294833072e-13
1053,Orbit,1993,0.9941906001441988
39089,Tiku,1993,1.965781740903834e-06
354,Stick 'Em,1993,0.0601906333706286
332,Vernissage,1993,0.9999999999829776
1448,Freight Train,1993,0.9999999685511628
7320,Elefun,1993,2.844134321415665e-20
465,Zankapfel,1993,0.009154505491697133
17915,Weniger ist Mehr,1993,0.9622542312152006
14032,Finders Keepers!,1993,3.531759516629145e-16
1544,Beyond Balderdash,1993,2.9634854189032887e-09
29,Terrain Vague,1993,0.999999999874718
4272,Punk sucht Lady,1993,5.978741745194506e-06
2625,Das Pferd von Troja,1993,2.9732208134502966e-07
1946,Ali Baba,1993,0.1305503984071802
18,RoboRally,1994,0.9985635567806884
313,Big Boss,1994,0.6725496766795523
109,Wettstreit der Baumeister,1994,0.9732226228391248
280,Neue Spiele im alten Rom,1994,0.9998239545275435
2095,Waldmeister,1994,0.9974019447725126
8897,Kennen Sie Traxenbichl ?,1994,0.0005158146698612325
119,Kingdoms,1994,7.718011642977594e-05
1459,Sharp Shooters,1994,1.1158390658938687e-06
398,Wildlife Safari,1994,1.3046414729081463e-09
137,Pass the Bomb,1994,1.609463483755572e-05
114,Ransom,1994,1.2615567954077442e-08
1006,Die Erbraffer,1994,5.2481205555138575e-06
1586,The Hobbit Adventure Boardgame,1994,0.9983302209244542
4855,Crazy Race,1994,1.1339002907610526e-05
1008,Die Schlangen von Delhi,1994,1.356583394251583e-10
3252,Beziehungskisten,1994,3.587058356495323e-08
993,An den Ufern des Nils,1994,0.9992075608206311
404,Worm Up!,1994,1.572537086043178e-11
13094,Category Game,1994,3.727646106266001e-08
6617,Rapidough,1994,1.2643660413122962e-09
7366,Flix,1994,7.335952702128234e-12
2304,Knock Out,1994,0.9995134274800341
6573,Husch Husch kleine Hexe,1994,7.594177120736089e-14
1411,"Fugger, Welser, Medici",1994,1.0
11634,Mexican Train,1994,8.227575342699091e-09
915,Mystery of the Abbey,1995,0.9999907041177376
3837,Rat-a-Tat Cat,1995,1.932639978990005e-12
220,High Society,1995,0.01607153685607025
3034,Cluedo: Super Sleuth,1995,4.7446752909215985e-06
9194,Personality,1995,2.8220127500469183e-10
1162,Burp,1995,3.7311686653493297e-07
541,Das Motorsportspiel,1995,0.9999199030556718
619,The Bottle Imp,1995,0.851936719104089
929,The Great Dalmuti,1995,2.7486178185812793e-07
668,Sternenhimmel,1995,0.5813002641883237
350,Hattrick,1995,0.21294493312744525
415,Espresso,1995,1.3682772520090614e-13
5953,Karambolage,1995,1.4806634590188476e-11
24803,Speed,1995,1.900718502507864e-14
471,Totem,1995,0.9854256430266282
27928,Maillot Jaune,1995,0.992292272569815
144,Elfenwizards,1995,0.9999995309668193
182,Knights of Charlemagne,1995,1.7065716016782107e-07
3190,Quixo,1995,1.8484732051845408e-10
1504,Bakschisch,1995,3.041493960077152e-07
373,Wrott & Swindlers,1995,0.9674486564292135
2978,Stratego 4,1995,2.848125453841547e-06
3984,Tahiti,1995,0.0043740172295037
910,Kunst Stücke,1995,0.8683530688943378
635,Formula Motor Racing,1995,2.9557293382276208e-05
200,Entdecker,1996,0.9614012245101675
2604,Compatibility,1996,1.5883637152672387e-08
1177,Die Ritter von der Haselnuss,1996,4.554327101038266e-17
434,Yucata',1996,8.734908321601395e-08
473,Olé!,1996,1.819069735443709e-08
16,MarraCash,1996,0.719988657132252
5590,Hallo Dachs!,1996,2.6973067435719614e-13
344,Classic Art,1996,0.9999197758605491
293,Bamboleo,1996,3.2372516512435865e-09
232,Serenissima,1996,0.9999999999999087
1974,Das GROSSE und das kleine A,1996,2.339643856227211e-05
1367,Grand National Derby,1996,0.00013149969824990872
1439,Penguin Pile-Up,1996,2.632126912600436e-19
9597,Vier zu mir!,1996,4.0377311068732384e-13
10645,Mutabor: Im Irrgarten des Kalifen,1996,0.0030379475752399486
257,Kill Doctor Lucky,1996,0.0008258967549657451
272,Downtown,1996,0.9993966847305532
146,Buy Low Sell High,1996,0.4596734684435726
1171,Ricochet,1996,6.126141909560969e-09
2563,Hot Dog,1996,2.624692104339228e-07
486,Barnyard Buddies,1996,4.559411352441323e-19
1299,Trivial Pursuit: Genus IV,1996,0.150405101039551
9092,Avalam,1996,0.00032092142294331134
1227,Stonewall,1996,9.388605739834425e-09
343,Twins,1996,7.473215306555161e-08
3570,Chicken Cha Cha Cha,1997,1.7138805040380367e-18
172,For Sale,1997,4.665699670654577e-08
124,Primordial Soup,1997,0.9999999999998741
3119,Haste Worte?,1997,4.5305232214914184e-10
2629,Ramses II,1997,1.0027318886397027e-10
2114,"Duck, Duck, Bruce",1997,8.2374529549307e-10
2633,DOG,1997,8.402746882217438e-07
624,Quoridor,1997,1.5766284365541964e-08
1163,"Ciao, Ciao...",1997,3.450989097743373e-06
686,Dr. Jekyll & Mr. Hyde,1997,0.9999952536739267
10508,Leinen los!,1997,2.2120345743265243e-15
173,Formula Dé,1997,0.9922009973740031
1130,Halali,1997,4.2125807182392905e-10
105,Colossal Arena,1997,0.9989130992693807
219,Volle Hütte,1997,0.0014871099155129759
400,Shanghai,1997,2.0105292174522083e-05
8098,Jungle Speed,1997,1.2352208719644927e-10
1027,Konzern,1997,0.9874249205235537
2839,Fair Play,1997,1.4560007958761388e-10
8243,Rolit,1997,2.032585261053045e-09
3435,Zwergen Ziehen,1997,6.425590761474097e-13
858,Blindes Huhn,1997,5.1385239941945e-10
6994,Scrabble Card Game,1997,1.128231815780891e-05
1017,Fresh Fish,1997,0.99999999929655
773,Beim Zeus!,1997,0.9911525585167488
3,Samurai,1998,0.02579236797762803
337,Circus Flohcati,1998,1.247428027692191e-08
1028,Kraut & Rüben,1998,1.7969145496178336e-09
429,Magalon,1998,0.9853695605242166
374,Colorado County,1998,0.4918525950226221
651,Zero Down,1998,4.060048047343418e-05
564,Die Seidenstraße,1998,0.00014420915797241335
296,Medieval Merchant,1998,0.9999999120306065
106,Mystery Rummy: Jack the Ripper,1998,0.009430852232597377
206,Jalape-NO!,1998,0.0010001957530847132
6191,Xe Queo!,1998,1.1480803135457491e-08
357,Excape,1998,1.7506227805443633e-07
116,Guillotine,1998,4.043291353070759e-05
5338,Ocean,1998,0.00028170370462356366
359,Bucket Brigade,1998,1.3049948556936424e-07
2733,Stimmvieh,1998,0.9999855314541264
3302,Machu Picchu,1998,1.828593302392109e-09
461,Freibeuter,1998,9.143469153304812e-07
457,Jumbo Grand Prix,1998,0.0027397038527860783
363,Cat Blues,1998,0.00016152441834282424
10095,Pogo,1998,0.2945671963494786
502,Bretonenboule,1998,9.189736619739224e-16
8902,Das Quiz des 20. Jahrhunderts,1998,0.028835106784295003
268,Cheops,1998,0.9953097203339343
1849,Wörtersee,1998,3.321299184900295e-10
51,Ricochet Robots,1999,0.11384418214389624
12,Ra,1999,0.9986956357350459
1353,Time's Up!,1999,0.764245163769786
74,Apples to Apples,1999,9.907838139694412e-09
372,Schotten Totten,1999,0.003344086662724426
210,Don Pepe,1999,9.194719719462526e-05
70,Big City,1999,0.6965155358817743
111,Rheinländer,1999,0.99499954676513
141,Andromeda,1999,0.9999995463317064
204,Stephenson's Rocket,1999,0.9999999990094015
3586,Sherlock,1999,1.0885447965223303e-07
4493,Kayanak,1999,3.012969503145561e-12
113,"Plotters, Inc.",1999,0.8259063421277016
765,Space Walk,1999,4.45672609912692e-08
831,Schrille Stille,1999,0.0009052837203622538
8651,Pi mal Daumen,1999,3.790726035066084e-07
848,Tip Tap,1999,2.7780294246827064e-13
48,Krieg und Frieden,1999,0.9998852720756407
17216,"Glück, Verstand und Edelsteine",1999,3.6581349846659018e-06
348,Merchants of the Middle Ages,1999,0.9999999993052724
632,Cloud 9,1999,4.4453640755803806e-05
222,Space Beans,1999,0.00020143947197990696
190,Dolce Vita,1999,0.9985671466029967
304,Evergreen,1999,0.002647104065712956
1178,Sphinx,1999,2.473505110984597e-10
492,Aladdin's Dragons,2000,0.9999999997476805
555,The Princes of Florence,2000,0.999999999999992
5222,Old Town,2000,0.00012774166601016177
760,Battle Line,2000,0.03892526035417395
904,Nightmare Productions,2000,0.9999836508095428
855,Java,2000,0.9999999999999682
8295,Secrets of the Pyramids,2000,1.2961498695184071e-15
2655,Hive,2000,0.003967205265342951
531,Merchants of Amsterdam,2000,0.9999958141576992
903,Hamsterrolle,2000,3.493694857063649e-11
941,Turbo Taxi,2000,1.1866352352481187e-07
660,Riffifi,2000,3.6111997921098195e-09
4209,Monza,2000,9.23281371601964e-14
883,Ivanhoe,2000,0.02938240484676293
557,Laguna,2000,7.726585996697869e-06
916,Pete the Pirate,2000,5.3370298012290245e-14
854,Doge,2000,0.9980739030459751
1263,Knights,2000,0.019800012685276692
562,Silberzwerg,2000,0.09050700413004935
4659,Moods,2000,1.0797111813683893e-06
638,Hera and Zeus,2000,0.46320546359406367
869,Bongo!,2000,6.750113623484993e-07
3749,Sumo!,2000,1.5754091637188667e-09
827,Attila,2000,0.9991276751771601
8194,Papperlapapp,2000,4.352886836904184e-10
25821,The Werewolves of Miller's Hollow,2001,0.00017397354728319054
1261,Medina,2001,0.999998906729614
2338,Starship Catan,2001,0.9999999999973981
1205,Luxor,2001,6.359785582115743e-10
1334,Entdecker: Exploring New Horizons,2001,0.9999805196191065
6830,Zendo,2001,0.9995280570869804
1159,Evo,2001,0.9999999999826767
1317,Auf falscher Fährte,2001,1.1300715401870897e-05
1315,Africa,2001,0.592071881000556
2940,A Dog's Life,2001,0.005853266398980911
2476,Industrial Waste,2001,0.33709216277777754
1806,The Piggyback Brigade,2001,3.958352018927976e-12
13328,Chromino,2001,3.2637007242951423e-13
1245,Isis & Osiris,2001,4.4362340972268695e-13
1533,Ghost Chase,2001,0.035182299001326564
3507,By Golly!,2001,2.152878177928278e-16
2539,Urland,2001,0.9999999998035842
4388,"Rome: Imperium, Circus Maximus, Hannibal vs Rome",2001,0.00013185333853788251
2344,Titicaca,2001,0.9999998618834662
878,Wyatt Earp,2001,0.002343093890584983
1336,Eden,2001,0.9999422823840611
1042,Dragon's Gold,2001,0.873169715792306
2353,Muscat,2001,0.9998235970050613
2555,Vom Kap bis Kairo,2001,0.4719419941948646
72644,Perplexus,2001,0.0004219574254155593
25213,30 Seconds,2002,2.159651760609089e-07
5867,10 Days in Europe,2002,1.2847863890408107e-10
2955,Mexica,2002,0.9999859008869848
3228,Pueblo,2002,0.14990241801801396
3307,Wallenstein,2002,0.9999999999999998
3243,Wooly Wars,2002,2.974483609797544e-11
2987,Pirate's Cove,2002,0.9999253133195093
6118,Discovery,2002,0.9653404873682296
8195,Viva Topo!,2002,2.3482361750855368e-18
4396,Odin's Ravens,2002,0.0009153151837598845
3452,Emerald,2002,0.9997482279202492
5178,Marrakesh,2002,2.0384506690616863e-15
3632,Foodie Forest,2002,9.615622107717788e-06
4218,O Zoo le Mio,2002,0.005436355932135645
10989,ConHex,2002,0.9999846670724667
3955,BANG!,2002,0.0006833475574360352
13512,Imagem & Ação 2,2002,9.02367263604525e-07
3208,Dragonland,2002,0.07634044884217664
3201,Lord of the Rings: The Confrontation,2002,0.15026857812829078
3139,Goldland,2002,0.9977153442426098
3230,Tyros,2002,0.999892536463013
5478,Crazy Circus,2002,2.1018253098585657e-10
34701,Thor,2002,4.5200762195283994e-05
3154,Nautilus,2002,0.9999994192567729
5707,Cuckoo Zoo,2002,7.582954058852683e-16
7805,Fearsome Floors,2003,0.028942509095948345
16986,Ubongo,2003,1.0468487644568384e-07
8069,Clue FX,2003,3.010547575574125e-07
6351,Gulo Gulo,2003,3.205594064000954e-20
7483,Schatz der Drachen,2003,2.753813660080288e-10
8147,Maka Bana,2003,0.9995246742766762
12346,Spooky Stairs,2003,1.0742696895877224e-15
7865,10 Days in Africa,2003,2.4900714012450746e-10
8017,Feurio!,2003,1.1024826199132167e-06
8552,I Go!,2003,3.9192568126004414e-07
6539,Formula Dé Mini,2003,0.0002488430449234833
8125,Santiago,2003,0.9999993293474895
7866,10 Days in the USA,2003,5.597938714331587e-10
8273,Alexandros,2003,0.007824293257860512
8166,Anno 1503,2003,0.999992140207645
6263,King's Breakfast,2003,0.00014964724312198415
7804,Dracula,2003,0.07650160505678609
11972,Monte Rolla,2003,1.916626691535923e-17
13926,Froschkönig,2003,7.03895761430059e-16
6281,Eketorp,2003,9.930050065989798e-05
8337,Wapi,2003,1.820159813413309e-12
8924,Dancing Eggs,2003,6.578930993228684e-13
6137,Drive,2003,5.889632373746988e-11
6955,Reiner Knizia's Decathlon,2003,0.00015225246076715823
8190,The Bridges of Shangri-La,2003,0.9999967300592656
10547,Betrayal at House on the Hill,2004,0.9999999252184142
13004,The Downfall of Pompeii,2004,2.8915817305115378e-05
9220,Saboteur,2004,0.0010979446308739976
12004,Candamir: The First Settlers,2004,0.9999544459678229
18803,Black Stories,2004,9.147974283463332e-06
12589,Razzia!,2004,0.9999960474059293
9216,Goa: A New Expedition,2004,0.9999999851661101
10630,Memoir '44,2004,0.024486046225370303
10206,Make 'n' Break,2004,5.674058016077256e-06
8989,Hansa,2004,0.15174734685291313
39332,Tasso,2004,9.087610289995991e-10
14054,Akaba,2004,3.239344201905604e-11
9139,Marco Polo Expedition,2004,9.753070452033036e-07
9341,Lost Valley,2004,0.9999367721294614
14042,Team Work Original,2004,1.472567670900324e-07
18881,Schildi Schildkröte,2004,3.8107739895327707e-19
16747,Tumblin' Dice,2004,5.044724444763924e-08
13551,Oltre Mare,2004,0.9999899532966758
13542,De Ontembare Stad,2004,0.9999989760692322
17991,TAC,2004,0.0004046504451325436
9342,Fifth Avenue,2004,0.9999965130048731
11104,Who's the Ass?,2004,3.834419706145636e-05
9735,Duell,2004,3.244669624312099e-05
11081,Familienbande,2004,3.3395801927303803e-06
17235,Mago Magino,2004,6.724750557320442e-12
15818,Pickomino,2005,3.200098867684079e-08
19996,Nacht der Magier,2005,1.1977359883096945e-11
16149,Up And Down,2005,7.187236299746557e-13
15157,Amazonas,2005,0.001338098696342248
16992,Tsuro,2005,2.0759963467589047e-11
15817,Manila,2005,0.9999998648153482
20100,Wits & Wagers,2005,5.043097296880859e-09
17329,Animal Upon Animal,2005,1.218260932910231e-15
16142,Geisterwäldchen,2005,6.93906633723981e-16
19526,Elasund: The First City,2005,0.9999821146733862
19100,Hacienda,2005,0.9971142463095574
16366,Funny Friends,2005,0.99876198265979
17133,Railways of the World,2005,0.9999999999310512
15173,Die Insel,2005,0.002029196869028437
20122,Bunte Runde,2005,1.285798599397668e-12
19237,Ca$h 'n Gun$,2005,6.821693904616657e-07
13642,Louis XIV,2005,0.9999999907668423
15511,Fjords,2005,0.00037202095851954795
15033,Australia,2005,0.9999489481790551
19600,Antike,2005,0.9999999996265183
15318,Palazzo,2005,1.640866211977276e-05
16373,Techno Witches,2005,6.9810224920868425e-06
20750,Black Stories 2,2005,3.887093724611668e-06
21641,Aquädukt,2005,0.06509473889345442
15364,Vegas Showdown,2005,0.9999844786180299
26156,Ausgerechnet Uppsala,2006,1.8483438242264916e-12
20551,Shogun,2006,0.999999999999994
21763,Mr. Jack,2006,0.6628875003677686
24508,Taluva,2006,0.004818885619703945
24416,Santy Anno,2006,5.6415279965435e-07
21550,Blokus Trigon,2006,1.5306159219037932e-10
27225,Bananagrams,2006,3.804989038487116e-10
21985,Giro Galoppo,2006,3.544361647263311e-11
24771,Null & Nichtig,2006,0.9442008286989139
22141,Cleopatra and the Society of Architects,2006,0.9999999853751971
21293,Celtica,2006,2.188837261732572e-06
29017,Dschungelschatz,2006,3.1846397060037526e-15
22808,Vroeger of Later,2006,0.0004580512338535335
21754,Nottingham,2006,0.04441019493978288
42636,Gemischtes Doppel,2006,2.9618412671432706e-06
24773,On the Underground,2006,0.9680336592968338
22465,On the Dot,2006,1.0318346804829483e-09
23890,Der schwarze Pirat,2006,2.3051617383951985e-12
21920,Leonardo da Vinci,2006,0.999999990156501
168839,Die Kutschfahrt zur Teufelsburg,2006,0.9672446373039587
28565,Save the Treasure of Fairy Tales,2006,2.238635027073058e-10
21791,Masons,2006,0.005576885503223416
28086,Risk Express,2006,9.418343054323865e-08
19948,Rum & Pirates,2006,0.9998197479148077
21987,Doktor Schlüsselbart,2006,1.5203019643618776e-11
27162,Kingsburg,2007,0.9999999999999936
31497,Oregon,2007,0.46857177274050793
27746,Colosseum,2007,0.9999999999999998
30957,Tribune: Primus Inter Pares,2007,0.9999992412792947
27172,Ponte del Diavolo,2007,0.7447230232110981
33643,Whoowasit?,2007,1.3002547842125253e-10
34219,Biblios,2007,0.0004556908360586604
32412,Palastgeflüster,2007,0.8723035167288654
31853,Black Box +,2007,0.3452346895877616
30380,Cuba,2007,0.9999999984812045
29773,Cheeky Monkey,2007,2.4800761884478888e-14
27789,Rotterdam,2007,0.024295454030769898
56692,Parade,2007,4.294389137427031e-07
31479,Ubongo Extreme,2007,0.0003030092675016803
32441,Bezzerwizzer,2007,0.032915767118289085
28720,Brass: Lancashire,2007,0.9999999999999831
22398,10 Days in Asia,2007,5.213146274601912e-10
28218,Cash-a-Catch,2007,0.003019674702980791
30241,Patrician,2007,0.02345080158937959
32405,Alles Tomate!,2007,1.9012752040442527e-09
30381,Hamburgum,2007,0.9999999992133177
32382,Gipsy King,2007,7.29541330683435e-07
22545,Age of Empires III: The Age of Discovery,2007,0.9999999999699118
27719,Trapper,2007,0.6647649090114861
32165,Darjeeling,2007,0.38743823985574594
36648,Pyramid of Pengqueen,2008,9.404609227486716e-06
37728,Rock the Beat,2008,3.4537791847665936e-10
34969,Ubongo: Duel,2008,0.025790240431678896
38054,Snow Tails,2008,0.00025211017474097884
36745,Simply Ingenious,2008,2.6639456829829766e-11
37046,Ghost Stories,2008,0.9999999995459612
37400,Sushizock im Gockelwok,2008,0.00016214900728299988
35488,The Name of the Rose,2008,0.9998618517268901
35293,Im Reich der Wüstensöhne,2008,0.9998308964408836
91666,Crossboule,2008,1.0931516727048568e-11
34599,Toledo,2008,0.005742854838429967
35677,Le Havre,2008,1.0
38032,Byzanz,2008,0.00013601445454718746
37904,Formula D,2008,0.9999873454457587
38548,Fast Flowing Forest Fellers,2008,3.691060060852967e-09
34297,The Climbers,2008,0.002408354456659411
38359,The 3 Commandments,2008,0.005939411373937858
38713,Time's Up! Edición Amarilla,2008,1.9298913594833066e-05
38862,Giants,2008,0.9999999997195346
38944,Via Romana,2008,0.0024764475812357615
35570,Tinners' Trail,2008,0.999999999997377
38531,Powerboats,2008,0.1268788209192888
37371,Piece o' Cake,2008,3.113937536234743e-07
47046,Gambit 7,2008,9.620403972413939e-12
35572,Strozzi,2008,0.8280486141120369
46213,Telestrations,2009,2.2526525329164043e-09
34119,Tales of the Arabian Nights,2009,0.9999999998879849
46396,Ubongo 3D,2009,0.010397537303648226
63268,Spot it!,2009,4.5551982896363345e-12
41916,The Magic Labyrinth,2009,6.0680294254136e-06
41302,First Orchard,2009,5.8443678052880525e-18
55427,Mr. Jack in New York,2009,0.9999988342588155
55253,Atlantis,2009,1.000375185379728e-06
55670,Macao,2009,0.9999999999736111
60574,Mausgeflippt,2009,3.1861169702281235e-13
27833,Steam,2009,0.9999999999999927
39683,At the Gates of Loyang,2009,0.9999999993174422
43868,The Adventurers: The Temple of Chac,2009,0.9641455538408207
59223,Diego Drachenzahn,2009,9.876458311245201e-15
58421,Egizia,2009,0.999999944182506
54998,Cyclades,2009,0.9999999999997695
43443,Castle Panic,2009,0.00012787508607440819
40214,Bombay,2009,0.9335555106417311
55896,Koplopers & Dwarsliggers,2009,0.9999681882293365
40793,Dice Town,2009,0.9339520991267108
41185,"Europa: Paris ist ja klar, aber wo liegt Córdoba?",2009,1.5336825454842072e-07
54735,Lemming Mafia,2009,4.035007305366065e-05
45315,Dungeon Lords,2009,0.9999999933400534
41114,The Resistance,2009,0.9677126314205005
57925,Havana,2009,0.7170900830626985
66589,Navegador,2010,0.9999999996664848
75449,Firenze,2010,0.9999920891146654
80942,Ranking,2010,6.287580934855828e-08
77361,Photo Party,2010,2.830256985540285e-11
84732,Kariba,2010,1.8061106024455647e-12
72287,Mr. Jack Pocket,2010,0.0005956327006428711
85256,Timeline: Inventions,2010,3.015845136029901e-08
66362,Glen More,2010,0.9999999822438136
82702,Funfair,2010,1.6597161608911374e-09
68182,Isla Dorada,2010,0.6683283783592145
83196,Pig 10,2010,1.3640816035261704e-13
73664,Cabo,2010,2.560843724229494e-07
73439,Troyes,2010,1.0
67180,Tikal II: The Lost Temple,2010,0.9999963685153105
76883,Khan,2010,0.008107535803140229
81691,Lino,2010,0.3889233147670096
65515,Nuns on the Run,2010,0.9999966456968395
83629,The Hobbit,2010,0.9933645315217672
80933,Sandwich,2010,6.667822894800082e-12
66505,The Speicherstadt,2010,0.03421785119984624
48726,Alien Frontiers,2010,0.9999999988633754
66797,Heckmeck Junior,2010,2.6747429357502073e-12
63759,Seeland,2010,0.9315603788893589
67178,Water Lily,2010,2.4245858141514946e-12
84454,Wer war's?: Löst das Rätsel von Schräghausen!,2010,1.8065558780020613e-15
92644,Schnappt Hubi!,2011,7.061877263955453e-18
70919,Takenoko,2011,0.7225368080895315
105134,Risk Legacy,2011,0.9999999999995399
91425,Map It! World Edition,2011,4.114262558166597e-11
59959,Letters from Whitechapel,2011,0.999999875624037
135779,A Fake Artist Goes to New York,2011,5.49096479277161e-08
100901,Flash Point: Fire Rescue,2011,0.9999815638669451
85325,Kolejka,2011,0.020313297836360766
90040,Pergamon,2011,0.9852041388259541
91312,Discworld: Ankh-Morpork,2011,0.999998792926915
70323,King of Tokyo,2011,0.00015632262822317544
102680,Trajan,2011,0.999999999999295
130176,Tales & Games: The Hare & the Tortoise,2011,2.1471010006427277e-09
91514,Rhino Hero,2011,9.529587882048294e-17
97842,Last Will,2011,0.9999977731411565
97207,Dungeon Petz,2011,0.9999999993321376
91671,Da ist der Wurm drin,2011,8.803031878037715e-16
113401,Timeline: Events,2011,7.154954416664938e-08
153016,Telestrations: 12 Player Party Pack,2011,3.5644814366482065e-08
105593,Cheating Moth,2011,1.9722988093893176e-09
104347,Santiago de Cuba,2011,0.9925734032820824
102548,Dungeon Fighter,2011,0.038726658196834324
90305,Cargo Noir,2011,0.6724021498301255
94480,Pantheon,2011,0.9999997174378102
99975,Timeline: Discoveries,2011,1.1927288136494746e-07
110327,Lords of Waterdeep,2012,0.9999997176144351
121921,Robinson Crusoe: Adventures on the Cursed Island,2012,1.0
118247,Lucky Numbers,2012,1.7314934346632875e-13
123540,Tokaido,2012,0.2299862334468982
121041,Pluckin' Pairs,2012,9.302688780643135e-10
122515,Keyflower,2012,0.9999999999216109
122298,Morels,2012,0.1625475268642669
118000,Africana,2012,0.20669183540780628
127997,Qin,2012,1.5754526520979494e-05
128664,Timeline,2012,1.3405447539669297e-10
128882,The Resistance: Avalon,2012,0.9999913646714177
123576,Sheepland,2012,0.0020011136059133157
131366,Eight-Minute Empire,2012,0.005448731485620328
131325,Timeline: General Interest,2012,9.69448668500475e-11
124708,Mice and Mystics,2012,0.9999935074819918
118293,Mondo Sapiens,2012,1.3616439056591517e-06
126792,Myrmes,2012,0.9999999999551312
118023,Keltis: Das Würfelspiel,2012,8.43899935818574e-06
121073,Panic Lab,2012,0.000738660127321458
123260,Suburbia,2012,0.9999972889503855
128271,Ginkgopolis,2012,0.9999999987747843
123570,Strike,2012,3.1916245096693576e-06
123885,Pick-a-Dog,2012,8.83295767267978e-09
130882,Cardline: Animals,2012,1.9850199979303792e-10
111148,Würfel Bohnanza,2012,0.1196337554491397
113997,Tajemnicze Domostwo,2013,1.10752795184445e-05
128621,Viticulture,2013,0.9974715528827612
146312,Ghost Fightin' Treasure Hunters,2013,0.0006527959366573768
134453,The Little Prince: Make Me a Planet,2013,3.6565573449116303e-05
143515,Coal Baron,2013,0.9562396366047184
140620,Lewis & Clark: The Expedition,2013,0.9999999999998952
150145,Skull King,2013,6.438373906685967e-05
145639,Coconuts,2013,5.922886899296462e-15
134626,Golden Horn: Von Venedig nach Konstantinopel,2013,4.706462071710646e-06
143693,Glass Road,2013,0.999999966109282
158600,Hanamikoji,2013,0.011960675331179015
149863,Castro,2013,3.4367764987622164e-08
133473,Sushi Go!,2013,1.4761761993002597e-08
140933,Blueprints,2013,0.9795247963262553
126042,Nations,2013,1.0
71074,Expedition: Northwest Passage,2013,0.9999935198229842
143986,CV,2013,0.9993195147013234
143741,BANG! The Dice Game,2013,1.413260690527149e-05
127024,Room 25,2013,2.7488849225617508e-09
127060,Bora Bora,2013,1.0
147768,Five Cucumbers,2013,4.7371773314998885e-07
139030,Mascarade,2013,0.0034535403449397024
119506,Freedom: The Underground Railroad,2013,0.9999999922989392
137140,Wunderland,2013,2.1776502585744367e-05
133848,Euphoria: Build a Better Dystopia,2013,0.9999999973767648
161970,Alchemists,2014,1.0
157354,Five Tribes: The Djinns of Naqala,2014,0.9999999995854532
155426,Castles of Mad King Ludwig,2014,0.9999999665246517
169654,Deep Sea Adventure,2014,7.337423512503944e-11
156009,Port Royal,2014,0.06005996405677868
153065,Linko,2014,1.3133909567583203e-05
164265,Witness,2014,0.00020372307622138923
156129,Deception: Murder in Hong Kong,2014,0.9511917035671353
153425,North Wind,2014,0.9996954187892504
154458,Akrotiri,2014,0.8953945165810246
157403,Black Fleet,2014,0.9904402500366412
167270,Medina (Second Edition),2014,0.5896982774282762
168215,Saboteur: The Duel,2014,1.9654984629377478e-05
155987,Abyss,2014,0.9994366890608726
161417,Red7,2014,3.8352743095402324e-05
155703,Evolution,2014,0.021756040659439573
141572,Paperback,2014,0.8988969028602757
132531,Roll for the Galaxy,2014,0.9999999978935672
147020,Star Realms,2014,0.02401084355635155
153004,Lemminge,2014,6.916612287080161e-08
172931,Outfoxed!,2014,9.201570955124623e-15
144223,Blocky Mountains,2014,3.308490260445952e-08
153422,Gardens,2014,0.0006997957695337284
146886,La Granja,2014,0.9999999999999993
166276,Hellweg westfalicus,2014,0.7540588817160858
181304,Mysterium,2015,0.37405150275532745
172818,Above and Below,2015,0.9999999996268525
175117,Celestia,2015,0.14006207254010591
172081,Burgle Bros.,2015,0.9999999824074978
182694,Watson & Holmes,2015,0.6088622494710113
168435,Between Two Cities,2015,0.27728482796314935
180974,Potion Explosion,2015,0.006022337744572965
182874,Grand Austria Hotel,2015,0.9999999999998348
173092,Träxx,2015,4.643951900067444e-11
183231,Adventure Land,2015,0.19597166007831554
176920,Mission: Red Planet (Second Edition),2015,0.0021542574474310567
171129,Spinderella,2015,7.19905613907709e-17
171273,FUSE,2015,0.038002857358654656
177639,Raptor,2015,9.736836270708671e-09
171669,Discoveries: The Journals of Lewis & Clark,2015,0.999986447648083
172507,Mmm!,2015,4.91421787155989e-13
180602,Game of Trains,2015,1.907102217154508e-07
181345,Dr. Eureka,2015,3.859207858653224e-12
182028,Through the Ages: A New Story of Civilization,2015,1.0
172287,Champions of Midgard,2015,0.99999999737673
183840,Oh My Goods!,2015,0.005251410278075999
140934,Arboretum,2015,0.14866047561301715
174660,New York 1901,2015,0.13084942777540365
160851,Lanterns: The Harvest Festival,2015,1.5596809702818276e-09
180511,Shakespeare,2015,0.9999999988004469
169786,Scythe,2016,1.0
205059,Mansions of Madness: Second Edition,2016,0.9999999999998552
188866,Awkward Guests: The Walton Case,2016,0.9999940954239067
199478,Flamme Rouge,2016,1.9307486351502406e-10
209010,Mechs vs. Minions,2016,0.9999999966942563
177736,A Feast for Odin,2016,1.0
193558,The Oracle of Delphi,2016,0.9999999999994686
198454,When I Dream,2016,1.9274751169383953e-05
177524,ICECOOL,2016,1.9947022527076126e-14
176396,Quadropolis,2016,0.0005123865932814861
199042,Harry Potter: Hogwarts Battle,2016,0.9999761434347166
192291,Sushi Go Party!,2016,2.105477190882218e-08
204027,Cottage Garden,2016,0.015958332428568343
206931,Encore!,2016,6.6216860365118e-07
204836,Escape Room: The Game,2016,0.9999996972459397
191925,Bandido,2016,4.946136561906001e-11
191538,Leo,2016,7.421697829154174e-18
182134,Evolution: Climate,2016,0.9962043508339438
193083,Kribbeln,2016,4.823032876297674e-09
193042,Junk Art,2016,9.166820439777197e-13
194626,Happy Salmon,2016,2.2658016336035562e-17
203993,Lorenzo il Magnifico,2016,0.9999999999999998
194100,Costa Rica,2016,3.6973000764459934e-06
200147,Kanagawa,2016,0.0003168696482227807
205045,Avenue,2016,1.387486694416809e-06
180263,The 7th Continent,2017,1.0
195421,Near and Far,2017,0.9999999999999609
197376,Charterstone,2017,0.992910215861452
220877,Rajas of the Ganges,2017,0.9999999754047874
199561,Sagrada,2017,0.9999999024273944
162886,Spirit Island,2017,0.9999999999999993
209685,Century: Spice Road,2017,0.005069139897399839
184921,Bunny Kingdom,2017,0.9995184685975609
206718,Ethnos,2017,0.003308978583182213
194594,Dice Forge,2017,0.9999262356681835
234487,Altiplano,2017,0.9999999999996347
219513,Bärenpark,2017,1.7874099128405863e-07
216132,Clans of Caledonia,2017,0.9999999999996425
235113,30 Seconds: Everyday Life,2017,3.2017189495372133e-07
190082,Whitehall Mystery,2017,0.39420999204310053
218603,Photosynthesis,2017,0.9955866528831944
232832,Century: Golem Edition,2017,0.01399492422676448
234277,Nusfjord,2017,0.9999982014437242
204472,Sub Terra,2017,0.9972451739813084
217449,NMBR 9,2017,7.735277508331449e-12
216459,The Lost Expedition,2017,0.05895225355477764
193214,Meeple Circus,2017,2.542055722235919e-07
228504,Cat Lady,2017,2.03344952191854e-07
213893,Yamataï,2017,0.9999995331349473
201825,Ex Libris,2017,0.999743504422388
239188,Chronicles of Crime,2018,0.20333084352656364
225694,Decrypto,2018,0.9726272817737129
199792,Everdell,2018,0.9999999993489572
245476,CuBirds,2018,3.2473019436800596e-09
244608,Menara,2018,7.330112305620095e-07
256788,Detective Club,2018,1.0415218111638274e-05
242302,Space Base,2018,0.9999999984578478
233867,Welcome To...,2018,0.01819589205234134
264295,Fabulantica,2018,1.4789207758482593e-06
237182,Root,2018,0.9999999999999996
261262,Blöde Kuh,2018,2.0556599878885665e-11
233312,Stuffed Fables,2018,0.9999993698556245
224517,Brass: Birmingham,2018,0.9999999999999931
258036,Between Two Castles of Mad King Ludwig,2018,0.9633313574083452
244995,Illusion,2018,4.598800609255378e-07
244331,Blue Lagoon,2018,0.5309342932796333
257759,The River,2018,0.0004428158603592338
246761,Cahoots,2018,1.5915243231015626e-06
245654,Railroad Ink: Deep Blue Edition,2018,5.252254533026609e-05
246192,Gizmos,2018,0.9999801937917107
242639,Treasure Island,2018,0.9984872851991402
167355,Nemesis,2018,1.0
231733,Obsession,2018,0.9999999663511432
256606,Spirits of the Wild,2018,1.566311141925464e-08
246297,Shadows: Amsterdam,2018,5.942364773895494e-13
266524,PARKS,2019,0.42664022721921274
269385,The Lord of the Rings: Journeys in Middle-Earth,2019,0.999999999636501
276459,Kensington,2019,0.00022015175865758185
269207,The Taverns of Tiefenthal,2019,0.9999999999998141
262543,Wavelength,2019,2.764477075281134e-08
264220,Tainted Grail: The Fall of Avalon,2019,0.9999999999999978
282524,Horrified,2019,0.9999998275207314
281259,The Isle of Cats,2019,0.9999268612079523
265736,Tiny Towns,2019,0.9997412008791513
268620,Similo,2019,6.478836613435467e-07
273477,Obscurio,2019,0.8243876524173862
286096,Tapestry,2019,0.9999999999999953
264241,Mandala,2019,0.13206016879987037
269595,Copenhagen,2019,3.59050330151591e-08
283864,Trails of Tucana,2019,7.634918484331036e-09
275467,Letter Jam,2019,0.9979352381060049
271324,It's a Wonderful World,2019,0.9999912320086314
261114,Men at Work,2019,1.9474347176247212e-08
269144,Hadara,2019,0.8832364495809971
271519,Ecosystem,2019,5.124045389899286e-09
248490,Atlantis Rising (Second Edition),2019,0.9999999877041651
277597,Fast Sloths,2019,6.0355735064217055e-05
285533,Miyabi,2019,0.1029219790491108
267813,Adventure Games: The Dungeon,2019,0.0002533686749122823
285894,Bravo!,2019,0.010715109244584782
279537,The Search for Planet X,2020,0.999997253569824
300300,Chronicles of Crime: 1400,2020,0.00514687152466692
295949,Adventure Games: The Grand Hotel Abaddon,2020,1.084752920572689e-06
300877,New York Zoo,2020,0.00863728408284002
302520,Hues and Cues,2020,0.00183718833323886
301767,Mysterium Park,2020,8.635629322596978e-05
302723,Forgotten Waters,2020,0.9999999999999998
283155,Calico,2020,0.9574587830769017
293014,Nidavellir,2020,0.9959659565219938
299171,The Key: Theft at Cliffrock Villa,2020,1.2281786497085388e-05
306735,Under Falling Skies,2020,0.9999999284538896
297978,Mariposas,2020,0.999900401584307
227224,The Red Cathedral,2020,0.999999999973592
317985,Beyond the Sun,2020,0.9999999999148379
300753,Cross Clues,2020,8.35981898645963e-19
303057,Pan Am,2020,0.9988058277440782
300327,The Castles of Tuscany,2020,0.00954235732828779
299172,The Key: Murder at the Oakdale Club,2020,3.908586659480766e-08
284936,Café,2020,0.000157719886204004
300001,Renature,2020,2.1709564841348114e-05
298631,Don Carlo,2020,4.5255067111886874e-08
302425,Unlock!: Mythic Adventures,2020,0.9911156769764026
260180,Project L,2020,8.991812779991516e-07
274841,Cóatl,2020,0.0017354017057123958
311193,Anno 1800: The Board Game,2020,0.9999999999995159
255984,Sleeping Gods,2021,1.0
337690,Escape Room: The Game – Puzzle Adventures: Secret of The Scientist,2021,0.9997724277403136
314491,Meadow,2021,0.9995237849812822
328908,The Initiative,2021,0.016857262541684025
285192,Destinies,2021,0.9999999999975882
290236,Canvas,2021,0.9016133675348552
331635,Kameloot,2021,1.2862720782439505e-07
352687,"Escape Room: The Game – Puzzle Adventures: The Baron, The Witch & The Thief",2021,0.9992443764654496
339789,Welcome to the Moon,2021,0.9984025828097999
302098,Chronicles of Crime: 1900,2021,0.0011668247060229921
339484,Savannah Park,2021,2.247842154744388e-06
346501,Mille Fiori,2021,0.9999991288028007
330038,Llamaland,2021,0.04126934282821148
327831,Lost Cities: Roll & Write,2021,0.00012091198407955411
338628,Trails,2021,1.2211762954251633e-06
297129,Jekyll vs. Hyde,2021,0.9934094810778186
319135,Nightmare Horror Adventures: Welcome to Crafton Mansion,2021,0.9999842027436889
304783,Hadrian's Wall,2021,0.9999951577328761
252752,Genotype: A Mendelian Genetics Game,2021,0.9999999999997258
298069,Cubitos,2021,0.9999946578740959
306173,Lisbon Tram 28,2021,0.0636947884971221
341416,High Score,2021,1.1978555425756187e-05
348870,Heckmeck am Karteneck,2021,1.6562662427818701e-09
341530,Super Mega Lucky Box,2021,4.1880164366283413e-11
340677,Bad Company,2021,0.9543279673406402
304051,Creature Comforts,2022,0.9999916461428249
347703,First Rat,2022,0.9997890715194563
336986,Flamecraft,2022,0.9978915069849768
354729,Wonder Woods,2022,3.18823153398833e-11
355483,Wandering Towers,2022,3.644788375881988e-07
356996,The Border,2022,3.5233204323125827e-11
367662,Applejack,2022,0.0076969581146677755
374640,Escape Room: The Game – Card Game: The Golden Solution,2022,1.4327716146178852e-10
347013,Get on Board: New York & London,2022,0.07133641603598395
358504,Betrayal at House on the Hill: 3rd Edition,2022,0.9999998393364206
364488,Queensland,2022,0.08321589599301975
367047,Caldera Park,2022,1.1920478915522861e-07
358816,Rear Window,2022,0.9996453446540531
366456,My Shelfie,2022,3.4372232750643967e-06
348096,Kites,2022,6.942795654915819e-14
353150,FYFE,2022,0.1029451460297143
366318,EXIT: The Game – The Disappearance of Sherlock Holmes,2022,0.20928721188455193
369880,Beer & Bread,2022,0.9999999847928538
351913,Tiletum,2022,1.0
371449,The Key: Escape from Strongwall Prison,2022,0.9982978413730001
275215,Namiji,2022,0.10372526167281407
322564,Fjords,2022,1.7415449034354452e-11
357271,San Francisco,2022,0.9999388961496432
366756,AEOLOS,2022,0.012127196097412092
346677,Oneironauts,2022,2.1124653731655228e-16
