1	1	ES	2177	1	2189	7	1947	19	1805	0	+12	0	+5	0	+20	+1	+43	+6	+154	+7	+239	787	341	302	144	466	138	183	1604	699
2	2	FR	2163	1	2163	16	1795	40	1514	+1	+82	+1	+101	+1	+108	+1	+117	+2	+90	+1	+143	946	475	341	130	481	270	195	1726	1277
3	3	AR	2156	1	2172	5	1987	26	1751	−1	+43	−1	+43	−1	+24	−2	+6	+3	+132	−2	+47	1116	381	419	316	617	228	271	2131	1141
4	4	EN	2076	1	2213	4	1983	17	1810	0	+56	0	+34	+2	+92	+4	+106	+1	+36	+7	+164	1167	509	525	133	689	215	263	2734	1123
5	5	CO	2003	3	2069	48	1621	102	1304	+2	+28	0	+5	+3	+53	−1	−42	+6	+78	+1	+51	655	185	229	241	270	205	180	852	743
6	6	PT	1995	2	2060	19	1797	41	1623	−1	+11	+1	+19	−2	−35	+3	+36	+2	−11	+4	+74	701	322	262	117	350	190	161	1234	784
7	7	BR	1993	1	2195	4	1998	20	1805	−2	+9	−1	+15	−2	−8	−1	−27	−6	−160	−2	+16	1072	373	346	353	675	173	224	2312	961
8	8	NO	1972	6	1972	38	1623	85	1364	+4	+60	+3	+50	+6	+106	+27	+238	+28	+234	+44	+337	892	425	409	58	339	355	198	1389	1450
9	9	NL	1971	1	2153	15	1848	55	1552	−1	+10	−1	+12	−2	−4	−2	−18	+3	+50	0	+47	906	430	358	118	467	240	199	1904	1149
10	10	BE	1961	1	2157	24	1755	70	1503	+9	+94	+10	+111	+8	+114	0	+27	−8	−164	+4	+72	883	416	377	90	395	302	186	1619	1364
11	11	CH	1949	9	1949	27	1689	56	1485	+5	+60	+2	+52	+9	+105	+2	+46	+3	+35	+9	+147	901	426	392	83	322	373	206	1347	1487
12	12	MX	1913	4	1985	20	1784	48	1498	+8	+56	+9	+79	+4	+52	+13	+128	+3	+19	0	+6	1034	302	273	459	539	258	237	1839	1057
13	13	DE	1907	1	2222	8	1910	25	1637	−2	−16	−1	−3	−3	−6	−2	−26	0	−8	−9	−108	1051	470	416	165	608	225	218	2369	1238
14	14	MA	1901	11	1923	43	1658	86	1510	+10	+80	+5	+49	+11	+89	+14	+128	+27	+220	+48	+326	736	319	219	198	368	166	202	1118	621
15	15	JP	1888	9	1925	61	1468	114	1126	−2	−16	+1	+10	+2	+30	+2	+31	+14	+117	+13	+134	840	332	207	301	410	258	172	1526	990
16	16	HR	1881	4	2015	12	1881	28	1780	−6	−49	−6	−51	−7	−45	−4	−34	+2	+56	0	+33	404	158	167	79	212	86	106	702	411
17	17	EC	1871	9	1938	64	1526	121	1183	−8	−62	−8	−62	−6	−34	−1	+1	+10	+89	−2	+12	604	183	212	209	186	256	162	726	908
18	18	DK	1869	1	2074	20	1799	59	1541	0	−1	−1	+4	−3	+4	+1	+53	−9	−96	+11	+125	905	414	396	95	420	298	187	1652	1221
18	18	IT	1869	1	2134	8	1915	23	1607	+3	+13	0	+10	−5	−13	−4	−21	−15	−219	−11	−80	903	407	325	171	481	177	245	1581	894
20	20	TR	1852	9	1910	43	1610	77	1358	−6	−50	−5	−28	+3	+16	+2	+47	+18	+122	−1	+37	673	290	301	82	265	252	156	953	975
21	21	UY	1841	1	2104	12	1877	44	1636	−6	−51	−7	−49	−9	−60	−16	−185	−11	−94	−8	−53	1022	336	432	254	446	322	254	1613	1258
22	22	AT	1821	1	2070	20	1809	73	1549	+1	−6	+2	+3	−3	−24	−7	−55	+6	+44	+18	+108	870	432	383	55	372	312	186	1567	1330
23	23	SN	1816	17	1879	56	1591	107	1386	−6	−63	0	−7	+6	+31	+7	+49	+17	+119	+22	+142	710	221	260	229	320	196	194	979	681
24	24	PY	1814	5	1956	23	1755	51	1619	−2	−19	−2	−19	0	−11	+26	+152	−4	+4	+11	+90	794	215	366	213	278	305	211	1009	1121
25	25	AU	1795	11	1875	35	1671	77	1469	+1	+13	+6	+22	+5	+20	+2	+20	+10	+56	+17	+88	642	272	224	146	327	182	133	1294	724
26	26	UA	1780	14	1873	31	1745	66	1561	+3	+13	−1	−22	+1	−19	−7	−36	−2	−15	+6	+42	340	134	146	60	154	91	95	478	358
27	27	RU	1772	1	2083	24	1742	50	1449	0	−4	+2	−10	+1	−21	−1	−9	+10	+41	+16	+79	815	313	383	119	432	174	209	1482	779
28	28	NG	1767	16	1826	38	1669	74	1500	+4	+15	+22	+83	+39	+191	+35	+181	+16	+105	+26	+142	717	241	264	212	332	180	205	1081	725
29	29	IR	1764	13	1853	40	1658	79	1450	+2	+4	+5	+9	−3	−37	−8	−44	−7	−40	0	+20	673	223	195	255	384	132	157	1278	528
30	30	DZ	1756	18	1807	48	1621	110	1386	+5	+13	0	−19	+13	+52	+22	+115	+1	−6	+17	+100	694	261	234	199	312	198	184	1062	712
31	31	US	1747	9	1890	40	1646	92	1412	+10	+26	+4	0	+14	+51	0	+1	−8	−50	−7	−17	830	492	253	85	370	287	173	1259	1076
32	32	SQ	1745	1	2104	14	1877	63	1598	−3	−22	−5	−45	+8	+28	+3	+11	+17	+116	+9	+35	869	403	410	56	411	270	188	1491	1078
33	33	GR	1744	7	1931	49	1559	91	1273	−1	−8	0	−17	−12	−94	+1	+6	+12	+84	+22	+129	658	299	296	63	251	250	157	835	909
34	34	EG	1742	12	1872	37	1662	70	1528	+17	+53	+23	+101	+16	+76	+20	+109	+26	+144	+17	+103	890	354	281	255	448	218	224	1554	930
35	35	RS	1734	2	2018	20	1787	46	1515	−7	−35	−3	−34	−13	−103	−11	−54	−9	−51	−1	+9	863	302	425	136	404	267	192	1623	1182
36	36	VE	1733	18	1829	83	1433	122	1218	+2	+6	+5	+18	+1	−12	−18	−87	−2	−17	+8	+48	483	179	179	125	130	246	107	524	874
37	37	SE	1731	2	2013	17	1795	54	1579	+6	+12	+17	+71	−3	−29	+10	+57	−21	−132	−4	−2	1124	490	500	134	550	338	236	2236	1497
38	38	CA	1729	21	1841	49	1599	90	1471	−13	−55	−13	−73	−6	−39	−5	−10	+4	+55	+40	+208	495	157	200	138	192	187	116	638	630
39	39	CI	1727	15	1863	45	1640	76	1476	+13	+51	+13	+63	+25	+140	+19	+104	+8	+84	−4	+3	697	241	238	218	351	168	178	1137	700
40	40	KR	1723	16	1845	35	1687	84	1445	−8	−29	−12	−61	−9	−51	−8	−17	−10	−41	−19	−74	1055	353	256	446	574	223	258	1915	967
41	41	CL	1717	2	2040	28	1678	59	1384	+3	+7	−2	−14	+6	+28	−1	−6	−16	−77	−39	−323	854	328	308	218	319	347	188	1197	1219
42	42	KO	1714	37	1737	102	1421	119	1363	0	−6	+1	+1	+17	+105	+39	+209	+44	+232	+68	+315	109	49	40	20	43	43	23	156	147
43	43	HU	1710	1	2234	20	1835	74	1529	+2	+7	+2	+12	+1	+9	−20	−90	−10	−44	−6	−13	1035	469	492	74	489	324	222	2074	1527
43	43	PL	1710	2	2084	30	1712	63	1521	−6	−19	−6	−25	+5	+28	−4	−19	−11	−51	−25	−113	921	397	410	114	400	296	225	1564	1243
45	45	CD	1704	20	1782	62	1557	114	1387	+9	+49	+13	+65	+21	+121	+26	+151	+42	+228	+30	+172	553	166	225	162	227	174	152	841	648
46	46	PE	1700	10	1916	35	1679	76	1485	+1	+4	−2	−8	−8	−44	−5	−10	−25	−108	−29	−141	710	266	253	191	229	305	176	860	991
47	47	IE	1699	4	1918	24	1626	64	1237	+2	+8	+1	+11	+7	+66	+12	+80	+6	+77	−21	−60	743	378	305	60	262	287	194	979	1161
48	48	WA	1682	3	1909	22	1670	85	1403	−2	−16	−7	−33	−9	−44	−4	−1	−29	−140	−25	−96	735	346	357	32	236	332	167	919	1176
48	48	SI	1682	26	1777	54	1625	77	1518	0	−12	−2	−13	−13	−70	−19	−89	+7	+65	+8	+69	321	145	146	30	116	118	87	401	381
50	50	CZ	1680	1	2032	13	1854	50	1669	−10	−46	−11	−51	−14	−69	−13	−51	−33	−156	−11	−37	887	361	417	109	426	263	198	1631	1105
51	51	SK	1667	17	1775	40	1682	67	1567	+2	−6	−2	−20	0	+2	−8	−17	−8	−3	−24	−91	368	158	166	44	150	131	87	521	460
52	52	PA	1658	27	1773	99	1363	143	1155	−16	−79	−16	−84	−19	−103	−14	−72	+19	+110	−6	−12	597	201	228	168	197	255	145	743	919
53	53	GE	1654	31	1754	70	1554	104	1434	+2	+1	+2	+4	−12	−56	−11	−50	+22	+127	+34	+169	321	141	148	32	107	146	68	415	444
54	54	IL	1647	23	1776	49	1621	83	1427	+5	+13	+6	+16	+1	+18	+12	+80	+3	+41	+11	+79	524	249	213	62	197	207	120	804	764
55	55	RO	1639	5	1945	29	1717	65	1501	+5	+12	+1	−3	−6	−42	−10	−43	−6	+10	−17	−79	802	333	377	92	355	247	200	1306	1020
56	56	UZ	1631	25	1766	60	1596	93	1428	−18	−96	−19	−104	−14	−76	−10	−50	+14	+82	−8	−18	370	130	129	111	180	115	75	638	413
57	57	JO	1628	40	1701	111	1323	153	1094	−7	−62	−10	−61	0	+4	−4	−7	+31	+158	+17	+93	588	201	193	194	207	223	158	733	725
58	58	BO	1621	21	1798	60	1509	92	1244	−1	−24	−7	−45	−6	−43	+16	+71	+5	+41	+6	+48	538	189	205	144	122	295	121	551	1060
59	59	CV	1619	58	1625	120	1302	146	1172	+13	+70	+13	+58	+19	+101	+9	+59	+35	+181	+25	+117	257	80	91	86	96	98	63	277	283
60	60	AL	1616	38	1675	72	1504	116	1363	−4	−30	−8	−48	−4	−11	−4	−14	+9	+60	−7	−16	410	192	185	33	116	209	85	396	604
61	61	CM	1613	14	1849	53	1604	80	1442	0	0	+1	+7	+2	+20	+3	+29	+5	+48	−5	0	661	184	247	230	287	172	202	952	712
62	62	CR	1608	9	1866	36	1690	76	1479	−1	−5	−3	−24	−16	−84	−11	−52	−10	−18	−40	−178	789	259	280	250	355	243	191	1366	919
63	63	EI	1605	13	1852	40	1654	111	1396	+1	+5	0	+3	+6	+44	+15	+88	+2	+39	−14	−37	612	276	298	38	172	290	150	645	928
63	63	BA	1605	20	1806	53	1626	90	1469	+3	+11	+6	+33	+14	+82	+26	+129	−12	−23	−38	−156	285	118	138	29	105	113	67	399	394
65	65	SA	1596	29	1736	76	1499	125	1253	+6	+28	−1	+4	+3	+28	−4	+8	−8	−10	+11	+69	842	324	151	367	396	248	198	1284	901
66	66	NM	1589	40	1667	74	1534	110	1401	+1	0	−2	−3	−13	−45	+9	+43	+2	+26	+36	+159	305	141	134	30	95	131	79	364	411
67	67	ML	1588	42	1650	70	1523	129	1302	−2	−8	−1	−1	−5	−13	−7	−12	+6	+47	+1	+31	625	195	234	196	249	206	170	824	718
68	68	GH	1570	10	1877	42	1650	101	1424	+14	+65	+12	+61	+17	+93	+8	+32	−7	−27	−18	−70	783	247	298	238	371	215	197	1250	826
68	68	HN	1570	23	1789	63	1501	110	1331	+1	−1	+2	+3	−3	−15	+12	+60	−11	−36	+9	+45	668	212	217	239	263	232	173	964	859
70	70	IS	1568	18	1841	81	1425	127	1258	−1	−3	+1	+2	+1	+18	−3	+7	−14	−44	−39	−174	527	216	251	60	160	263	104	635	885
71	71	TN	1562	24	1757	47	1616	87	1438	−13	−74	−10	−52	−13	−51	−23	−109	−23	−75	0	+11	780	337	253	190	330	234	216	1107	857
72	72	IQ	1561	19	1740	46	1629	96	1456	−9	−46	−4	−21	−1	+11	−23	−102	−19	−61	+10	+57	763	138	231	394	359	192	212	1200	717
73	73	ZA	1560	7	1847	32	1707	99	1448	+6	+35	+4	+31	+3	+36	−4	+1	+9	+65	−15	−46	530	276	162	92	232	143	155	722	547
74	74	AO	1542	52	1628	86	1456	161	1213	−1	−1	−1	−1	−14	−65	−2	−9	+39	+174	+83	+324	475	166	184	125	176	140	159	579	490
75	75	AE	1540	37	1692	98	1396	163	981	0	0	0	0	−1	+3	+7	+38	+8	+49	−14	−43	674	287	141	246	263	238	173	933	831
76	76	FI	1536	14	1757	63	1500	120	1246	−2	−6	+4	+27	−6	−20	−19	−91	−37	−168	−14	−39	825	337	430	58	217	441	167	972	1699
77	77	NZ	1534	29	1642	66	1500	103	1334	−9	−51	−10	−51	−16	−68	−12	−36	+8	+49	−5	−7	444	135	189	120	181	183	80	771	660
78	78	BF	1529	56	1617	98	1403	137	1265	0	−1	−2	−5	+3	+27	+9	+46	−6	−16	+17	+69	493	154	188	151	170	192	131	614	677
79	79	JM	1527	38	1700	83	1414	133	1222	−3	−8	−1	−1	−6	−19	−18	−61	−15	−52	−9	−26	719	272	268	179	280	272	167	961	942
80	80	BY	1522	44	1665	80	1505	120	1349	+1	+9	+2	+26	+3	+30	+16	+89	+3	+31	−21	−62	308	105	158	45	91	137	80	348	445
81	81	HT	1517	36	1674	81	1418	129	1265	−4	−15	−7	−25	+5	+50	+2	+16	−7	−21	+9	+41	566	181	196	189	247	201	118	964	769
82	82	GT	1504	30	1642	68	1486	108	1382	−2	−10	−4	−24	−7	−21	+4	+19	−3	+4	+4	+14	628	205	180	243	225	237	166	878	858
83	83	SY	1479	53	1618	86	1428	124	1253	0	−12	+1	−7	+10	+36	+17	+60	+8	+30	−2	−35	598	125	224	249	223	227	148	859	760
83	83	OM	1479	53	1634	127	1212	181	782	+1	−11	0	−11	−1	−22	−6	−52	−5	−25	+8	+8	594	230	145	219	223	219	152	757	784
85	85	PS	1465	66	1483	121	1254	159	1154	+1	−4	+1	−4	+2	+5	+18	+57	+7	+17	+31	+113	292	19	113	160	84	128	80	370	446
86	86	GN	1463	21	1772	72	1516	128	1302	0	−6	−1	−22	+5	+12	+2	−19	+9	+26	−6	−57	646	172	263	211	251	211	184	953	804
87	87	ME	1461	34	1720	61	1596	94	1440	+2	+21	+2	+17	−7	−53	−17	−93	−11	−56	−18	−95	174	91	78	5	58	73	43	205	239
88	88	BG	1458	7	1910	41	1632	98	1312	−3	−17	0	+5	+2	+6	−3	−30	−8	−41	−29	−126	781	299	400	82	286	300	195	1094	1152
89	89	LU	1450	24	1520	108	1256	191	978	+1	+14	+14	+55	0	−5	−10	−61	+18	+64	+58	+211	474	258	201	15	55	357	62	309	1224
90	90	NS	1442	64	1486	87	1450	105	1426	−2	0	0	0	+4	0	+3	0	+3	0	+10	+1	16	5	3	8	8	6	2	28	22
91	91	CW	1438	26	1618	97	1382	188	1011	−1	+2	−4	−28	+12	+42	+27	+85	+8	+13	+78	+271	503	174	177	152	202	176	125	885	780
92	92	SR	1431	26	1592	84	1404	170	1160	0	0	−1	−9	+15	+45	+43	+113	+34	+94	+70	+222	542	230	222	90	238	175	129	984	739
93	93	KZ	1428	48	1622	100	1420	130	1307	0	−2	+4	+18	+7	+26	−1	−26	+30	+81	+14	+9	272	103	123	46	70	143	59	285	454
94	94	CN	1424	17	1752	50	1577	112	1375	+3	+1	+8	+22	+7	+26	+11	+26	−17	−81	−29	−144	764	271	266	227	369	231	164	1423	861
94	94	KD	1424	94	1424	100	1424	108	1403	+2	0	0	0	+3	0	+4	0	+6	0	+10	0	4	2	0	2	3	0	1	12	3
96	96	LY	1420	43	1617	82	1469	128	1321	+3	0	−4	−5	+13	+35	+8	+18	+31	+93	−7	−58	458	164	166	128	165	185	108	620	611
97	97	GM	1419	88	1454	118	1309	144	1190	0	−4	−3	−5	+10	+33	+25	+72	+14	+48	+42	+138	299	108	100	91	81	136	82	319	433
98	98	BH	1414	51	1634	109	1349	155	1074	+2	−4	−2	−4	−6	−35	−7	−41	−32	−151	+5	−13	637	218	159	260	223	248	166	780	826
99	99	QA	1411	26	1771	93	1416	164	963	−4	−14	−7	−14	−20	−106	−44	−220	−54	−249	−26	−127	702	328	148	226	289	235	178	995	836
100	100	BJ	1405	58	1540	109	1356	168	1131	−6	−24	−3	−5	−2	−2	+6	+8	−4	−26	+9	−1	354	129	142	83	87	182	85	366	623
101	101	GA	1401	59	1593	95	1413	126	1268	0	0	−2	−4	−14	−59	−6	−34	−5	−30	−4	−45	462	184	154	124	159	174	129	551	567
102	102	UG	1394	29	1625	75	1482	130	1306	0	0	+2	0	+9	+13	+13	+33	−12	−56	−17	−106	736	251	257	228	304	238	194	1108	887
103	103	TT	1386	11	1662	61	1505	125	1313	+1	−6	−2	−17	−5	−21	−1	−27	+16	+26	−38	−182	872	344	365	163	375	304	193	1446	1130
103	103	FO	1386	61	1386	122	1253	169	1154	+3	+4	+4	+5	+44	+111	+49	+140	+41	+124	+47	+154	283	119	141	23	51	195	37	213	641
105	105	NE	1382	98	1409	133	1239	159	1082	−2	−11	−5	−22	+20	+45	+48	+145	+45	+152	+38	+119	292	100	117	75	65	158	69	287	517
106	106	MG	1380	68	1508	104	1366	167	1162	0	−2	+6	+12	+38	+96	+23	+54	+7	+12	+42	+144	357	120	121	116	136	143	78	494	536
106	106	GQ	1380	61	1604	151	1159	189	1007	−1	−11	0	−3	−22	−100	−34	−171	+15	+28	+17	+53	196	80	64	52	56	96	44	182	288
108	108	TG	1379	48	1603	90	1439	144	1263	+7	+20	+11	+36	+8	+8	+5	+9	+27	+91	0	−28	495	179	198	118	158	210	127	539	675
109	109	TH	1376	67	1547	112	1318	140	1125	0	0	+3	+8	+13	+25	−12	−52	+24	+85	−8	−61	935	389	200	346	366	358	211	1487	1408
110	110	KP	1375	17	1801	63	1566	131	1315	0	0	−2	0	+4	0	−4	−22	−2	−3	−28	−129	417	50	149	218	175	127	115	641	447
111	111	KM	1374	95	1434	185	942	206	830	+3	+11	−3	−1	−15	−52	+14	+31	+45	+158	+79	+407	159	29	35	95	41	81	37	145	246
112	112	AM	1373	62	1588	102	1418	143	1243	−4	−6	−7	−16	−6	−14	−22	−88	−50	−210	−34	−148	283	115	132	36	66	158	59	283	539
113	113	ZW	1372	43	1574	78	1462	146	1279	−1	+1	+7	+30	−12	−26	+23	+57	−8	−19	−3	−27	552	190	223	139	207	184	161	738	663
113	113	ID	1372	39	1578	101	1361	179	1103	+14	+41	+9	+31	+7	+15	+14	+39	+65	+269	+48	+161	784	252	192	340	299	332	153	1317	1269
115	115	ZM	1371	31	1709	60	1551	124	1344	−3	0	−4	0	−5	−13	+4	+20	−26	−87	−17	−73	879	282	360	237	393	261	225	1389	954
116	116	KE	1363	53	1563	90	1379	140	1240	0	+7	+1	+19	−3	−13	−17	−59	−10	−24	+4	+23	781	291	283	207	294	293	194	1078	1062
117	117	EE	1360	32	1541	94	1353	174	1088	+6	+21	−3	+1	0	−6	−4	−10	−15	−44	−25	−107	541	231	255	55	134	287	120	533	962
118	118	VN	1351	62	1517	120	1298	177	1093	−1	0	+9	+22	+13	+30	+30	+79	−17	−70	+27	+95	525	174	131	220	222	200	103	922	771
119	119	SD	1350	24	1707	90	1444	155	1226	−1	0	−4	0	−16	−46	−13	−47	−16	−51	+16	+61	553	154	204	195	187	225	141	628	730
120	120	RE	1345	72	1395	125	1184	159	1047	0	0	−4	0	+3	0	+3	0	−8	−24	−7	−36	139	53	38	48	55	55	29	237	252
121	121	SV	1342	32	1607	72	1471	130	1322	0	0	+9	+18	−2	−20	−12	−46	−40	−154	−16	−79	685	208	209	268	226	305	154	860	1020
121	121	MZ	1342	83	1495	116	1332	152	1210	−10	−30	−11	−30	−26	−90	−20	−74	+18	+67	+4	+18	444	166	177	101	139	194	111	466	585
123	123	SL	1341	65	1552	104	1368	158	1185	−4	−7	−6	−3	+6	+16	+9	+20	+1	−5	−6	−10	337	116	141	80	98	150	89	331	474
124	124	GP	1338	50	1530	91	1408	166	1179	0	0	+1	0	0	0	+5	+12	+24	+92	+16	+59	293	92	89	112	128	114	51	507	410
125	125	RW	1336	96	1461	144	1207	176	1035	0	0	+11	+28	+7	+16	+1	+1	+4	+11	+9	+45	290	107	100	83	90	126	74	298	364
126	126	NI	1333	65	1373	146	1031	197	900	+3	+6	+2	+5	+3	+8	−6	−16	+25	+104	+18	+72	253	63	100	90	54	167	32	258	621
127	127	KW	1332	27	1734	84	1467	143	1175	+1	+4	+1	+4	+13	+42	+1	+4	−18	−43	−34	−134	762	269	176	317	321	248	193	1198	880
128	128	MR	1329	98	1424	155	1116	181	911	+5	+18	+6	+18	−2	−4	−5	−16	−24	−68	+8	+41	300	91	103	106	56	173	71	217	527
129	129	AZ	1322	63	1551	107	1396	143	1257	−7	−18	−5	−17	−11	−43	−45	−169	−20	−53	−17	−67	324	116	152	56	67	176	81	265	545
130	130	ZN	1320	101	1366	145	1119	168	936	0	0	+1	0	+2	0	+4	0	0	−2	+7	+35	217	37	45	135	39	131	47	186	458
131	131	CY	1314	63	1575	102	1377	141	1249	+4	+13	+6	+12	+5	+15	+5	−1	−16	−51	−25	−106	429	237	186	6	84	271	74	387	932
132	132	TZ	1313	65	1510	117	1295	169	1130	−1	0	−9	−27	−29	−83	−21	−64	0	+6	−8	−12	658	244	237	177	193	280	185	752	963
133	133	MQ	1312	39	1565	79	1458	133	1312	−1	0	−13	−30	−18	−61	−39	−126	−35	−117	−39	−153	371	136	125	110	167	116	88	676	488
134	134	LR	1304	70	1518	112	1342	154	1218	+3	+7	+4	+4	+16	+41	+16	+39	−14	−50	−12	−25	342	146	144	52	91	175	76	318	521
135	135	NA	1303	97	1428	136	1272	168	1117	−1	0	−1	−8	−23	−77	−23	−69	−20	−62	−21	−73	304	102	121	81	77	135	92	295	424
136	136	KG	1295	127	1332	155	1203	178	1095	+4	+4	−4	−18	−9	−37	+9	+13	+9	+39	+24	+83	192	49	74	69	55	105	32	208	337
137	137	MY	1293	58	1548	122	1290	185	1054	+1	0	−5	−20	+2	+2	+9	+17	+20	+87	+38	+162	925	390	240	295	362	352	211	1512	1339
137	137	GY	1293	15	1525	104	1294	182	1043	+1	0	+10	+17	+11	+29	+10	+19	+34	+149	+17	+72	455	179	193	83	142	223	90	588	788
139	139	LB	1288	79	1472	109	1328	164	1166	−13	−44	−13	−44	−11	−39	+1	−9	−22	−75	−24	−80	419	139	143	137	122	185	112	502	616
139	139	LV	1288	41	1575	87	1399	155	1217	−4	−13	+4	+2	−4	−13	−7	−33	−1	+7	−51	−192	459	193	213	53	128	220	111	536	754
141	141	ET	1287	39	1638	99	1394	154	1238	+3	+2	+7	+23	+4	+8	+3	+3	−13	−39	−12	−13	474	216	163	95	171	199	104	657	691
142	142	NC	1286	50	1531	103	1356	176	1089	0	0	−2	−8	+1	+1	+13	+56	+1	+20	−10	−10	285	87	71	127	141	110	34	739	419
143	143	BI	1285	85	1465	125	1286	168	1163	−1	−1	+8	+46	−5	−7	0	−4	+4	+38	−22	−51	241	52	89	100	74	112	55	274	334
144	144	TJ	1284	75	1503	123	1334	164	1195	+1	0	−5	−12	−2	−3	−34	−96	−4	+15	+11	+64	212	57	84	71	80	86	46	305	297
145	145	DO	1283	138	1295	167	1061	188	931	0	−1	−4	−10	−4	−6	+14	+75	+18	+112	+14	+66	190	86	64	40	69	89	32	301	307
146	146	LT	1279	47	1662	92	1318	151	1050	−6	−12	0	+2	−9	−15	−29	−77	−15	−40	−47	−164	418	170	207	41	106	230	82	415	759
147	147	MD	1270	65	1556	110	1390	165	1169	+1	+8	−5	−18	−13	−49	−27	−79	+7	+51	−29	−80	302	115	146	41	60	172	70	247	523
148	148	BW	1267	100	1438	150	1167	190	996	−1	0	−4	−18	−27	−85	−12	−48	−12	−20	−17	−31	368	166	136	66	98	166	104	311	490
149	149	MT	1255	79	1435	118	1322	171	1155	+4	+18	−4	−23	+4	+5	+2	−1	+6	+37	+2	+24	456	246	183	27	66	314	76	298	1020
150	150	GW	1248	84	1415	126	1282	163	1178	−1	0	0	+4	−2	−16	−34	−112	−28	−103	−12	−35	215	66	64	85	58	104	53	215	320
151	151	CU	1239	21	1683	84	1439	161	1117	0	0	+2	+10	+4	+15	−10	−55	−11	−30	−24	−71	485	103	212	170	185	189	111	678	684
151	151	MW	1239	48	1590	115	1327	153	1093	−1	−2	−2	−13	0	−17	−12	−63	−26	−100	−25	−77	700	306	245	149	232	265	203	817	902
153	153	CF	1236	83	1417	124	1295	167	1177	−1	−2	−1	−2	−7	−42	−22	−88	−16	−47	−25	−65	164	32	67	65	36	94	34	181	326
154	154	GF	1223	71	1396	125	1246	172	1109	0	0	0	0	+2	0	−12	−67	−14	−46	−13	−53	190	66	67	57	57	92	41	280	328
155	155	YT	1216	149	1233	157	1202	174	1124	0	0	+1	0	+4	0	+3	0	−2	−8	+2	−2	41	2	11	28	13	17	11	55	59
156	156	TM	1209	67	1547	117	1358	161	1205	0	0	−1	−8	−4	−42	+4	+4	−23	−82	−23	−83	187	42	76	69	71	82	34	288	281
157	157	CG	1207	33	1690	83	1470	159	1207	0	0	+2	0	−1	−16	−8	−61	−40	−156	−61	−248	474	180	188	106	173	186	115	679	662
158	158	ER	1201	142	1246	164	1158	185	1056	+1	0	+6	+62	+8	+62	+8	+62	+15	+62	+27	+127	86	20	28	38	17	50	19	61	137
159	159	LS	1198	125	1325	151	1179	179	1102	−1	−7	−3	−18	−1	−24	−2	−29	−10	−43	−3	−21	354	113	147	94	70	180	104	280	580
160	160	YE	1195	109	1367	144	1212	178	1078	+2	+44	+3	+44	+12	+74	+12	+93	+5	+25	+3	−12	295	56	87	152	66	173	56	304	573
161	161	PH	1179	27	1355	135	1070	220	681	0	+11	+1	+23	+8	+46	+22	+143	+11	+38	−19	−89	396	110	126	160	99	237	60	431	1020
162	162	TI	1177	49	1591	103	1386	171	1137	−2	0	−2	0	−1	0	+1	−10	−2	−16	−10	−53	254	58	71	125	136	82	36	693	383
163	163	SW	1148	119	1347	153	1168	181	1062	0	0	−5	−62	−4	−68	−7	−80	−2	−33	−44	−199	324	123	131	70	71	158	95	297	542
164	164	VC	1141	58	1501	110	1322	185	1030	0	0	−3	−30	+3	+4	+15	+75	+9	+2	+14	+29	365	138	135	92	131	150	84	566	648
165	165	PG	1135	136	1223	165	1091	188	1017	+3	0	+1	0	+9	+31	+12	+56	+5	−15	+8	−1	165	30	43	92	54	80	31	352	356
165	165	PR	1135	100	1167	169	937	203	829	0	−3	+2	+1	+3	+1	0	−13	+19	+77	+19	+50	196	73	67	56	46	121	29	229	491
167	167	SG	1134	80	1415	134	1228	187	1041	0	−3	+2	+3	+9	+52	+3	+23	+8	−2	+3	−25	772	322	185	265	242	373	157	1036	1396
168	168	IN	1128	24	1685	110	1341	186	1029	−3	−10	+2	+5	−3	−14	−7	−68	−10	−69	+15	+37	612	177	172	263	220	263	129	838	1001
169	169	BM	1117	91	1432	128	1284	177	1083	+1	−2	+3	−3	−7	−51	0	−7	−23	−131	−5	−89	236	106	82	48	79	112	45	375	417
169	169	VU	1117	111	1263	156	1104	191	960	+2	+4	+5	+4	+12	+72	+4	+26	−6	−54	−3	−70	227	54	51	122	71	124	32	404	485
171	171	SS	1109	163	1155	178	1088	188	1018	+1	0	−4	−25	−2	−24	−3	−18	+11	+30	+5	−14	81	18	29	34	13	52	16	55	145
172	172	FJ	1104	78	1466	129	1246	175	1069	+1	−4	+3	−4	−18	−122	−11	−92	−20	−123	−23	−130	288	106	65	117	126	106	56	647	463
173	173	HK	1101	60	1534	123	1288	180	1058	−4	−20	−8	−35	−9	−46	+5	+30	−6	−61	−7	−86	514	183	152	179	178	234	102	816	873
174	174	GD	1098	46	1548	102	1370	186	1060	0	−1	−3	−24	−1	−8	0	+15	−5	−56	+3	−19	310	115	116	79	103	129	78	490	561
175	175	AD	1080	169	1130	182	1050	195	952	0	+3	+4	−3	+2	+14	−4	−30	+11	+52	+18	+120	231	92	106	33	15	184	32	77	543
176	176	MU	1073	36	1634	108	1334	195	930	0	0	+1	−18	−1	−22	+7	+37	+13	+66	+4	−30	359	124	151	84	100	174	85	450	572
176	176	TD	1073	107	1318	136	1243	176	1073	0	0	−4	−47	−13	−78	−12	−80	−14	−107	−30	−180	182	45	59	78	35	105	42	165	340
176	176	BZ	1073	61	1201	139	1114	183	1034	0	0	0	−32	+2	+15	+6	+31	+1	−52	−10	−114	129	44	44	41	32	74	23	138	245
179	179	SB	1054	110	1378	147	1183	179	1041	0	0	−1	−36	−8	−72	−26	−183	−11	−103	−7	−85	223	59	62	102	94	92	37	480	428
180	180	MF	1043	155	1120	187	983	214	755	0	0	+6	+39	+2	−1	+14	+102	+26	+190	+26	+178	86	18	36	32	33	44	9	136	191
181	181	ST	1035	153	1116	174	1056	190	985	0	0	−1	−21	+3	−3	0	−11	+2	−29	0	−66	82	24	36	22	11	60	11	59	213
182	182	KN	1030	88	1388	138	1174	186	1002	0	0	+2	+24	+3	+4	−6	−51	−24	−167	−52	−269	252	121	80	51	104	101	47	431	396
183	183	GI	1011	167	1151	178	1081	189	1002	+3	+9	−1	−6	−3	−35	−3	−45	−3	−76	−4	−99	118	41	49	28	18	85	15	70	344
184	184	JS	1005	184	1005	188	1004	190	995	0	0	+1	0	+2	0	+3	0	+6	0	+3	0	2	0	0	2	1	0	1	4	3
185	185	LC	1004	67	1353	126	1240	192	978	0	0	−2	−5	−2	−35	−10	−78	0	−27	−3	−93	264	89	108	67	90	132	42	361	485
186	186	EH	996	186	996	189	996	192	996	+1	0	+1	0	+1	0	+2	0	+5	0	+2	0	1	0	1	0	0	1	0	0	6
187	187	MM	984	34	1676	124	1244	199	896	+1	+2	+5	+39	+3	+33	+10	+66	+1	−27	−1	−83	555	120	139	296	219	232	104	899	962
188	188	AW	979	51	1444	125	1198	204	880	+1	−1	+3	+29	+8	+61	+1	−12	+9	+69	+10	+63	208	83	81	44	52	112	44	298	471
188	188	SO	979	132	1218	166	1072	207	835	+2	0	+1	+18	+9	+68	+13	+84	+10	+71	+19	+135	150	10	48	92	15	112	23	78	375
190	190	SX	975	164	977	187	909	213	758	+1	0	0	+19	+3	+43	+14	+122	+23	+211	+14	+95	75	16	25	34	23	39	13	107	194
191	191	MS	972	116	1022	191	642	236	526	+1	0	−3	0	−3	0	−6	−43	+5	+32	+36	+328	74	15	26	33	18	48	8	76	235
192	192	AF	961	96	1166	167	919	210	778	−9	−50	−11	−74	−13	−96	−25	−169	−16	−174	−21	−192	168	8	67	93	38	92	38	153	340
193	193	GL	945	163	1035	185	974	197	945	0	0	−1	0	−2	0	−1	0	−1	−17	−2	−17	22	2	7	13	5	16	1	35	50
194	194	BD	942	150	1115	181	980	210	796	+2	+10	0	+2	+5	+35	+2	+18	+13	+93	+8	+58	327	92	97	138	88	166	73	300	584
195	195	DJ	940	105	942	178	872	215	748	−1	0	+3	+25	−1	+11	−2	−2	+7	+39	+20	+190	121	28	40	53	11	99	11	83	424
196	196	DM	935	59	1330	132	1196	198	933	−1	0	−1	−4	−7	−34	−10	−71	−9	−88	−2	−23	246	69	97	80	60	132	54	288	488
197	197	PK	909	69	1458	154	1101	209	788	+12	+97	+10	+79	+12	+94	+9	+83	+7	+30	−2	−43	287	63	97	127	66	170	51	279	642
198	198	MC	903	193	909	199	900	202	890	0	0	+1	0	+3	0	+1	0	+3	0	+1	−6	9	0	1	8	4	2	3	11	15
199	199	BB	898	53	1406	121	1243	200	898	0	0	−3	−23	−7	−40	−4	−32	−18	−184	−25	−236	375	168	132	75	117	162	96	492	616
200	200	AG	895	102	1319	145	1178	201	895	0	0	+1	0	−2	−14	−10	−92	−34	−268	−47	−333	285	116	101	68	95	136	54	394	491
200	200	LI	895	143	1242	167	1113	201	895	−3	−9	0	−5	0	−10	−9	−72	−21	−197	−35	−297	259	115	125	19	19	208	32	104	726
202	202	NP	893	167	1008	190	889	209	729	−1	0	−5	−26	−7	−33	−4	−12	−7	−48	−2	−11	295	74	91	130	68	174	53	247	665
203	203	KH	871	93	1390	157	1058	221	677	+1	+27	0	+27	+3	+36	+2	+28	+5	+33	+8	+101	318	82	93	143	73	200	45	367	816
204	204	SC	853	157	1123	182	987	205	842	−2	0	0	+11	−1	+2	−1	−6	−4	−54	−13	−109	190	51	58	81	26	131	33	144	425
205	205	LK	836	77	1045	161	933	227	648	+2	+9	+5	+53	+5	+54	+13	+142	+21	+172	+8	+76	285	70	89	126	58	177	50	278	693
206	206	SM	825	165	1015	195	917	212	770	−1	−11	0	−8	−2	−20	+6	+52	+3	−2	−3	−58	228	110	110	8	3	213	12	44	895
207	207	TW	822	15	1767	144	1169	213	760	+1	0	−5	−44	−5	−59	−7	−78	−9	−86	+1	+15	339	96	109	134	96	191	52	465	788
208	208	BQ	816	81	1130	150	1036	208	816	−3	−20	0	−6	−2	−19	−2	−10	−15	−142	−19	−174	104	19	52	33	24	68	12	116	257
209	209	MV	801	162	1174	191	884	210	712	−6	−47	−4	−40	−4	−41	−7	−82	−15	−152	−12	−135	241	65	82	94	67	135	39	289	538
210	210	KY	800	153	1140	183	1000	210	795	0	−5	−1	−6	−2	−20	−2	−24	−7	−91	−14	−146	129	60	39	30	26	78	25	125	313
211	211	HG	782	208	805	211	783	213	773	0	0	0	0	−1	0	0	0	−1	+9	−2	−13	4	0	0	4	1	2	1	8	10
212	212	TV	756	179	819	204	745	218	719	0	0	0	0	+1	0	+2	0	+3	+19	+4	+31	34	0	4	30	9	21	4	47	182
213	213	VG	743	173	932	207	788	232	590	+4	+16	+8	+50	+15	+116	+14	+93	+18	+142	+18	+139	139	35	63	41	24	91	24	129	402
214	214	EU	737	211	757	213	753	215	711	−1	0	−1	0	0	0	−1	−20	0	−20	0	−20	11	3	8	0	5	2	4	33	30
215	215	LA	734	144	1016	186	895	227	646	−1	0	+4	+26	+3	+18	+10	+66	+5	+41	−6	−61	235	49	69	117	43	157	35	235	739
215	215	TL	734	215	742	226	630	236	531	+10	+61	+9	+54	+8	+45	+16	+123	+13	+92	+3	+20	92	5	47	40	13	72	7	86	285
217	217	WS	728	183	744	211	659	226	601	−1	0	−2	0	−1	0	−2	0	+6	+51	+4	+38	77	28	15	34	23	50	4	109	279
218	218	MN	726	147	897	190	842	227	650	−3	−4	−4	−4	−3	−4	−8	−66	−6	−43	+7	+54	102	22	39	41	21	70	11	100	288
219	219	BL	725	215	730	217	706	221	694	−1	0	−3	0	−2	0	−3	0	−2	+12	+1	+31	10	7	3	0	4	5	1	25	29
220	220	GU	706	179	895	207	694	232	531	−1	−13	−2	−8	−1	−8	+2	+24	−4	−22	−15	−166	132	25	44	63	31	88	13	169	592
221	221	WF	699	169	734	201	699	221	674	−1	0	−1	0	−1	0	−4	0	−3	0	−2	0	24	0	5	19	5	19	0	23	109
222	222	VA	692	212	705	218	697	223	686	−1	0	0	0	−1	0	−3	0	−1	0	0	+6	5	0	0	5	0	3	2	1	6
223	223	AB	691	216	701	223	675	227	671	−1	0	0	0	−1	0	+1	+20	+2	+20	+3	+20	8	5	3	0	2	4	2	25	26
224	224	BS	685	157	940	190	871	224	685	−1	0	−7	−34	−14	−97	−15	−124	−19	−178	−23	−215	90	30	32	28	17	62	11	90	291
225	225	PM	677	218	698	223	678	226	677	−1	0	0	0	−1	0	−2	0	−2	0	−1	0	7	0	0	7	0	7	0	2	78
226	226	TC	657	205	830	211	765	230	631	0	0	0	0	0	+9	−6	−29	−15	−114	−14	−104	56	16	22	18	13	37	6	54	197
227	227	AI	646	196	672	224	557	237	497	0	0	+1	+1	+4	+30	+6	+48	+9	+90	+10	+93	117	31	50	36	16	87	14	74	413
228	228	TE	629	177	691	208	665	231	629	+2	0	+1	0	−1	0	+1	0	+1	0	+1	−1	10	0	3	7	0	9	1	8	38
229	229	VI	628	210	748	219	685	233	587	+2	0	+2	+10	+4	+41	+1	+10	−2	−31	−12	−94	81	27	35	19	10	58	13	55	300
230	230	BT	623	185	694	219	600	238	527	−2	−14	+2	+8	−1	+1	+1	+12	+4	+55	+6	+67	117	20	40	57	12	97	8	68	423
231	231	CK	622	175	738	206	681	232	622	+1	0	−1	0	−2	0	−10	−62	−9	−64	−9	−64	56	4	14	38	13	39	4	50	276
232	232	MO	589	103	1098	175	944	233	589	+1	0	+1	−7	0	−7	−6	−78	−14	−110	−4	−42	161	51	50	60	24	120	17	141	490
233	233	CX	578	219	614	228	577	235	513	+1	0	+1	0	+1	0	+1	0	0	0	0	0	10	6	4	0	7	2	1	29	8
234	234	BN	572	168	952	201	778	234	572	−5	−61	−7	−83	−9	−98	−6	−71	−4	−52	−4	−35	153	30	42	81	27	113	13	120	491
235	235	FK	571	223	593	229	585	235	571	0	0	0	0	0	0	0	0	−3	−9	−3	−9	4	0	1	3	0	4	0	0	25
236	236	FM	564	219	618	231	572	237	564	0	0	0	0	0	0	0	0	−1	0	−2	0	8	1	3	4	1	7	0	8	64
237	237	MH	559	235	571	237	559	237	559	0	0	0	0	−	−	−	−	−	−	−	−	2	0	0	2	0	2	0	2	7
238	238	KI	544	188	599	219	578	238	544	0	0	0	0	−1	0	−1	0	−1	0	0	0	11	0	2	9	0	10	1	7	126
239	239	TO	520	181	727	213	651	239	480	0	0	0	0	−1	0	0	+40	−1	−7	−4	−42	70	10	15	45	16	48	6	82	265
240	240	NU	496	194	500	225	496	240	496	0	0	0	0	−1	0	−2	0	−1	0	−1	0	2	0	0	2	0	2	0	0	33
241	241	MP	432	214	682	233	512	243	396	0	0	0	0	−1	0	−1	−20	+1	+22	+1	+20	36	7	11	18	5	28	3	43	153
242	242	CC	422	222	487	235	423	242	386	0	0	0	0	−1	0	−1	0	−1	0	−1	0	10	4	6	0	2	7	1	8	29
243	243	PW	402	225	442	237	402	243	402	0	0	0	0	−1	0	−1	0	0	0	0	0	2	2	0	0	0	2	0	3	27
244	244	AS	369	190	628	226	467	244	334	0	0	0	−19	−1	−19	−1	−7	−4	−102	−4	−93	59	0	15	44	5	52	2	36	385