date,gini
2016-10-12,0.8016813185146328
2016-10-14,0.801749581786454
2016-10-15,0.8017812222984977
2016-10-16,0.8017911072113922
2016-10-17,0.801811971685312
2016-10-18,0.8018151739755076
2016-10-19,0.8019509278920379
2016-10-20,0.8020196051483711
2016-10-21,0.8020513021394418
2016-10-22,0.8021242821717031
2016-10-23,0.802106511737002
2016-10-24,0.8020696623426329
2016-10-25,0.8020656295756958
2016-10-26,0.8020686659797504
2016-10-27,0.8020906931494413
2016-10-28,0.8021359591676607
2016-10-29,0.802148748950391
2016-10-30,0.8021646290404904
2016-10-31,0.802177184140121
2016-11-01,0.8021950023559024
2016-11-02,0.8022181313303803
2016-11-03,0.8022198823510126
2016-11-04,0.8022398319312531
2016-11-05,0.8022672150228043
2016-11-06,0.8022898148985724
2016-11-07,0.8022975045833076
2016-11-08,0.8022699000710197
2016-11-09,0.802310944969489
2016-11-10,0.802321436402116
2016-11-11,0.8023227018920644
2016-11-12,0.8023322428245048
2016-11-13,0.8023473114948706
2016-11-14,0.8023696666819194
2016-11-15,0.8023730483020882
2016-11-16,0.8023730483020882
2016-11-17,0.8024123559568836
2016-11-18,0.8024333120659731
2016-11-19,0.8024502388588635
2016-11-20,0.8024873854249154
2016-11-21,0.8024823809771834
2016-11-22,0.8024507465367527
2016-11-23,0.8024749479893527
2016-11-24,0.8025145927726882
2016-11-25,0.8025503690138613
2016-11-26,0.8025583738118666
2016-11-27,0.8026021217224464
2016-11-28,0.8026134148351308
2016-11-29,0.8026067093741588
2016-11-30,0.8026877357836122
2016-12-01,0.8027216037137954
2016-12-02,0.8027217345786797
2016-12-03,0.8027332435937999
2016-12-04,0.8027271985514097
2016-12-05,0.8027584417569733
2016-12-06,0.8027938962517999
2016-12-07,0.8028197876131928
2016-12-09,0.802863076840007
2016-12-10,0.8029100038195658
2016-12-11,0.8029187957126181
2016-12-12,0.8029062212759787
2016-12-13,0.802928450443945
2016-12-14,0.8029353220425606
2016-12-15,0.8029673881819713
2016-12-16,0.8029819582075605
2016-12-17,0.8029666768200323
2016-12-18,0.8029666768200323
2016-12-19,0.8029666768200323
2016-12-20,0.8030130116586333
2016-12-21,0.803012579915867
2016-12-23,0.8031012272566459
2016-12-24,0.8030942565454132
2016-12-25,0.8031439089692776
2016-12-26,0.803152682145395
2016-12-27,0.8031529733044459
2016-12-28,0.8031481878532492
2016-12-29,0.8032258324244704
2016-12-30,0.8032213898142428
2016-12-31,0.8032301683035876
2017-01-01,0.8032447318984923
2017-01-02,0.8032723659309884
2017-01-03,0.8033296520905725
2017-01-04,0.8033921489153943
2017-01-06,0.8035156153860581
2017-01-07,0.803563146929532
2017-01-08,0.803563146929532
2017-01-09,0.8036129276312399
2017-01-10,0.8036521006847037
2017-01-11,0.8036521006847037
2017-01-12,0.8036877828916543
2017-01-13,0.8036989343839064
2017-01-14,0.8037455052439301
2017-01-15,0.80377640185762
2017-01-16,0.8037851232907399
2017-01-17,0.803837672492514
2017-01-18,0.8038842979651106
2017-01-19,0.8039021235929121
2017-01-20,0.8039229024194399
2017-01-21,0.8041121106500966
2017-01-22,0.804120357003544
2017-01-23,0.8041044520479924
2017-01-24,0.8041316030671505
2017-01-25,0.8041445194129447
2017-01-26,0.8041954969109517
2017-01-27,0.8042578676114138
2017-01-28,0.8042835448349471
2017-01-29,0.8043072810638124
2017-01-30,0.8043186565311461
2017-01-31,0.8042991758306361
2017-02-01,0.8043309788125413
2017-02-02,0.8042270296456796
2017-02-03,0.8042592230254713
2017-02-04,0.8043476345933546
2017-02-05,0.8043571892038468
2017-02-06,0.8043953009860603
2017-02-07,0.8043584176056076
2017-02-08,0.8043822722245327
2017-02-09,0.8044159668889497
2017-02-10,0.8044304090493405
2017-02-11,0.8044479558910567
2017-02-12,0.8044499154930213
2017-02-13,0.8044547098204363
2017-02-14,0.8044616491001867
2017-02-15,0.8044646565525141
2017-02-16,0.8044918210540153
2017-02-17,0.8045222843540956
2017-02-18,0.8045194617053525
2017-02-19,0.8045627275262892
2017-02-20,0.8045972434931336
2017-02-21,0.8045836995325798
2017-02-22,0.8046254662754131
2017-02-23,0.8046418033388498
2017-02-24,0.8046438842380904
2017-02-25,0.8046746456043067
2017-02-26,0.8046605295450457
2017-02-27,0.8047040406744261
2017-02-28,0.8046302163768457
2017-03-01,0.804655420997842
2017-03-02,0.804655420997842
2017-03-03,0.8048344623243869
2017-03-04,0.8048628545903636
2017-03-05,0.8048754577124037
2017-03-06,0.8048975474217905
2017-03-07,0.8049403041045528
2017-03-08,0.8049639280227427
2017-03-09,0.8049945779979711
2017-03-10,0.8050232268079781
2017-03-11,0.8050641725401972
2017-03-12,0.8051330148256571
2017-03-13,0.8051319511089855
2017-03-14,0.8051695548004989
2017-03-15,0.8052070224343757
2017-03-16,0.8052127380903712
2017-03-17,0.8052299509224052
2017-03-18,0.8052599283820592
2017-03-19,0.8052880584503008
2017-03-20,0.8053045131709082
2017-03-21,0.8053400641433718
2017-03-22,0.8053581085968202
2017-03-23,0.8053650314108618
2017-03-24,0.8053957554334563
2017-03-25,0.805428864646715
2017-03-26,0.805456875195822
2017-03-27,0.8054726587415593
2017-03-28,0.8055016868949575
2017-03-29,0.8055244493754107
2017-03-30,0.8055567611986238
2017-03-31,0.8056013511222615
2017-04-01,0.8056123339034525
2017-04-02,0.8056156835277686
2017-04-03,0.8056387926812099
2017-04-04,0.8056929825682891
2017-04-05,0.8057069903963588
2017-04-06,0.8057400049162933
2017-04-07,0.8057400049162933
2017-04-08,0.805801567338488
2017-04-09,0.8058044730928513
2017-04-10,0.8058464716892259
2017-04-11,0.8059108697736374
2017-04-12,0.8059105157389475
2017-04-13,0.8059458764285701
2017-04-14,0.8059848214823669
2017-04-15,0.8059874195710142
2017-04-16,0.8060150375601046
2017-04-17,0.8059948849954819
2017-04-18,0.8060406862662539
2017-04-19,0.8060553398580494
2017-04-20,0.8061188996260175
2017-04-21,0.8061999619959085
2017-04-22,0.806246077657494
2017-04-23,0.8062721249958742
2017-04-24,0.806281164603257
2017-04-25,0.8063520636184349
2017-04-26,0.8063624281286936
2017-04-27,0.806387626253477
2017-04-28,0.806401932406244
2017-04-29,0.8064333551035284
2017-04-30,0.8064507032423073
2017-05-01,0.8064824416270345
2017-05-02,0.8064999099056848
2017-05-03,0.8064965110600428
2017-05-04,0.8065231317973977
2017-05-05,0.8065784747260122
2017-05-06,0.8065953172973052
2017-05-07,0.8066303465649021
2017-05-08,0.8066436163782396
2017-05-09,0.8066532909541669
2017-05-10,0.8066532909541669
2017-05-11,0.8067142284457121
2017-05-12,0.8067418214499539
2017-05-13,0.8067615122333687
2017-05-14,0.8067811465606012
2017-05-15,0.8067796815771335
2017-05-16,0.8067875031278333
2017-05-17,0.8067963032095035
2017-05-19,0.8068480408901317
2017-05-20,0.8068480408901317
2017-05-21,0.8068595924483868
2017-05-22,0.8068749779319475
2017-05-24,0.8068749779319475
2017-05-25,0.8069659089132384
2017-05-26,0.8069215653884445
2017-05-27,0.8069215653884445
2017-05-28,0.8069271930486979
2017-05-29,0.8069477386328012
2017-05-30,0.8069618142591585
2017-05-31,0.8069534391830465
2017-06-01,0.8069612863439919
2017-06-02,0.8069667456413628
2017-06-03,0.8070089206599957
2017-06-04,0.8070568708287457
2017-06-05,0.8070918392445084
2017-06-06,0.8071110589683176
2017-06-07,0.8071303686456113
2017-06-08,0.8071349549308963
2017-06-09,0.8071855232943869
2017-06-10,0.8071940511895656
2017-06-11,0.807238474996076
2017-06-12,0.8072463447292483
2017-06-13,0.8072717217980818
2017-06-14,0.8072587146541592
2017-06-15,0.8072933073072982
2017-06-16,0.8073132317257332
2017-06-17,0.8073419986508299
2017-06-18,0.8073532812101072
2017-06-19,0.807368104127613
2017-06-20,0.8074197265993336
2017-06-21,0.8074535523790899
2017-06-22,0.8074858303534453
2017-06-23,0.8074846820568434
2017-06-24,0.8075372611184889
2017-06-25,0.8075356324079378
2017-06-27,0.8075803352611127
2017-06-28,0.8075944649568703
2017-06-29,0.8076243670938188
2017-06-30,0.8076243670938188
2017-07-01,0.8076326404564781
2017-07-02,0.8074847231127612
2017-07-03,0.8076567252888974
2017-07-04,0.8076708287274096
2017-07-06,0.8077087793572864
2017-07-08,0.807759085862007
2017-07-09,0.8077847704669103
2017-07-10,0.8078053687906351
2017-07-11,0.8078013635850558
2017-07-12,0.8078504221623856
2017-07-13,0.8078718323186918
2017-07-14,0.8079360643233316
2017-07-15,0.8079486667903599
2017-07-16,0.807966239933151
2017-07-18,0.8080015212054406
2017-07-19,0.8080218206917138
2017-07-20,0.8080558026803152
2017-07-21,0.8080669044499832
2017-07-22,0.8080669044499832
2017-07-23,0.808092995900909
2017-07-24,0.8080980029763245
2017-07-25,0.8081370158829576
2017-07-26,0.8081625605480678
2017-07-27,0.8082233258588729
2017-07-28,0.808249708430155
2017-07-29,0.8083044866529594
2017-07-30,0.8083332430823101
2017-07-31,0.808336345616082
2017-08-01,0.8083601100619281
2017-08-02,0.8084323636106707
2017-08-03,0.808423107298023
2017-08-05,0.8084440938486097
2017-08-07,0.8084839886333307
2017-08-09,0.8085219514560353
2017-08-10,0.8085163265536572
2017-08-11,0.8085386942083661
2017-08-12,0.808571083085406
2017-08-13,0.8085560114130781
2017-08-14,0.8086045204636141
2017-08-15,0.8086092484785151
2017-08-16,0.8086150906893725
2017-08-17,0.8086402240867745
2017-08-18,0.8086969479957481
2017-08-19,0.8087538998667364
2017-08-20,0.8087747868283304
2017-08-21,0.8087621092459397
2017-08-22,0.808794221185239
2017-08-23,0.8088436874623013
2017-08-24,0.8088433139346006
2017-08-25,0.8089278639453445
2017-08-26,0.8089479898072579
2017-08-27,0.8089708039151077
2017-08-28,0.8090091758374198
2017-08-29,0.8090214662537605
2017-08-30,0.8090380458387474
2017-08-31,0.8090237138772939
2017-09-01,0.8090118816865274
2017-09-02,0.8090375029256454
2017-09-03,0.8090343748136298
2017-09-04,0.8091630479606005
2017-09-05,0.8090735052380975
2017-09-06,0.8090585486609351
2017-09-07,0.8090917954722203
2017-09-08,0.8090914095065335
2017-09-09,0.8090910281575406
2017-09-10,0.8091255930231303
2017-09-11,0.8091702181051919
2017-09-12,0.8091877163072608
2017-09-13,0.8091946157207944
2017-09-14,0.8091990161328834
2017-09-15,0.80923051880209
2017-09-16,0.80923051880209
2017-09-17,0.8092794923070176
2017-09-18,0.809274743953693
2017-09-19,0.8092958867126611
2017-09-20,0.8093695818186294
2017-09-21,0.8093861199611245
2017-09-22,0.8094013734868104
2017-09-23,0.8094007193782538
2017-09-24,0.8094326781067102
2017-09-25,0.8094462367687523
2017-09-26,0.8094650065220043
2017-09-27,0.8094698945522498
2017-09-28,0.809488576884247
2017-09-29,0.8095127019620901
2017-09-30,0.8095294144342912
2017-10-01,0.8095746719681199
2017-10-02,0.8095405702738073
2017-10-03,0.8095538275886501
2017-10-04,0.8095880938883181
2017-10-05,0.8096027684012477
2017-10-06,0.8096274466147443
2017-10-07,0.8096314772451952
2017-10-08,0.8096557785199054
2017-10-09,0.8096622643665247
2017-10-10,0.8097079283745016
2017-10-12,0.8098005298015825
2017-10-13,0.8098434198786529
2017-10-14,0.8098550931085803
2017-10-15,0.8098812800337081
2017-10-16,0.8098962156727386
2017-10-17,0.8099094939658278
2017-10-18,0.8100288604363706
2017-10-19,0.8100522113902012
2017-10-20,0.8101010207674836
2017-10-21,0.8101155781471343
2017-10-22,0.8101390314204331
2017-10-23,0.8101691461367392
2017-10-24,0.810172713595753
2017-10-25,0.8102003406861851
2017-10-26,0.8102067169567725
2017-10-27,0.8102045536889799
2017-10-28,0.8102338638209085
2017-10-29,0.81020580384277
2017-10-30,0.8102298968487667
2017-10-31,0.81029589317475
2017-11-01,0.8103541930368683
2017-11-02,0.810128260088228
2017-11-03,0.8104444109959902
2017-11-04,0.8104492126657022
2017-11-05,0.810462477870805
2017-11-06,0.8104692402867424
2017-11-07,0.8104595206057466
2017-11-08,0.8104579186878852
2017-11-09,0.8104866171166712
2017-11-10,0.810497657329215
2017-11-11,0.8105534864252321
2017-11-12,0.8106014191152782
2017-11-13,0.8106380907508067
2017-11-14,0.8105349590226582
2017-11-15,0.8105750729255227
2017-11-16,0.8105975201147148
2017-11-17,0.8106187723722135
2017-11-18,0.8105902613889157
2017-11-19,0.8106474056101353
2017-11-20,0.8106421716685588
2017-11-21,0.8106310605400258
2017-11-22,0.8106769691335479
2017-11-23,0.8107226358092983
2017-11-24,0.8107322208177679
2017-11-25,0.8108444003769881
2017-11-26,0.8108450888602584
2017-11-27,0.8108298830957211
2017-11-28,0.8108450570275332
2017-11-29,0.8108450570275332
2017-11-30,0.8108450570275332
2017-12-01,0.810938830510995
2017-12-02,0.810938830510995
2017-12-03,0.8109527325005599
2017-12-04,0.8109798965224672
2017-12-05,0.8109721665324046
2017-12-06,0.8109741588541554
2017-12-07,0.8109741588541554
2017-12-09,0.811034930598413
2017-12-10,0.8110475524477535
2017-12-11,0.8110487777734914
2017-12-12,0.8110560868307968
2017-12-13,0.8110423115511823
2017-12-14,0.8110639447566345
2017-12-15,0.8110714718485431
2017-12-16,0.8110960577267254
2017-12-17,0.8110919715833141
2017-12-18,0.8110994942113527
2017-12-19,0.8110994942113527
2017-12-20,0.811120065215263
2017-12-21,0.8111271322313767
2017-12-22,0.8111392936009766
2017-12-23,0.8111191952965949
2017-12-24,0.8111056857056254
2017-12-25,0.8111204878474646
2017-12-26,0.8111052099626237
2017-12-27,0.8111107096152705
2017-12-28,0.8111335223917079
2017-12-29,0.8111687712747095
2017-12-30,0.8112277352978419
2017-12-31,0.8113102183893025
2018-01-01,0.8113386782354542
2018-01-02,0.8113080916167595
2018-01-03,0.811391459359142
2018-01-04,0.8114244682463174
2018-01-05,0.8114465701410929
2018-01-06,0.8113667868275214
2018-01-07,0.8113469098806725
2018-01-08,0.8113646227774561
2018-01-09,0.8114666915478213
2018-01-10,0.8115144166490827
2018-01-11,0.8115560443573713
2018-01-12,0.811574170496199
2018-01-13,0.8116310922690373
2018-01-14,0.8116615272193927
2018-01-15,0.8116768228062012
2018-01-16,0.8117454240019397
2018-01-18,0.8118120923588747
2018-01-19,0.8118507763323122
2018-01-20,0.8119042416207293
2018-01-21,0.8118849448284401
2018-01-22,0.8119206023161839
2018-01-23,0.8119273620658077
2018-01-24,0.8119659697940055
2018-01-25,0.8119823213640966
2018-01-26,0.8119823213640966
2018-01-27,0.812048084004631
2018-01-28,0.8120468755573569
2018-01-29,0.8120941652530093
2018-01-30,0.8121376362293222
2018-01-31,0.8122076219981056
2018-02-01,0.8122399873497729
2018-02-02,0.8122399873497729
2018-02-03,0.8122661148423751
2018-02-04,0.8122717514329943
2018-02-05,0.8123178331739378
2018-02-06,0.8123186685447167
2018-02-07,0.8123334397979103
2018-02-08,0.8123435275369496
2018-02-09,0.8123685529030349
2018-02-10,0.8123794853944479
2018-02-11,0.8123012691941066
2018-02-12,0.8123077544129695
2018-02-13,0.8123783833835712
2018-02-14,0.8123940547993838
2018-02-16,0.8124715012493713
2018-02-17,0.8125078335824107
2018-02-18,0.8125346133081243
2018-02-19,0.8125271320932407
2018-02-20,0.8125439852034865
2018-02-21,0.8125515328607879
2018-02-22,0.8125515328607879
2018-02-23,0.8125839930571775
2018-02-24,0.8126151589515791
2018-02-25,0.8126166305722735
2018-02-26,0.8126091490976698
2018-02-27,0.812636767968683
2018-02-28,0.8126770069742277
2018-03-01,0.812701027166738
2018-03-02,0.8127431906532508
2018-03-03,0.8127558414264239
2018-03-04,0.812774979499255
2018-03-05,0.812790336680387
2018-03-06,0.812790336680387
2018-03-07,0.812790336680387
2018-03-08,0.8128706099425085
2018-03-09,0.8128710902602845
2018-03-10,0.8128723400016085
2018-03-11,0.8128880272799439
2018-03-12,0.8128919906689931
2018-03-13,0.8128734242861787
2018-03-14,0.8128928062013474
2018-03-15,0.8129022356397487
2018-03-16,0.8129130930288802
2018-03-17,0.8129215485115374
2018-03-18,0.812902408139592
2018-03-19,0.812919582036601
2018-03-20,0.8129378953069011
2018-03-21,0.8129665499015682
2018-03-22,0.8129668893389385
2018-03-23,0.8129760385410303
2018-03-24,0.8129922642570844
2018-03-25,0.8130036323130392
2018-03-26,0.8130184452407891
2018-03-27,0.8129872969113606
2018-03-28,0.8130048982817666
2018-03-29,0.8130425549884849
2018-03-30,0.8130379512449645
2018-03-31,0.8130828792491922
2018-04-01,0.8131027230463476
2018-04-02,0.8131261908908533
2018-04-03,0.8131015647256227
2018-04-04,0.8131223175685436
2018-04-05,0.8134027843909444
2018-04-06,0.8131924688802891
2018-04-07,0.8131941006707915
2018-04-08,0.8131958078228324
2018-04-09,0.8131802611666469
2018-04-10,0.8131176607217644
2018-04-11,0.813101523840941
2018-04-12,0.8131092916106193
2018-04-13,0.8131183619657686
2018-04-14,0.8131128923895518
2018-04-15,0.8131358377752396
2018-04-16,0.8131240907941675
2018-04-17,0.8131881223394551
2018-04-18,0.8132103181593021
2018-04-19,0.8132329904626027
2018-04-20,0.8132474263562548
2018-04-21,0.8132680760961439
2018-04-22,0.8132741660080597
2018-04-23,0.8132362419099147
2018-04-24,0.8132396788536419
2018-04-25,0.8133245519741203
2018-04-26,0.813306593568503
2018-04-27,0.8133433859259771
2018-04-28,0.8133752112372079
2018-04-29,0.8133792777920177
2018-04-30,0.8134098414928352
2018-05-01,0.8134439995442504
2018-05-02,0.8135599028162731
2018-05-03,0.8134996823313387
2018-05-04,0.8135130787497451
2018-05-05,0.813544827005196
2018-05-06,0.8135525499913934
2018-05-07,0.8135475052214525
2018-05-08,0.8135527812912373
2018-05-09,0.8135639552618263
2018-05-10,0.813603488296238
2018-05-11,0.813603488296238
2018-05-12,0.8136493336110189
2018-05-13,0.813663932428998
2018-05-14,0.8136828643286663
2018-05-16,0.8136887736801015
2018-05-17,0.8136958995737448
2018-05-18,0.8136906013458225
2018-05-19,0.813706221001187
2018-05-20,0.8137233764458024
2018-05-21,0.8137110916280831
2018-05-22,0.8137010450571666
2018-05-23,0.8137010450571666
2018-05-24,0.8136949625797718
2018-05-25,0.8137297893186981
2018-05-26,0.8137724183828822
2018-05-27,0.8138029840998586
2018-05-28,0.8138206479391737
2018-05-29,0.8138517863888681
2018-05-30,0.8138964983843636
2018-05-31,0.8139437895719516
2018-06-01,0.8139838848232125
2018-06-02,0.8139838848232125
2018-06-03,0.8139853311026745
2018-06-04,0.814010855317487
2018-06-05,0.8140547448379134
2018-06-06,0.8140975409773982
2018-06-07,0.8141277077207958
2018-06-08,0.8141277077207958
2018-06-09,0.8141277077207958
2018-06-10,0.8141347167784191
2018-06-11,0.8141416936348759
2018-06-12,0.8141702359304759
2018-06-13,0.8141743689853075
2018-06-15,0.8142101944902239
2018-06-16,0.8142206137153059
2018-06-17,0.8142387108359257
2018-06-18,0.8142436742115763
2018-06-19,0.8142527207346621
2018-06-20,0.8143091870559583
2018-06-21,0.8143181010820131
2018-06-22,0.8143181010820131
2018-06-23,0.8142380217849723
2018-06-24,0.8142483001567463
2018-06-25,0.8142494314733661
2018-06-26,0.8142494314733661
2018-06-27,0.814275487752747
2018-06-28,0.814310871866376
2018-06-29,0.8143058315327464
2018-06-30,0.8143147966646793
2018-07-01,0.8143094735205489
2018-07-03,0.8142867554780543
2018-07-04,0.8143128975614444
2018-07-05,0.8143591928845162
2018-07-06,0.814369043630895
2018-07-07,0.8143780780487798
2018-07-08,0.8143791544927007
2018-07-10,0.8144348343959803
2018-07-11,0.8144348343959803
2018-07-12,0.8144648799366886
2018-07-13,0.8144648799366886
2018-07-14,0.8145198762513024
2018-07-15,0.8145236440172845
2018-07-16,0.8145367544650195
2018-07-17,0.8145367544650195
2018-07-19,0.8145578465209231
2018-07-20,0.8145578465209231
2018-07-21,0.8145578465209231
2018-07-22,0.8145449908880299
2018-07-23,0.8145657916011696
2018-07-24,0.8146177609223655
2018-07-25,0.8146245942839836
2018-07-26,0.8146193926416986
2018-07-27,0.8146945945102964
2018-07-28,0.8146604014019185
2018-07-29,0.8146797406526355
2018-07-30,0.8146844798099093
2018-07-31,0.8146844798099093
2018-08-01,0.8146999607833295
2018-08-02,0.8147044191065554
2018-08-03,0.8147332908654391
2018-08-04,0.814748413502226
2018-08-05,0.8147633247063423
2018-08-06,0.814777108114589
2018-08-07,0.814769023277268
2018-08-08,0.814769023277268
2018-08-09,0.8147668969746541
2018-08-12,0.8148247679946948
2018-08-13,0.8148563714656049
2018-08-14,0.8148466811463265
2018-08-15,0.8148466811463265
2018-08-16,0.814846527400948
2018-08-18,0.814846527400948
2018-08-19,0.8149923017093389
2018-08-20,0.8149923017093389
2018-08-21,0.81498550875635
2018-08-22,0.8150130106068991
2018-08-23,0.815037359199211
2018-08-24,0.8150857012650581
2018-08-25,0.8150741167487829
2018-08-26,0.8150877370461722
2018-08-27,0.8150887150237713
2018-08-28,0.8151232263793261
2018-08-29,0.8151208230748408
2018-08-30,0.8151520998847605
2018-08-31,0.8151644073978687
2018-09-01,0.8152005671594599
2018-09-02,0.8152135055154074
2018-09-03,0.8152306936420097
2018-09-04,0.8152287662029193
2018-09-05,0.8152455745906453
2018-09-06,0.8152452601148156
2018-09-07,0.8152505056129602
2018-09-08,0.8152549977719076
2018-09-09,0.8152662200896446
2018-09-11,0.8153113795372787
2018-09-12,0.8153142532637083
2018-09-13,0.8153209324833428
2018-09-14,0.815337086121423
2018-09-15,0.8153459604438755
2018-09-16,0.8153494042674321
2018-09-17,0.8153681564752295
2018-09-18,0.8153520186682449
2018-09-19,0.8153663788642153
2018-09-20,0.815377806013196
2018-09-21,0.8154826935015042
2018-09-22,0.8154106124297521
2018-09-23,0.8154179850529361
2018-09-24,0.815446671230698
2018-09-25,0.8154965405424605
2018-09-26,0.8155008196340608
2018-09-27,0.8154901181833708
2018-09-28,0.8154936298575138
2018-09-29,0.8154925826959945
2018-09-30,0.8154933190004815
2018-10-01,0.8155109023453478
2018-10-02,0.8161650699219264
2018-10-03,0.8154854805258817
2018-10-04,0.815513191564188
2018-10-05,0.8155296027047648
2018-10-06,0.815528197120793
2018-10-07,0.8155250280428984
2018-10-08,0.8155166133312753
2018-10-09,0.8155190687915969
2018-10-10,0.8155138823292799
2018-10-11,0.8155349238755939
2018-10-12,0.815515186677264
2018-10-13,0.815526865623882
2018-10-14,0.8155356769258049
2018-10-15,0.8155609113204408
2018-10-16,0.815585394261907
2018-10-17,0.8156082054004458
2018-10-18,0.8153370685314327
2018-10-19,0.8156921160489415
2018-10-20,0.8156659943889714
2018-10-21,0.8158508542312893
2018-10-22,0.8156844774960057
2018-10-23,0.8156911791840394
2018-10-24,0.815674681684809
2018-10-25,0.8158617129614393
2018-10-26,0.8157961012157846
2018-10-27,0.8160454041970767
2018-10-28,0.8157864205773375
2018-10-29,0.8159251028207942
2018-10-30,0.8156996187524488
2018-10-31,0.8159332531296797
2018-11-01,0.8159821825557722
2018-11-02,0.8160128175578537
2018-11-03,0.8160178233839295
2018-11-04,0.816060812353574
2018-11-05,0.816159573414325
2018-11-06,0.8162250842386146
2018-11-07,0.8162617644357836
2018-11-08,0.8165861494952733
2018-11-09,0.8163902710338871
2018-11-10,0.8163745267698885
2018-11-11,0.816406377658292
2018-11-12,0.8164025684191729
2018-11-13,0.8164109669478583
2018-11-14,0.8163906665010306
2018-11-15,0.8163916265873479
2018-11-16,0.8163955450591291
2018-11-17,0.8163792998415379
2018-11-18,0.816479132792872
2018-11-20,0.8165220875690656
2018-11-21,0.8164888231782379
2018-11-22,0.8164807232201249
2018-11-23,0.816496377902167
2018-11-24,0.8166275037709612
2018-11-25,0.8166303658987841
2018-11-26,0.8166491085655566
2018-11-27,0.8167155303783425
2018-11-28,0.816725975171129
2018-11-29,0.8167367133258864
2018-11-30,0.8167433545892098
2018-12-01,0.8167521819225848
2018-12-02,0.816759904965842
2018-12-03,0.8167622972583571
2018-12-04,0.8167610603953385
2018-12-05,0.8167579685070976
2018-12-06,0.8167726284762201
2018-12-07,0.8167606474961732
2018-12-08,0.8167600625220887
2018-12-09,0.8167779896768076
2018-12-10,0.8167777249607658
2018-12-11,0.8167585143396976
2018-12-12,0.8167648517286079
2018-12-13,0.8167731870572579
2018-12-14,0.8167753779838177
2018-12-15,0.8167872503845254
2018-12-16,0.8168082741422881
2018-12-17,0.8168362352556044
2018-12-18,0.8168530844438974
2018-12-19,0.8168660707877066
2018-12-20,0.8168526378770551
2018-12-21,0.8168502995226884
2018-12-22,0.8168638713977262
2018-12-23,0.8168525704262044
2018-12-24,0.8168638149405851
2018-12-25,0.8168703762809792
2018-12-26,0.8168775048130343
2018-12-27,0.8168786083656017
2018-12-28,0.8168878203762152
2018-12-29,0.8169114293952204
2018-12-30,0.8169412701777742
2018-12-31,0.8169330791511671
2019-01-01,0.8169453301679632
2019-01-02,0.8169749413796642
2019-01-03,0.8169713308327051
2019-01-04,0.8169694581375188
2019-01-05,0.8169798630886465
2019-01-06,0.8169824133640381
2019-01-07,0.816993492774893
2019-01-08,0.8170002972700959
2019-01-09,0.8170121125574256
2019-01-10,0.8170338357353113
2019-01-11,0.8170646489095896
2019-01-12,0.8170936347931079
2019-01-13,0.8170935603095105
2019-01-14,0.8171072355163649
2019-01-15,0.817105446844805
2019-01-16,0.817112236157487
2019-01-17,0.817112236157487
2019-01-19,0.8171352130222517
2019-01-20,0.8171342678568253
2019-01-21,0.8171389456074627
2019-01-22,0.8171532705384779
2019-01-23,0.8171596479844182
2019-01-24,0.817153146518513
2019-01-25,0.8171694640878927
2019-01-26,0.8172108446841723
2019-01-27,0.8172393726771385
2019-01-28,0.8172712030862953
2019-01-29,0.8172908551071414
2019-01-30,0.8172908551071414
2019-01-31,0.8173410592083152
2019-02-01,0.8173639325256754
2019-02-02,0.817753004238011
2019-02-03,0.8173878209620176
2019-02-04,0.8174111457367471
2019-02-05,0.8174124662277791
2019-02-06,0.8174464085864939
2019-02-07,0.8174640573500477
2019-02-08,0.8174480281855521
2019-02-09,0.8174829709880352
2019-02-10,0.817495750032556
2019-02-11,0.8174918023731599
2019-02-12,0.8174971857791908
2019-02-13,0.8175292166997661
2019-02-14,0.8175295566782165
2019-02-15,0.8175311499172688
2019-02-16,0.8175241328032066
2019-02-17,0.8175335391496954
2019-02-18,0.8175507893188027
2019-02-19,0.8175586221405275
2019-02-20,0.8175953659858751
2019-02-21,0.8176386564450925
2019-02-22,0.8176412231329491
2019-02-23,0.8176545043629967
2019-02-24,0.8176697773409876
2019-02-25,0.8176849153771801
2019-02-26,0.8177314439708044
2019-02-27,0.8177616905521392
2019-02-28,0.8177906517391587
2019-03-01,0.8178096236841793
2019-03-02,0.8178474627380347
2019-03-03,0.8178441033469629
2019-03-04,0.8178548428123605
2019-03-05,0.8178900653221574
2019-03-06,0.8179107336692213
2019-03-07,0.8179078986720868
2019-03-08,0.8179088157102465
2019-03-09,0.8179309923137392
2019-03-10,0.8179479911103834
2019-03-11,0.817951837338117
2019-03-12,0.817981427858226
2019-03-13,0.8179797290916742
2019-03-14,0.8179878288201973
2019-03-15,0.8179892330433828
2019-03-16,0.8179928467057872
2019-03-17,0.8180158256954027
2019-03-18,0.8180085982759164
2019-03-19,0.8179975209091831
2019-03-20,0.8179902642143281
2019-03-21,0.8180235255006031
2019-03-22,0.8180371701375821
2019-03-23,0.8180441890843976
2019-03-24,0.8180375000016206
2019-03-25,0.8180646873046122
2019-03-26,0.818068753424001
2019-03-27,0.8180582670304698
2019-03-28,0.8180651440904873
2019-03-29,0.8180708119051826
2019-03-30,0.8180792095128763
2019-03-31,0.8180870922408263
2019-04-01,0.8180813231239764
2019-04-02,0.8181241541508263
2019-04-03,0.8181302465951639
2019-04-04,0.8181390004872509
2019-04-05,0.8181684210219239
2019-04-06,0.8182813022349653
2019-04-07,0.8183273733078291
2019-04-08,0.8183277449800426
2019-04-09,0.8183272061303648
2019-04-10,0.8183226309837495
2019-04-11,0.8183236206265742
2019-04-12,0.8183236206265742
2019-04-13,0.8183537645096693
2019-04-14,0.8183739344964607
2019-04-15,0.8183714011176283
2019-04-16,0.8183832279794757
2019-04-17,0.818428677815669
2019-04-18,0.8184402458992
2019-04-19,0.818426760152743
2019-04-20,0.8184352653308692
2019-04-21,0.8184502683318691
2019-04-22,0.8185046161493562
2019-04-23,0.818503466706021
2019-04-24,0.8185207522014948
2019-04-25,0.8185154239515033
2019-04-26,0.818547733288949
2019-04-27,0.8185491248668038
2019-04-28,0.8185728024835033
2019-04-29,0.8186037300784298
2019-04-30,0.818591815300511
2019-05-01,0.8185998228652196
2019-05-02,0.8185989106109326
2019-05-03,0.8186225629733157
2019-05-04,0.8186651622932152
2019-05-05,0.8187151736065605
2019-05-06,0.8187265596738906
2019-05-07,0.8187192981354705
2019-05-08,0.818730396194647
2019-05-09,0.8187319065250626
2019-05-12,0.8187456698660984
2019-05-13,0.8187641276426832
2019-05-14,0.8187774760773999
2019-05-15,0.8187677413943251
2019-05-16,0.8187723368199123
2019-05-17,0.8187731374731216
2019-05-18,0.8188153731561051
2019-05-19,0.8188122010397699
2019-05-20,0.8188255481542492
2019-05-21,0.8188123858096963
2019-05-22,0.8188173739372535
2019-05-23,0.8188514477843393
2019-05-24,0.8188487691285296
2019-05-25,0.8188455566126099
2019-05-26,0.8188368632395558
2019-05-27,0.8188506084162658
2019-05-28,0.8188756534834161
2019-05-29,0.8188940275175843
2019-05-30,0.8188869300167326
2019-05-31,0.8188973155499176
2019-06-01,0.8188926773793714
2019-06-02,0.8189158236562778
2019-06-03,0.8189529543287838
2019-06-04,0.8189525490383077
2019-06-05,0.8189462124416182
2019-06-06,0.8189625468346687
2019-06-07,0.818963822554812
2019-06-08,0.818951526643171
2019-06-09,0.818947197916916
2019-06-10,0.8189466452880055
2019-06-11,0.8189341986305235
2019-06-12,0.8189338293293386
2019-06-13,0.8189591467356925
2019-06-14,0.8189729151593742
2019-06-15,0.818979103055069
2019-06-16,0.8189893948510032
2019-06-17,0.8190066929408943
2019-06-18,0.8190117179111612
2019-06-19,0.819018887311759
2019-06-20,0.8190289090743742
2019-06-21,0.8190394068846512
2019-06-22,0.8190534529218758
2019-06-23,0.8190503242791207
2019-06-24,0.8190618694644949
2019-06-25,0.8190735250404781
2019-06-26,0.8190870441797055
2019-06-27,0.8191130680736011
2019-06-28,0.819124073368736
2019-06-29,0.8191461012668678
2019-06-30,0.81915070383272
2019-07-01,0.8191693984990905
2019-07-02,0.8191710221183767
2019-07-03,0.8191891085254934
2019-07-04,0.8191901959425141
2019-07-05,0.8192002648920208
2019-07-06,0.8191980765364488
2019-07-07,0.8192352538716604
2019-07-08,0.8192407583695271
2019-07-09,0.8192455391507011
2019-07-10,0.8192875770003034
2019-07-11,0.8192990836998434
2019-07-12,0.8193398014249653
2019-07-13,0.8193160312837093
2019-07-14,0.8193394799251676
2019-07-15,0.8193921644310886
2019-07-16,0.8193970972561604
2019-07-17,0.8194035893414764
2019-07-18,0.8194378656571047
2019-07-19,0.8194436362681577
2019-07-20,0.8194713029059651
2019-07-21,0.8194901750407637
2019-07-22,0.8195075897957554
2019-07-23,0.819522211661259
2019-07-24,0.8195485757023561
2019-07-25,0.8195875895854444
2019-07-26,0.8195859724813361
2019-07-27,0.8196133322857454
2019-07-28,0.8196373011954654
2019-07-29,0.8196542163194079
2019-07-30,0.8196623579571158
2019-07-31,0.8196936392431795
2019-08-01,0.8196898005584354
2019-08-02,0.8196972743245202
2019-08-03,0.8197734584424781
2019-08-04,0.8197768522533664
2019-08-05,0.8198028746922338
2019-08-06,0.8198041375798025
2019-08-07,0.8198368774592979
2019-08-08,0.8198509492370761
2019-08-09,0.819883419063545
2019-08-10,0.81993256923513
2019-08-11,0.8199504926554134
2019-08-12,0.8199528946681964
2019-08-13,0.8199739081765923
2019-08-14,0.8199909642621582
2019-08-15,0.8200067306849379
2019-08-16,0.8200583865681285
2019-08-17,0.8200828243773445
2019-08-19,0.8201105961068973
2019-08-20,0.8201679632642908
2019-08-21,0.8202225788222088
2019-08-22,0.820206500820675
2019-08-23,0.8201958530657071
2019-08-24,0.8202269257965117
2019-08-25,0.8202277483809758
2019-08-26,0.8202237255053614
2019-08-27,0.8202614144823508
2019-08-28,0.8203019048021174
2019-08-29,0.8203168289775917
2019-08-30,0.8203057876239186
2019-08-31,0.8203117839322484
2019-09-01,0.8203331033763911
2019-09-02,0.8203346305159606
2019-09-03,0.8203626535320435
2019-09-04,0.8203709411299436
2019-09-05,0.82037187618003
2019-09-06,0.8203810809633296
2019-09-07,0.8203709207401517
2019-09-08,0.8203652060182199
2019-09-09,0.8203611575570307
2019-09-10,0.8203442641267698
2019-09-11,0.820343984658853
2019-09-12,0.8203760315074515
2019-09-13,0.820377456851613
2019-09-14,0.8204185272227406
2019-09-15,0.8204080073803405
2019-09-16,0.820431466098155
2019-09-17,0.8204361321327119
2019-09-18,0.8204652151544053
2019-09-19,0.820477293987225
2019-09-20,0.8204642470928956
2019-09-21,0.8204835414993992
2019-09-22,0.820498086870156
2019-09-23,0.8205045541757872
2019-09-24,0.8204843508413201
2019-09-25,0.8205316030821668
2019-09-26,0.8205642924621303
2019-09-27,0.8205713704462779
2019-09-28,0.8205676390462172
2019-09-29,0.8205712476535786
2019-09-30,0.8205773337594244
2019-10-01,0.8205970639895674
2019-10-02,0.8205895068581356
2019-10-03,0.820606090091404
2019-10-04,0.8206166580720081
2019-10-05,0.8206087694544306
2019-10-06,0.8206270910765094
2019-10-07,0.820633269962725
2019-10-08,0.8206329050895471
2019-10-09,0.8206020060647603
2019-10-10,0.8206163158793134
2019-10-11,0.8206304325379669
2019-10-12,0.8206495656542324
2019-10-13,0.8206441236230458
2019-10-14,0.8206580712136331
2019-10-15,0.8206862078540215
2019-10-16,0.8207350059683267
2019-10-17,0.8207415777163568
2019-10-18,0.8207583812164227
2019-10-19,0.8207673264766013
2019-10-20,0.8207628586470613
2019-10-21,0.8207826001618476
2019-10-22,0.820808989167501
2019-10-23,0.8208462991718736
2019-10-25,0.8209071664555614
2019-10-26,0.8209272557198359
2019-10-27,0.8209559658396007
2019-10-28,0.8209734863325431
2019-10-29,0.8210201049441359
2019-10-30,0.8210128358450292
2019-10-31,0.8210460052656201
2019-11-01,0.8210381210170672
2019-11-02,0.8210413820633339
2019-11-03,0.8210251072027878
2019-11-04,0.8210561148734807
2019-11-05,0.8210356294111314
2019-11-06,0.8210604086852705
2019-11-07,0.8210966730338842
2019-11-08,0.8211102713466241
2019-11-09,0.821126674243878
2019-11-10,0.8211229002189181
2019-11-11,0.8211635379978018
2019-11-12,0.8211459094048379
2019-11-13,0.8211701699399409
2019-11-14,0.8211814583324388
2019-11-15,0.821199694486711
2019-11-16,0.8211869756562061
2019-11-17,0.8211836692954463
2019-11-18,0.8211696906153746
2019-11-19,0.8211543796260208
2019-11-20,0.8211515487258051
2019-11-21,0.8211657501394647
2019-11-22,0.8211762949688655
2019-11-23,0.8211766202192738
2019-11-24,0.8211791624303346
2019-11-25,0.8212088641780242
2019-11-26,0.8212199681537562
2019-11-27,0.8212450414618432
2019-11-28,0.8212899937773865
2019-11-29,0.8212896456237522
2019-11-30,0.821297973368566
2019-12-01,0.8213138960633007
2019-12-02,0.8213263906382862
2019-12-03,0.8213188280436869
2019-12-04,0.8213217076247383
2019-12-05,0.8213480054986134
2019-12-06,0.821350678050356
2019-12-07,0.82138517812933
2019-12-08,0.8213882978430709
2019-12-09,0.8213817530550082
2019-12-10,0.8213966335767829
2019-12-11,0.8213985670367591
2019-12-12,0.8213991915924801
2019-12-13,0.821405903388528
2019-12-14,0.8214182065564879
2019-12-15,0.8214230383587331
2019-12-16,0.8214210127511188
2019-12-17,0.8214376805169127
2019-12-18,0.8214572113792115
2019-12-19,0.821470035117966
2019-12-20,0.821516274875243
2019-12-21,0.8215263715661262
2019-12-22,0.8215114052752915
2019-12-23,0.8215548061610269
2019-12-24,0.8215687590932774
2019-12-25,0.821605952574629
2019-12-26,0.8215999166645285
2019-12-27,0.8216170560048016
2019-12-28,0.8216690298700905
2019-12-29,0.8216897296744139
2019-12-30,0.8216830027724886
2019-12-31,0.821685005121002
2020-01-01,0.8216942195811245
2020-01-02,0.8217455461996475
2020-01-03,0.8217654669266946
2020-01-04,0.8217617577104391
2020-01-05,0.8217669173472387
2020-01-06,0.8217682810428599
2020-01-07,0.821804004920543
2020-01-08,0.8218227483941534
2020-01-09,0.8218526590119057
2020-01-10,0.8218628386380541
2020-01-11,0.8218790217395538
2020-01-12,0.8218834290846269
2020-01-13,0.8218850182205258
2020-01-14,0.8219220895970243
2020-01-15,0.8219555479985392
2020-01-16,0.8219478096115949
2020-01-17,0.8219847476129549
2020-01-18,0.8220138117525978
2020-01-19,0.8220132353703357
2020-01-20,0.8220239561374524
2020-01-21,0.8220383294119297
2020-01-22,0.8220654397787179
2020-01-23,0.822089884150742
2020-01-24,0.8220965966500483
2020-01-25,0.822114262430136
2020-01-26,0.8221392766876557
2020-01-27,0.8221406465766863
2020-01-28,0.8221600472612601
2020-01-29,0.822190436333885
2020-01-30,0.8221826212372444
2020-01-31,0.8222195729895232
2020-02-01,0.8222195617454812
2020-02-02,0.8222627530714522
2020-02-03,0.8222353134070444
2020-02-04,0.8222360967601045
2020-02-05,0.822246602366957
2020-02-06,0.8222910751275022
2020-02-07,0.8222966076218109
2020-02-09,0.8223279179303039
2020-02-10,0.8223415892551813
2020-02-11,0.8223614248116501
2020-02-12,0.8223747780873708
2020-02-13,0.8223840254637124
2020-02-14,0.8224297034173156
2020-02-15,0.8224242295580143
2020-02-16,0.8224411538686575
2020-02-17,0.8224488111910461
2020-02-18,0.8224622545692912
2020-02-19,0.8225085275375207
2020-02-20,0.822522165877364
2020-02-21,0.8225339641977916
2020-02-22,0.8225580510198
2020-02-23,0.8225945403760678
2020-02-24,0.8225831689441865
2020-02-25,0.8225947775938224
2020-02-26,0.8226082218222928
2020-02-27,0.8226581416314733
2020-02-28,0.822708914135265
2020-02-29,0.8227587448085638
2020-03-01,0.8227806029650367
2020-03-02,0.8227965796271152
2020-03-03,0.8228066775060194
2020-03-04,0.8227662081334265
2020-03-05,0.8228018749094188
2020-03-06,0.8228164084153062
2020-03-07,0.8228146751862208
2020-03-08,0.8228412943556537
2020-03-09,0.822865085497936
2020-03-10,0.8228641406775652
2020-03-11,0.8228637897376306
2020-03-12,0.82287651056151
2020-03-13,0.822901893348682
2020-03-14,0.8229066800785121
2020-03-15,0.8229083919381818
2020-03-16,0.8228988207029679
2020-03-17,0.8229097272560019
2020-03-18,0.822922001414334
2020-03-19,0.8229196670134804
2020-03-20,0.8229243126405202
2020-03-21,0.8229250768973855
2020-03-22,0.8229225785389641
2020-03-23,0.8229172961426863
2020-03-24,0.8229122915650479
2020-03-25,0.8229093979713171
2020-03-26,0.8229217984196304
2020-03-27,0.8229307381167217
2020-03-28,0.8229300100793036
2020-03-29,0.8229583325371571
2020-03-31,0.8230001336483782
2020-04-01,0.8229991707177481
2020-04-02,0.8230020583870303
2020-04-03,0.8230169755085204
2020-04-04,0.8230392970369006
2020-04-05,0.8230611185090755
2020-04-06,0.8230726632846634
2020-04-07,0.8230664178394659
2020-04-08,0.8231054694807899
2020-04-09,0.8231341668486973
2020-04-10,0.8231668875674713
2020-04-11,0.8231507189329855
2020-04-12,0.8231552421758223
2020-04-13,0.823176373341747
2020-04-14,0.8231904175294119
2020-04-15,0.823190322076099
2020-04-16,0.823213149261894
2020-04-17,0.8232356454342209
2020-04-18,0.8232624569687023
2020-04-19,0.8232697680212361
2020-04-20,0.8232878558175598
2020-04-21,0.8233072462974426
2020-04-22,0.8233180615389634
2020-04-23,0.823353163568016
2020-04-24,0.8233650395490466
2020-04-25,0.8234056927374737
2020-04-26,0.823405966920524
2020-04-27,0.8234236860593258
2020-04-28,0.8234735710938377
2020-04-29,0.8234642511599644
2020-04-30,0.823481123406429
2020-05-01,0.8234902008925722
2020-05-02,0.8235028682500627
2020-05-03,0.823538705280183
2020-05-04,0.8235442721387022
2020-05-05,0.8235613873969669
2020-05-06,0.8235904116610142
2020-05-07,0.8235996038000182
2020-05-08,0.8236254670683948
2020-05-09,0.8236320684576363
2020-05-10,0.8236631177092296
2020-05-11,0.8236586105962641
2020-05-12,0.8236710048600181
2020-05-13,0.8237215375037205
2020-05-14,0.8237875418494777
2020-05-15,0.8238199446512922
2020-05-16,0.8238175004209363
2020-05-17,0.8238494533571008
2020-05-18,0.8238499863764428
2020-05-19,0.8238492590524098
2020-05-20,0.8238709169180336
2020-05-21,0.8238838051260444
2020-05-22,0.8239041650589959
2020-05-23,0.8239171872602005
2020-05-24,0.8239169509173352
2020-05-25,0.8239317178388981
2020-05-26,0.8239704378062492
2020-05-27,0.8240143644359231
2020-05-28,0.8240554392571185
2020-05-29,0.8240593600315641
2020-05-31,0.824132805135114
2020-06-01,0.8241349339187951
2020-06-02,0.8241722530778327
2020-06-03,0.8241922489080099
2020-06-04,0.8242024894367944
2020-06-05,0.8242659514045223
2020-06-06,0.8242692368088339
2020-06-07,0.8242652225875582
2020-06-08,0.8242773457207007
2020-06-09,0.8242828176524385
2020-06-10,0.8242930239604758
2020-06-11,0.8242971588006426
2020-06-12,0.824315606963494
2020-06-13,0.8243411556062686
2020-06-14,0.824369094115397
2020-06-15,0.8243866508785413
2020-06-16,0.8243951015118456
2020-06-17,0.8244182713688301
2020-06-18,0.8244182475835341
2020-06-19,0.8244264108994145
2020-06-20,0.8244445608144632
2020-06-21,0.8244801275819884
2020-06-22,0.8245110724675663
2020-06-23,0.8245114783515122
2020-06-24,0.8245481277476313
2020-06-25,0.8245645657033698
2020-06-26,0.8245758575995114
2020-06-27,0.8245741027533043
2020-06-28,0.8245998540797621
2020-06-29,0.8246263165156794
2020-06-30,0.8246278551795027
2020-07-01,0.8246541884424897
2020-07-02,0.8246627031440785
2020-07-03,0.8246591867173528
2020-07-04,0.8246687346176005
2020-07-05,0.8246723433880502
2020-07-06,0.8246946054365291
2020-07-07,0.824709637344425
2020-07-08,0.8247075635518994
2020-07-09,0.8247158484405032
2020-07-10,0.8247285064401391
2020-07-11,0.8247540714745707
2020-07-12,0.8247538481347895
2020-07-13,0.8247596001693527
2020-07-14,0.8247594008060675
2020-07-15,0.8248002230748145
2020-07-17,0.8248511308704798
2020-07-18,0.8248656191386448
2020-07-19,0.8248904798129778
2020-07-20,0.8249054409803012
2020-07-21,0.824919609184856
2020-07-22,0.824941539740376
2020-07-23,0.8249556871252123
2020-07-24,0.8249806662982716
2020-07-25,0.8249996285380432
2020-07-26,0.8250463352791697
2020-07-27,0.8250562016240086
2020-07-28,0.8250616104090012
2020-07-29,0.8250768798524534
2020-07-30,0.8250748491440069
2020-07-31,0.8251046908671973
2020-08-01,0.8250951488253647
2020-08-02,0.8251417596918841
2020-08-03,0.8251618953489042
2020-08-04,0.8252085925709498
2020-08-05,0.8252628756338712
2020-08-06,0.8252729585105879
2020-08-07,0.8252708909728435
2020-08-08,0.8252702635608232
2020-08-09,0.8252646461665734
2020-08-10,0.8252492273579466
2020-08-11,0.8252483910261575
2020-08-12,0.8252653091362425
2020-08-13,0.8252808078698152
2020-08-14,0.8252918668555161
2020-08-15,0.8252928028049803
2020-08-16,0.8253080055214966
2020-08-17,0.8253240777776821
2020-08-18,0.8253556993627656
2020-08-19,0.8253665957958319
2020-08-20,0.8254001127934143
2020-08-21,0.8254181300439937
2020-08-22,0.8254217779912221
2020-08-23,0.8254331091695615
2020-08-24,0.8254420394764288
2020-08-25,0.8254528490088445
2020-08-26,0.8254730097361609
2020-08-27,0.8255039605556663
2020-08-28,0.8255172338433799
2020-08-29,0.8255485747556892
2020-08-30,0.8255487096215707
2020-08-31,0.8255597548591036
2020-09-01,0.825584921413907
2020-09-02,0.8256274839671295
2020-09-03,0.8256397442893778
2020-09-04,0.8256386172492246
2020-09-05,0.8256440648849652
2020-09-06,0.8256684247119859
2020-09-07,0.8256944484262002
2020-09-08,0.825698169951515
2020-09-09,0.8257134960470738
2020-09-10,0.8257273673384682
2020-09-11,0.8257738053034424
2020-09-12,0.8257946924490123
2020-09-13,0.8258039482418659
2020-09-14,0.825802470622869
2020-09-15,0.8258172729169581
2020-09-16,0.8258138130562585
2020-09-17,0.8258318682887767
2020-09-18,0.8258326153442275
2020-09-19,0.8258468293486024
2020-09-20,0.8258443595193826
2020-09-21,0.825873214149212
2020-09-22,0.82586902945922
2020-09-23,0.8258813683328837
2020-09-24,0.8258750603974299
2020-09-25,0.82589434745589
2020-09-26,0.82589583026596
2020-09-27,0.8259069981165461
2020-09-29,0.8259244048863958
2020-09-30,0.8259042409657921
2020-10-01,0.8259089511594827
2020-10-02,0.825929489874497
2020-10-03,0.825954578893448
2020-10-04,0.825970398960479
2020-10-05,0.8259724421636006
2020-10-06,0.8259987508346881
2020-10-07,0.8260144690685468
2020-10-08,0.8260423273360915
2020-10-09,0.8260504873812511
2020-10-10,0.82603757011486
2020-10-11,0.8260563027610531
2020-10-12,0.8260462490076453
2020-10-13,0.8260521760463178
2020-10-14,0.8260766336683711
2020-10-15,0.8260767693964649
2020-10-16,0.8260782188757461
2020-10-17,0.8260844014917985
2020-10-18,0.8260800040376152
2020-10-19,0.8261155139312822
2020-10-20,0.8261215871955473
2020-10-21,0.8261220018741341
2020-10-22,0.8261628709277246
2020-10-23,0.826193073287223
2020-10-24,0.8262141688449068
2020-10-25,0.8262165394242106
2020-10-26,0.8262201456638445
2020-10-27,0.8262088086758027
2020-10-28,0.8262251806430922
2020-10-29,0.8262439483626831
2020-10-30,0.8262479710944728
2020-10-31,0.8262651738045915
2020-11-01,0.8262846557534373
2020-11-02,0.8262927217867863
2020-11-03,0.8262819706261287
2020-11-04,0.8262709140039841
2020-11-05,0.8262485323487894
2020-11-06,0.8262567660888582
2020-11-07,0.8262824125223553
2020-11-08,0.8262963276838844
2020-11-09,0.8262913444609149
2020-11-10,0.826307536828094
2020-11-11,0.8263131299485145
2020-11-12,0.826297634871007
2020-11-13,0.8263098746682793
2020-11-14,0.8263636937162827
2020-11-15,0.8263621504995695
2020-11-16,0.826359258695294
2020-11-17,0.8263722878893801
2020-11-18,0.8263803950627838
2020-11-19,0.8264118079650655
2020-11-20,0.8263934817777516
2020-11-21,0.8264208496092211
2020-11-22,0.8264207076796427
2020-11-23,0.8264153401327455
2020-11-24,0.8264454145800036
2020-11-25,0.8264734505170255
2020-11-26,0.8264745595658958
2020-11-27,0.8264691721501154
2020-11-28,0.8265055291095137
2020-11-29,0.826500340888855
2020-11-30,0.8265279761107205
2020-12-01,0.8265243757890282
2020-12-02,0.8265337157275173
2020-12-03,0.8265419242357761
2020-12-04,0.8265620636362517
2020-12-05,0.826571935125736
2020-12-06,0.8265875906214246
2020-12-07,0.8265897119926179
2020-12-08,0.8265880016100746
2020-12-10,0.826576890575522
2020-12-11,0.8265597700445894
2020-12-12,0.8265608737320205
2020-12-13,0.8265443155788759
2020-12-14,0.8265497962479432
2020-12-15,0.8265515485546043
2020-12-16,0.8265692629053775
2020-12-17,0.8265808369457608
2020-12-18,0.8266089433038836
2020-12-19,0.8266202234853923
2020-12-20,0.8266049117065245
2020-12-21,0.8266208573840661
2020-12-22,0.8266288136884762
2020-12-23,0.8266487118961866
2020-12-24,0.8266612546988559
2020-12-25,0.826661696107901
2020-12-26,0.8266744522305939
2020-12-27,0.8266886136740746
2020-12-28,0.8266968218687275
2020-12-29,0.8266995896991256
2020-12-30,0.8267052222463319
2020-12-31,0.8266751861452487
2021-01-01,0.8266904016369059
2021-01-02,0.8266766200369645
2021-01-03,0.8267132732008018
2021-01-04,0.8266710588606424
2021-01-05,0.8266606862448717
2021-01-06,0.8266849388086134
2021-01-07,0.8267292266666674
2021-01-08,0.8267364493162093
2021-01-09,0.826758474847676
2021-01-10,0.8267931715485651
2021-01-11,0.8268054828494261
2021-01-13,0.8268275003297122
2021-01-14,0.8271021096873306
2021-01-15,0.8268618364577197
2021-01-16,0.8268551994650397
2021-01-17,0.8268643848468765
2021-01-18,0.8268708374195026
2021-01-19,0.8268928340091721
2021-01-20,0.8269207911632305
2021-01-21,0.8269217003154412
2021-01-22,0.8269562380427863
2021-01-23,0.8269682456746269
2021-01-24,0.8269819625838765
2021-01-25,0.82698175021016
2021-01-26,0.8269981219203123
2021-01-27,0.8270116608912672
2021-01-28,0.827029542878054
2021-01-29,0.8270404684854344
2021-01-30,0.8270608872506099
2021-01-31,0.8270941697417734
2021-02-01,0.8270840597926528
2021-02-02,0.8270995020171279
2021-02-03,0.8271298041622206
2021-02-04,0.827145667067304
2021-02-05,0.8271580884385812
2021-02-06,0.8271679099553829
2021-02-07,0.8271724960519874
2021-02-08,0.8271729150422004
2021-02-09,0.8271725415010733
2021-02-10,0.8271785166494479
2021-02-11,0.827189692020989
2021-02-12,0.8271806923478362
2021-02-13,0.8271962018920361
2021-02-14,0.8272194714061787
2021-02-15,0.8272148534762299
2021-02-16,0.8272303107417186
2021-02-17,0.8272542737404126
2021-02-18,0.8272677840921658
2021-02-19,0.8272917972384293
2021-02-20,0.8272940387767751
2021-02-21,0.8272944658858522
2021-02-22,0.8273247199026063
2021-02-23,0.8273368698052725
2021-02-24,0.8273194990230284
2021-02-25,0.8273446721111217
2021-02-26,0.8273562837045215
2021-02-27,0.8273660116333874
2021-02-28,0.8273576868838247
2021-03-01,0.8273609121892846
2021-03-02,0.8273559278838436
2021-03-03,0.8273727648011571
2021-03-04,0.8273799828358345
2021-03-05,0.8273832994352252
2021-03-06,0.827391583477593
2021-03-07,0.8273980628587926
2021-03-08,0.8273993544140137
2021-03-09,0.8274188240045409
2021-03-10,0.827433314995771
2021-03-11,0.827428544084471
2021-03-12,0.8274472933720972
2021-03-13,0.8274680568410955
2021-03-14,0.8274764837290184
2021-03-15,0.8274879693185242
2021-03-16,0.8275015287981236
2021-03-17,0.8275028162253492
2021-03-18,0.8275168800799498
2021-03-19,0.8275033974757174
2021-03-20,0.8275181526765283
2021-03-21,0.8275436584256688
2021-03-22,0.8275582260369907
2021-03-23,0.8275365852463944
2021-03-24,0.8275223694316195
2021-03-25,0.8275403325628689
2021-03-26,0.8275556663350216
2021-03-27,0.8275565125005128
2021-03-28,0.827579951271851
2021-03-29,0.8275967786805566
2021-03-30,0.827591519974283
2021-03-31,0.8276011918527852
2021-04-01,0.8276149954666525
2021-04-02,0.8276106493062214
2021-04-03,0.827598810723209
2021-04-04,0.8276074014145038
2021-04-05,0.8276348584681184
2021-04-06,0.8276374469755532
2021-04-07,0.8276698083456216
2021-04-08,0.8276956879132699
2021-04-09,0.8277009781121536
2021-04-10,0.8276849425877758
2021-04-11,0.8277083129614659
2021-04-13,0.827734360621182
2021-04-14,0.8277659450314704
2021-04-15,0.8278160605243254
2021-04-16,0.8278441679714424
2021-04-17,0.8278401627116263
2021-04-18,0.8278404410551394
2021-04-19,0.8278407978771158
2021-04-20,0.82783759290594
2021-04-21,0.8279936756809952
2021-04-22,0.8278518731487938
2021-04-23,0.8278433262570218
2021-04-24,0.8278760504619139
2021-04-25,0.8278847171665656
2021-04-26,0.8278695190855346
2021-04-27,0.8278494935569262
2021-04-28,0.8278436061848714
2021-04-29,0.8278447946738555
2021-04-30,0.8278415412267939
2021-05-01,0.8278668369167564
2021-05-02,0.8278690957214392
2021-05-03,0.8278733393730886
2021-05-04,0.8278661029942632
2021-05-05,0.8278661461182577
2021-05-06,0.8278917262822574
2021-05-07,0.8279014305344102
2021-05-08,0.8279199449445134
2021-05-09,0.8279211875736961
2021-05-10,0.8279250355304242
2021-05-11,0.8279279302948804
2021-05-12,0.8279426496457926
2021-05-13,0.8279892536709942
2021-05-14,0.8279883328183243
2021-05-15,0.8280103113897774
2021-05-16,0.8280097465667514
2021-05-17,0.8280254443669564
2021-05-18,0.8280067508331915
2021-05-19,0.8280035236528265
2021-05-20,0.8280174442486837
2021-05-21,0.8280220910965406
2021-05-22,0.82801330905998
2021-05-23,0.8280194658035653
2021-05-24,0.8280362384679804
2021-05-25,0.8280469329629379
2021-05-26,0.8280448935748782
2021-05-27,0.8280549610700642
2021-05-28,0.8280719303340274
2021-05-29,0.8280805893822615
2021-05-30,0.8280998017928721
2021-05-31,0.828110494816044
2021-06-01,0.8281195012693167
2021-06-02,0.8281155572594157
2021-06-03,0.8281265452314974
2021-06-04,0.8281597837716773
2021-06-05,0.8281583733025341
2021-06-06,0.8281732574414254
2021-06-07,0.828167857073268
2021-06-08,0.8281748601881038
2021-06-09,0.8281975720780651
2021-06-10,0.8282086683594881
2021-06-11,0.8282203974533145
2021-06-12,0.8282175911252774
2021-06-13,0.8282201775607062
2021-06-14,0.8282184112969849
2021-06-15,0.8282199625996569
2021-06-16,0.8282311486857431
2021-06-17,0.8282413999017066
2021-06-18,0.8282527064818519
2021-06-19,0.8282746984216164
2021-06-20,0.8282866178289864
2021-06-21,0.8282783715399332
2021-06-22,0.8282506077692954
2021-06-23,0.828289003811815
2021-06-24,0.8282855850172233
2021-06-25,0.8282919235667638
2021-06-26,0.8283061686182309
2021-06-27,0.8283059548673162
2021-06-28,0.8282978298151256
2021-06-29,0.8283110539418271
2021-06-30,0.8283287116204313
2021-07-01,0.8283127110826797
2021-07-02,0.8283191378077577
2021-07-03,0.828324250098705
2021-07-04,0.8283179427845574
2021-07-05,0.8283340453446487
2021-07-06,0.8283548924728156
2021-07-07,0.8283645422650274
2021-07-08,0.8283759821635855
2021-07-09,0.8283796099526929
2021-07-10,0.828388489268521
2021-07-11,0.8283825801689622
2021-07-12,0.828381370366706
2021-07-13,0.828376546568641
2021-07-14,0.8283519588051529
2021-07-15,0.8283770054072793
2021-07-16,0.8283529005799017
2021-07-17,0.8284058167070866
2021-07-18,0.8284254426747414
2021-07-19,0.8284385814759164
2021-07-20,0.8284637469389781
2021-07-21,0.8284723988410766
2021-07-22,0.8284791555235251
2021-07-23,0.8284846173804085
2021-07-24,0.8284877077703577
2021-07-25,0.8284934156669613
2021-07-26,0.8284898111114359
2021-07-27,0.8284965449106838
2021-07-28,0.8284945832929639
2021-07-29,0.8284842507576443
2021-07-30,0.8285238356600678
2021-07-31,0.8285435693835344
2021-08-01,0.8285545626140719
2021-08-02,0.8285665020872041
2021-08-03,0.8285774490790111
2021-08-04,0.8286076741433628
2021-08-05,0.8286286172158955
2021-08-06,0.8286460207688862
2021-08-07,0.8286396807449176
2021-08-08,0.828655012469643
2021-08-09,0.8286741633596821
2021-08-10,0.8286364098186215
2021-08-11,0.8286125658912731
2021-08-12,0.8286204478005019
2021-08-13,0.8286262996436948
2021-08-14,0.8286174003021064
2021-08-15,0.8286487302763823
2021-08-16,0.8286566376408301
2021-08-17,0.8286440549859717
2021-08-18,0.8286767091759033
2021-08-19,0.8287209169788028
2021-08-20,0.8287252367375058
2021-08-21,0.828747996780721
2021-08-22,0.8287629940986749
2021-08-23,0.8287542029989478
2021-08-24,0.8287560811248559
2021-08-25,0.828784451502803
2021-08-26,0.828790114825281
2021-08-27,0.8287923344524368
2021-08-28,0.8287916914004478
2021-08-29,0.8287990757606801
2021-08-30,0.8288181629056299
2021-08-31,0.828823444054491
2021-09-01,0.8288376342071896
2021-09-02,0.8288459246979782
2021-09-03,0.8288400048254072
2021-09-04,0.8288465061159505
2021-09-05,0.8288502447478353
2021-09-06,0.8288394219528945
2021-09-07,0.8288397373894598
2021-09-08,0.8288561399004956
2021-09-09,0.8288447365245015
2021-09-10,0.82886451871822
2021-09-11,0.8288669466029788
2021-09-12,0.828886761025374
2021-09-13,0.8288865158883563
2021-09-14,0.8288762772796722
2021-09-15,0.8288859585620807
2021-09-16,0.8288931938668617
2021-09-17,0.828887541221691
2021-09-18,0.8288816065185032
2021-09-19,0.8288866810314672
2021-09-20,0.8289050163974517
2021-09-21,0.8289227896084553
2021-09-22,0.8289257394608149
2021-09-23,0.8289220745377323
2021-09-24,0.8289411772162845
2021-09-25,0.8289355738663274
2021-09-26,0.8289049204563145
2021-09-27,0.8289002142136102
2021-09-28,0.8289274161211311
2021-09-29,0.8289215924822072
2021-09-30,0.8289128719757024
2021-10-01,0.8289268253250375
2021-10-02,0.8289142747552368
2021-10-03,0.82894337607815
2021-10-04,0.8289548421652687
2021-10-05,0.8289575321388294
2021-10-06,0.8289726419736376
2021-10-07,0.8289938392355078
2021-10-08,0.8290116554474032
2021-10-09,0.8290271834992254
2021-10-10,0.8290512456276232
2021-10-11,0.829056024998537
2021-10-12,0.8290257474536911
2021-10-13,0.8290301671517712
2021-10-14,0.8290439441009961
2021-10-15,0.829057353903109
2021-10-16,0.8290636584394431
2021-10-17,0.8290987775651047
2021-10-18,0.8291070950901525
2021-10-19,0.8291133961234508
2021-10-20,0.8291109997853637
2021-10-21,0.8291073596666115
2021-10-22,0.8291056108428351
2021-10-23,0.8291167843201093
2021-10-24,0.8291128591450819
2021-10-25,0.8291161755351639
2021-10-26,0.829143667244197
2021-10-27,0.8291690996328552
2021-10-28,0.8291784836682905
2021-10-29,0.8291911890162685
2021-10-30,0.8292192418054586
2021-10-31,0.8292152890800227
2021-11-01,0.8292011008555709
2021-11-02,0.8291929296622264
2021-11-03,0.8291765427180703
2021-11-04,0.8291820359877943
2021-11-05,0.8291820661622286
2021-11-06,0.829202476576027
2021-11-07,0.8292194724465612
2021-11-08,0.8292212718445996
2021-11-09,0.8292338678950569
2021-11-10,0.8292329902439852
2021-11-11,0.8292444025278023
2021-11-12,0.8292236258654153
2021-11-13,0.8292259936043005
2021-11-15,0.8292562416114022
2021-11-16,0.829255770614137
2021-11-17,0.8292553860568107
2021-11-18,0.829266040492152
2021-11-19,0.8292828511848473
2021-11-20,0.8293032899816867
2021-11-21,0.8293099487008337
2021-11-22,0.8293220241364885
2021-11-23,0.8293278024436541
2021-11-24,0.8295838162404074
2021-11-25,0.8293835927699605
2021-11-26,0.8293801617266879
2021-11-27,0.8293963830281892
2021-11-28,0.8293910688168483
2021-11-29,0.8293886038632781
2021-11-30,0.829405130923141
2021-12-01,0.8294143446004616
2021-12-02,0.8295031069464968
2021-12-03,0.8294249189454526
2021-12-04,0.8294130147733053
2021-12-05,0.8294108693822895
2021-12-06,0.8294189043560171
2021-12-07,0.8294049892053743
2021-12-08,0.8294158707728028
2021-12-09,0.8294752387923047
2021-12-10,0.829467371622823
2021-12-11,0.8294996894837504
2021-12-12,0.8295286359494933
2021-12-13,0.829536996115757
2021-12-14,0.8295269310440109
2021-12-15,0.8296325468356526
2021-12-16,0.8295605998295146
2021-12-17,0.8295845376169334
2021-12-18,0.8295752526323037
2021-12-19,0.8295826082712979
2021-12-20,0.8295794667553182
2021-12-21,0.8295903286961481
2021-12-22,0.8296048102168692
2021-12-23,0.8296442529422405
2021-12-24,0.8296510679325235
2021-12-25,0.8296416734425351
2021-12-26,0.8296394039126183
2021-12-27,0.8296527866737756
2021-12-28,0.8296685123393199
2021-12-29,0.8297200917738723
2021-12-30,0.8298016243321106
2021-12-31,0.8297472092815965
2022-01-01,0.8297625943670309
2022-01-02,0.8297620479101032
2022-01-03,0.8297830599062241
2022-01-04,0.8298035804128001
2022-01-05,0.8298534670711217
2022-01-06,0.8298626655650856
2022-01-07,0.8298790116104106
2022-01-08,0.8298979507933385
2022-01-09,0.8299040871644113
2022-01-10,0.8299091716528458
2022-01-11,0.8299184924601719
2022-01-12,0.8301875044890263
2022-01-13,0.8301548888220344
2022-01-14,0.8300139416279042
2022-01-15,0.829993871613535
2022-01-16,0.8300129871154488
2022-01-17,0.8300474722633596
2022-01-18,0.8300808649979009
2022-01-19,0.8300990603526418
2022-01-20,0.8301023017906861
2022-01-21,0.8301294181732721
2022-01-22,0.830156721160678
2022-01-23,0.8301979320242375
2022-01-24,0.8302007710984264
2022-01-26,0.8302359116314317
2022-01-28,0.8302688920171866
2022-01-29,0.8302921295096802
2022-01-30,0.8303212111344616
2022-01-31,0.8303134391481779
2022-02-01,0.8304606572321516
2022-02-02,0.8306171628183538
2022-02-03,0.8304066830752278
2022-02-04,0.8303864086593511
2022-02-05,0.8303870486014668
2022-02-06,0.8303981639559962
2022-02-07,0.8303819862794087
2022-02-08,0.8303722167295287
2022-02-09,0.8303846443884548
2022-02-10,0.8304012483953503
2022-02-11,0.8304229934536691
2022-02-12,0.8304352511150632
2022-02-13,0.8304437699015733
2022-02-14,0.8304472206999646
2022-02-15,0.8304619334951446
2022-02-16,0.8307100414667149
2022-02-17,0.8305063971898756
2022-02-18,0.8305113109065382
2022-02-19,0.8304841996316384
2022-02-20,0.8305083655416708
2022-02-21,0.8305024066025816
2022-02-22,0.8305330020639975
2022-02-23,0.8305327163345945
2022-02-24,0.8305493875825515
2022-02-25,0.8305761724890356
2022-02-26,0.8305944508148819
2022-02-27,0.8305827726028809
2022-02-28,0.8305954281014692
2022-03-01,0.8305890151002447
2022-03-02,0.8305890151002447
2022-03-03,0.8306127869542903
2022-03-04,0.8306423219993337
2022-03-05,0.8307953249958309
2022-03-06,0.8306876449878555
2022-03-07,0.8306416362893247
2022-03-08,0.8306330205798015
2022-03-09,0.8306388430858911
2022-03-10,0.8306648434649214
2022-03-11,0.8306614170581805
2022-03-12,0.830653903537698
2022-03-13,0.8306541523005403
2022-03-14,0.8306483446101325
2022-03-15,0.8306594726138767
2022-03-16,0.8306553457857967
2022-03-17,0.8306586830400633
2022-03-18,0.8306783883702409
2022-03-19,0.8306727804438729
2022-03-20,0.8306660732581714
2022-03-21,0.8306644722747633
2022-03-22,0.8306908472691885
2022-03-23,0.8307393215190442
2022-03-24,0.8307422590656308
2022-03-25,0.8307558042513312
2022-03-26,0.8307506747370216
2022-03-27,0.8307534545410922
2022-03-28,0.8307535075481884
2022-03-29,0.830769793595003
2022-03-30,0.8307874607918696
2022-03-31,0.8307926047039048
2022-04-01,0.8307980342594398
2022-04-02,0.831085053687859
2022-04-03,0.8308410104882072
2022-04-04,0.8308483973531767
2022-04-05,0.8308516026493598
2022-04-06,0.8308648313332647
2022-04-07,0.8308692905020862
2022-04-08,0.8308517073205536
2022-04-09,0.8308807003790898
2022-04-10,0.8308861534348893
2022-04-11,0.8308650934316335
2022-04-12,0.8308945539581165
2022-04-13,0.8308813944347343
2022-04-14,0.8308839928166988
2022-04-16,0.8308975788979502
2022-04-17,0.8309066803689709
2022-04-18,0.8309262554282173
2022-04-19,0.8309468193940892
2022-04-20,0.8309524781899206
2022-04-21,0.8309506664902152
2022-04-22,0.8309472790187082
2022-04-23,0.8309384963929347
2022-04-24,0.830967356187968
2022-04-25,0.8309805786277121
2022-04-26,0.8309905052664313
2022-04-27,0.830973692198989
2022-04-28,0.8309818027784195
2022-04-29,0.8309976890878655
2022-04-30,0.8310032492221843
2022-05-01,0.8310201457073458
2022-05-02,0.8310132700451552
2022-05-03,0.8310197692800142
2022-05-04,0.8310282215499178
2022-05-05,0.8310327080308092
2022-05-06,0.8310503757695964
2022-05-07,0.8310760118810123
2022-05-08,0.8310980288151724
2022-05-09,0.8311025641129709
2022-05-10,0.8311308421585237
2022-05-11,0.8311347419826943
2022-05-12,0.8311559095287768
2022-05-13,0.8311678871257517
2022-05-14,0.8311708830178586
2022-05-15,0.8311738505623375
2022-05-16,0.8311830585497805
2022-05-17,0.8311918544630066
2022-05-18,0.8311986717062277
2022-05-19,0.831220162603792
2022-05-20,0.8312279669337069
2022-05-21,0.8312438231201751
2022-05-23,0.8312657877773448
2022-05-24,0.83126947892413
2022-05-25,0.8312697490483799
2022-05-26,0.8312949600755968
2022-05-27,0.8312975054056828
2022-05-28,0.831335786797131
2022-05-29,0.831300285674388
2022-05-30,0.8313029722789232
2022-05-31,0.8313093135826317
2022-06-01,0.8313440361739143
2022-06-02,0.8313415329957213
2022-06-03,0.8313409906667807
2022-06-04,0.8313540070007123
2022-06-05,0.8313963186553719
2022-06-06,0.8314078535949779
2022-06-07,0.8311896547133991
2022-06-08,0.8314260534584342
2022-06-09,0.8314782120468959
2022-06-10,0.8314344067808128
2022-06-11,0.8314524317594861
2022-06-12,0.8314609050811751
2022-06-13,0.8314609050811751
2022-06-14,0.8314609050811751
2022-06-15,0.8317538754367547
2022-06-16,0.831491170627443
2022-06-17,0.8314944647278198
2022-06-18,0.8315005292490076
2022-06-20,0.8315275567781947
2022-06-21,0.8315325317372523
2022-06-22,0.8315432507339084
2022-06-23,0.8315725782381529
2022-06-24,0.8315767108898785
2022-06-25,0.8315780188678357
2022-06-26,0.8315613134456569
2022-06-27,0.8315825660154478
2022-06-28,0.8316060452915397
2022-06-29,0.8316337524679802
2022-06-30,0.8316399964680152
2022-07-01,0.8316489972168155
2022-07-02,0.831668424264545
2022-07-03,0.8316736563691256
2022-07-04,0.8316739855927444
2022-07-05,0.8316632281426427
2022-07-06,0.8316660688545146
2022-07-07,0.8316854275746142
2022-07-08,0.831691185159642
2022-07-10,0.8317138077611256
2022-07-11,0.8317256345596732
2022-07-12,0.8317234979975195
2022-07-13,0.8317095724268702
2022-07-14,0.8317112635546956
2022-07-15,0.831710436794659
2022-07-16,0.8317145876062535
2022-07-17,0.8317089442770871
2022-07-18,0.8317195361400368
2022-07-19,0.8317289726059149
2022-07-23,0.8317857747618224
2022-07-24,0.8317926665160214
2022-07-25,0.8317903839092087
2022-07-26,0.8318075951109453
2022-07-27,0.8318269009323013
2022-07-28,0.8316388421537613
2022-07-29,0.8318737634664252
2022-07-30,0.831886341145636
2022-07-31,0.8318681134576522
2022-08-01,0.8318688206688748
2022-08-02,0.8318664441118293
2022-08-03,0.8318565844395307
2022-08-05,0.8318569096598827
2022-08-06,0.83185788856143
2022-08-08,0.8318908207294996
2022-08-09,0.831932530708747
2022-08-10,0.8319559031764224
2022-08-11,0.8319783161534775
2022-08-12,0.8319857498390011
2022-08-13,0.8319883217812267
2022-08-15,0.8320097922843387
2022-08-16,0.83204339223493
2022-08-18,0.8320522733120936
2022-08-19,0.8320579244512253
2022-08-20,0.8320693457271626
2022-08-21,0.8320626962062564
2022-08-22,0.832068070765982
2022-08-23,0.832072517127956
2022-08-24,0.832027772266481
2022-08-25,0.8320409552550517
2022-08-26,0.8320473182279841
2022-08-27,0.8320597756038638
2022-08-28,0.8320597756038638
2022-08-29,0.8320735164699773
2022-08-30,0.8320697088370753
2022-08-31,0.8320745539424761
2022-09-01,0.832088517644008
2022-09-02,0.8320802878227197
2022-09-03,0.8320771280002048
2022-09-04,0.8320691066758953
2022-09-05,0.8320785779971128
2022-09-06,0.8320819842327537
2022-09-07,0.8320839486143052
2022-09-08,0.8321135841684263
2022-09-09,0.8321198832251935
2022-09-10,0.8321050289341667
2022-09-12,0.8321274232817556
2022-09-13,0.8321453372980305
2022-09-14,0.8321657650231111
2022-09-15,0.8321720066955216
2022-09-16,0.8321627496334917
2022-09-17,0.8321738334199682
2022-09-18,0.8321770514808512
2022-09-20,0.8321976712622868
2022-09-21,0.832195008519966
2022-09-22,0.8322073337828072
2022-09-23,0.8322361191140961
2022-09-25,0.8322368790733023
2022-09-26,0.8322415261775448
2022-09-27,0.8322541761885807
2022-09-28,0.8322461428396418
2022-09-29,0.832297183702798
2022-09-30,0.8323186661458102
2022-10-01,0.8323185909492884
2022-10-02,0.8323395501751214
2022-10-03,0.8323630125762319
2022-10-04,0.8323754894685866
2022-10-05,0.8323895398107797
2022-10-06,0.8324166989076713
2022-10-07,0.8324268882695696
2022-10-08,0.8324223570823165
2022-10-09,0.8324355937816741
2022-10-10,0.8324658932420675
2022-10-11,0.8325009175475133
2022-10-12,0.8325304699462054
2022-10-13,0.8324539305671775
2022-10-14,0.8324694689195282
2022-10-15,0.832480278375886
2022-10-16,0.8327024487761913
2022-10-17,0.832718046083414
2022-10-18,0.8327310106976924
2022-10-19,0.8327496439434329
2022-10-20,0.8326697196084167
2022-10-21,0.8326713740600896
2022-10-22,0.8327176899320842
2022-10-23,0.8327201213375145
2022-10-24,0.8327148394455427
2022-10-25,0.8327404247491635
2022-10-26,0.8327268546042943
2022-10-27,0.8327148100205523
2022-10-28,0.8327129630290073
2022-10-29,0.8327066698749527
2022-10-30,0.8327203250073485
2022-10-31,0.8326977552596704
2022-11-01,0.8326903567962987
2022-11-02,0.8326821039201553
2022-11-03,0.8326878132474523
2022-11-04,0.8327018632757099
2022-11-05,0.8326887991874757
2022-11-06,0.8326963446142099
2022-11-07,0.832692846191794
2022-11-08,0.8326947183070524
2022-11-09,0.8327040849240203
2022-11-10,0.8326979264667554
2022-11-11,0.8327279531991553
2022-11-12,0.8327579980367643
2022-11-13,0.8327716163824233
2022-11-14,0.8327740726817149
2022-11-15,0.8327829000682557
2022-11-16,0.8328048668130352
2022-11-17,0.8328125368296422
2022-11-18,0.8328126167776544
2022-11-19,0.83280151643905
2022-11-20,0.8328109996754227
2022-11-21,0.8327917761779415
2022-11-22,0.8327746168039212
2022-11-23,0.8327962318329089
2022-11-24,0.8328029430286984
2022-11-25,0.8328075558632541
2022-11-26,0.8327946209967834
2022-11-27,0.8328264634665555
2022-11-28,0.8328123469473094
2022-11-29,0.8328091894200095
2022-11-30,0.8328051969319823
2022-12-01,0.8328147383071706
2022-12-02,0.8328242808134341
2022-12-03,0.832812906157944
2022-12-04,0.8328144988330392
2022-12-05,0.8328176900453258
2022-12-06,0.8328136098692118
2022-12-07,0.8328234813866577
2022-12-08,0.8328263930512622
2022-12-09,0.8328196737410518
2022-12-10,0.8328408389221564
2022-12-11,0.8328321993297233
2022-12-12,0.8328543581756523
2022-12-13,0.8328775453162193
2022-12-14,0.8328864562407824
2022-12-15,0.8328892318363187
2022-12-16,0.8328976194398058
2022-12-17,0.8329194942842233
2022-12-18,0.8329476137997198
2022-12-19,0.8329661028920289
2022-12-20,0.8329484529796001
2022-12-21,0.8329621733790895
2022-12-22,0.8329586280794843
2022-12-23,0.8329690713406129
2022-12-24,0.8329733671639096
2022-12-25,0.832982790860504
2022-12-26,0.8329913025097905
2022-12-27,0.8329943470568298
2022-12-29,0.8330637591921183
2022-12-30,0.8330740362535026
2022-12-31,0.8330859273870707
2023-01-01,0.8330827621364123
2023-01-02,0.8330818195000126
2023-01-03,0.8330744242947885
2023-01-04,0.8331046106599416
2023-01-05,0.8331105117521649
2023-01-06,0.8331084046330564
2023-01-07,0.8331478284285566
2023-01-08,0.8331596587961382
2023-01-09,0.83318933760171
2023-01-10,0.8332206658070843
2023-01-11,0.8332323184848529
2023-01-12,0.8332469630600434
2023-01-13,0.8332597998207788
2023-01-14,0.8332750783504971
2023-01-15,0.833292335487775
2023-01-16,0.8332997374182686
2023-01-17,0.8333277666504965
2023-01-18,0.833324542383418
2023-01-19,0.8333404326628124
2023-01-20,0.8333387011533845
2023-01-21,0.8333713218833226
2023-01-22,0.8333960666933411
2023-01-23,0.8333826660374201
2023-01-24,0.8334030423101049
2023-01-25,0.833407373440204
2023-01-26,0.8334068343232836
2023-01-27,0.8334086902094888
2023-01-28,0.8334257942420779
2023-01-29,0.8334299837611374
2023-01-30,0.8334612871534618
2023-01-31,0.8334892354959834
2023-02-01,0.8332043042829662
2023-02-02,0.8335503722377601
2023-02-03,0.8335571688397454
2023-02-04,0.8335814287074983
2023-02-05,0.8335805532171532
2023-02-06,0.8335912418906161
2023-02-07,0.8335713187121482
2023-02-08,0.83356802954525
2023-02-09,0.8335761433357554
2023-02-10,0.8335818375690325
2023-02-11,0.8335896910020766
2023-02-12,0.8335793710465421
2023-02-13,0.8335767479312268
2023-02-14,0.8335928756631634
2023-02-15,0.833612385689101
2023-02-16,0.8336283548602461
2023-02-17,0.8336258273507829
2023-02-18,0.8336307099964999
2023-02-19,0.8336557750108647
2023-02-20,0.8336840276163157
2023-02-21,0.8337756759998817
2023-02-22,0.8338128415732393
2023-02-23,0.8338352000136078
2023-02-24,0.8338683881999291
2023-02-25,0.833917201552407
2023-02-26,0.8339263627355918
2023-02-27,0.8339566106561616
2023-02-28,0.8339687393149419
2023-03-01,0.8339830776621842
2023-03-02,0.8339940383564953
2023-03-03,0.8340082035298048
2023-03-04,0.8340135721623733
2023-03-05,0.8340161865284074
2023-03-06,0.8340340253445084
2023-03-07,0.8340633381413275
2023-03-08,0.8340646203655754
2023-03-09,0.8340783041345765
2023-03-10,0.8340754991905751
2023-03-11,0.8340691819758926
2023-03-12,0.8340828129475543
2023-03-13,0.8340996263571984
2023-03-14,0.8340966592814295
2023-03-15,0.8341133261848006
2023-03-16,0.8341262852422506
2023-03-17,0.834154315421924
2023-03-18,0.8341443641358791
2023-03-19,0.8341521497498915
2023-03-20,0.834166903664879
2023-03-21,0.8341621331513026
2023-03-22,0.834191011858079
2023-03-23,0.8342143296389168
2023-03-24,0.8342321839375902
2023-03-25,0.8342513719742358
2023-03-26,0.8342489526757364
2023-03-27,0.8342715314799543
2023-03-28,0.8342590784611449
2023-03-29,0.834265038590553
2023-03-30,0.8342509388508619
2023-03-31,0.8342531750693738
2023-04-01,0.8342960971448865
2023-04-02,0.8342843142893511
2023-04-03,0.8342769576617509
2023-04-04,0.8342645684037007
2023-04-05,0.8342656417212798
2023-04-06,0.8342770738106979
2023-04-07,0.8342889235475281
2023-04-08,0.8343064162768139
2023-04-09,0.8343032921839748
2023-04-10,0.8343164062969359
2023-04-11,0.834324254023292
2023-04-12,0.8343390567422115
2023-04-13,0.83433794710109
2023-04-15,0.8343545510273821
2023-04-16,0.834349372268936
2023-04-17,0.8343545169543413
2023-04-18,0.8343613908866327
2023-04-19,0.8343680415304632
2023-04-20,0.8343875580160922
2023-04-21,0.8343905751424681
2023-04-22,0.8343849638042072
2023-04-23,0.8343919467242222
2023-04-24,0.8344095203654337
2023-04-25,0.8344240157946736
2023-04-26,0.8344260642694932
2023-04-27,0.8344658092087447
2023-04-28,0.8344657868382814
2023-04-29,0.8344780579272458
2023-04-30,0.8344793494345114
2023-05-01,0.8345002664149157
2023-05-02,0.8345002664149157
2023-05-03,0.8345176479253951
2023-05-04,0.8345297132588735
2023-05-05,0.8345370942605469
2023-05-06,0.834551523664131
2023-05-07,0.8345533070312696
2023-05-08,0.8345625700046739
2023-05-09,0.8345748285915711
2023-05-11,0.8345651936056496
2023-05-12,0.8345742441743724
2023-05-13,0.8345696511821973
2023-05-14,0.8345693404479516
2023-05-15,0.8345721624927627
2023-05-16,0.8345810045129824
2023-05-17,0.8345810045129824
2023-05-18,0.834583679962634
2023-05-19,0.8345822693266145
2023-05-20,0.8345938945218165
2023-05-21,0.8346040835043966
2023-05-22,0.8345938017221073
2023-05-23,0.8345824588013868
2023-05-24,0.8345929859331709
2023-05-25,0.8345891919173202
2023-05-26,0.8345843066553646
2023-05-27,0.8345915075707077
2023-05-28,0.8346005326028958
2023-05-29,0.8346005326028958
2023-05-30,0.8346061854063166
2023-05-31,0.8346191335971558
2023-06-01,0.8346312706178857
2023-06-02,0.8346481760056652
2023-06-03,0.8346425316937339
2023-06-04,0.8346404249839756
2023-06-05,0.8346374653376278
2023-06-06,0.8346466283427778
2023-06-07,0.834653414468061
2023-06-08,0.8346623830994355
2023-06-09,0.834660058342048
2023-06-10,0.8346617889377448
2023-06-11,0.834658223992788
2023-06-12,0.834642629256306
2023-06-13,0.8346590464068132
2023-06-14,0.8346430718868523
2023-06-15,0.8346571583595422
2023-06-16,0.8346737209618471
2023-06-17,0.8346748034206567
2023-06-18,0.8346801691085001
2023-06-19,0.8346701633688587
2023-06-20,0.8346759066826096
2023-06-21,0.8346762497945216
2023-06-22,0.8346642470969169
2023-06-23,0.834660543044774
2023-06-24,0.8346618218332481
2023-06-25,0.8346625370060731
2023-06-26,0.834659268220887
2023-06-27,0.834653022137915
2023-06-28,0.8346765123503576
2023-06-29,0.8346838033144954
2023-06-30,0.8346762119305162
2023-07-01,0.834684215092284
2023-07-02,0.8346800738141631
2023-07-03,0.8346745309696667
2023-07-04,0.8346737776082954
2023-07-05,0.8346718864403875
2023-07-06,0.8346957709786356
2023-07-07,0.8346990089934768
2023-07-08,0.8347148903067119
2023-07-09,0.8346880741423885
2023-07-10,0.8346979183814417
2023-07-11,0.834708278586734
2023-07-12,0.834700482867642
2023-07-13,0.8347049160825614
2023-07-14,0.8347067202641851
2023-07-15,0.8347268806706393
2023-07-16,0.8347245802544492
2023-07-17,0.8347340604376927
2023-07-18,0.8347414801592973
2023-07-19,0.8347657971744711
2023-07-20,0.8347873674283336
2023-07-21,0.8348045362427612
2023-07-22,0.8348246620004738
2023-07-23,0.8348112101512505
2023-07-24,0.834838839982125
2023-07-25,0.8348412554953005
2023-07-26,0.8348491561139633
2023-07-27,0.8348469606281411
2023-07-28,0.8348566733862807
2023-07-29,0.8348742860315254
2023-07-30,0.8348808694437185
2023-07-31,0.8348833558953347
2023-08-01,0.8348965085529774
2023-08-02,0.8349179855033064
2023-08-03,0.8349093299606757
2023-08-04,0.8348952066027746
2023-08-05,0.8348954783940417
2023-08-06,0.8348924203211086
2023-08-07,0.8348906445266434
2023-08-08,0.8348809195561248
2023-08-09,0.8348798811284086
2023-08-10,0.8348889985994823
2023-08-11,0.8348940354955511
2023-08-12,0.8349146732602503
2023-08-13,0.834922349150487
2023-08-14,0.8349225724829795
2023-08-15,0.8349556534066921
2023-08-16,0.8349604037195293
2023-08-17,0.8349600546097952
2023-08-18,0.8349514881111734
2023-08-19,0.8349431742162181
2023-08-20,0.8349833099073188
2023-08-21,0.8349781790795171
2023-08-22,0.8350014063839041
2023-08-23,0.8350013514741988
2023-08-24,0.8350362323268655
2023-08-25,0.8350274379362291
2023-08-26,0.8350262367158839
2023-08-27,0.8350259755863371
2023-08-28,0.8350373271353964
2023-08-29,0.8350617536812367
2023-08-30,0.8350578814014958
2023-08-31,0.8350853780832752
2023-09-01,0.8351242532175991
2023-09-02,0.835141786602674
2023-09-03,0.8351464000491234
2023-09-04,0.8351396447159282
2023-09-05,0.8351403265076026
2023-09-06,0.8351322987761925
2023-09-07,0.8351411376111705
2023-09-08,0.8351517113361036
2023-09-09,0.8351529248274664
2023-09-10,0.8351375981163596
2023-09-11,0.8351351169734391
2023-09-12,0.8351283294552687
2023-09-13,0.8351385285524012
2023-09-14,0.8351423160001097
2023-09-15,0.8351367480461312
2023-09-16,0.8351232365735741
2023-09-17,0.8351356096243265
2023-09-18,0.8351513457370641
2023-09-19,0.8351514138587809
2023-09-20,0.8351434337520618
2023-09-21,0.8351458314644673
2023-09-22,0.8351493882276023
2023-09-23,0.835149904748855
2023-09-24,0.8351492487655356
2023-09-25,0.8351270764869174
2023-09-26,0.8351103132909118
2023-09-28,0.8351671261380612
2023-09-29,0.8351685220292752
2023-09-30,0.835175396692834
2023-10-01,0.835176633206043
2023-10-02,0.8352139718533749
2023-10-03,0.8352015385723564
2023-10-04,0.8352117007423882
2023-10-05,0.8352148413896648
2023-10-06,0.8352043393991291
2023-10-07,0.8352409316982685
2023-10-08,0.8352271651291832
2023-10-09,0.8352396408375493
2023-10-10,0.8352457748125369
2023-10-11,0.8352404257988651
2023-10-12,0.8352522002498138
2023-10-13,0.835253555333544
2023-10-14,0.8352665044325903
2023-10-15,0.8352674530602349
2023-10-16,0.8352482886330631
2023-10-17,0.8352833218938442
2023-10-18,0.8352721614512278
2023-10-19,0.8352610122349218
2023-10-20,0.8352516749236761
2023-10-21,0.8352249674337372
2023-10-22,0.8352517721925139
2023-10-23,0.8352110897160214
2023-10-24,0.8352259351593845
2023-10-25,0.8352602359659396
2023-10-26,0.8352787842114758
2023-10-27,0.8352803106928827
2023-10-28,0.835249985813995
2023-10-29,0.8352401722454137
2023-10-30,0.8352253460880854
2023-10-31,0.8352312048579197
2023-11-01,0.8352886977620204
2023-11-02,0.8352737426067723
2023-11-03,0.8352611312021289
2023-11-04,0.8352684301868747
2023-11-05,0.8352592606408004
2023-11-06,0.8352515849525266
2023-11-07,0.8352459113666117
2023-11-08,0.8352359616926986
2023-11-09,0.8352635685148503
2023-11-10,0.8352179640046387
2023-11-11,0.835221637798422
2023-11-12,0.835225948910438
2023-11-13,0.8352234219914287
2023-11-14,0.835253498212467
2023-11-15,0.835209805020406
2023-11-16,0.8352254787240254
2023-11-17,0.835251822384707
2023-11-18,0.8352279072642763
2023-11-19,0.8352378878615935
2023-11-20,0.8352499684861132
2023-11-21,0.8352320118496995
2023-11-22,0.8352137483687552
2023-11-23,0.8352244868757162
2023-11-24,0.8352219703640438
2023-11-25,0.8352149610450922
2023-11-26,0.8352167451628422
2023-11-27,0.8351958787063324
2023-11-28,0.8352150670879538
2023-11-29,0.8352253829645303
2023-11-30,0.8352226720606813
2023-12-01,0.8352459666036768
2023-12-02,0.8352506025287098
2023-12-03,0.8352402331680977
2023-12-04,0.83521949121369
2023-12-05,0.835246739632014
2023-12-06,0.8352235476079167
2023-12-07,0.8352236302107893
2023-12-08,0.8352174133342102
2023-12-09,0.835244316142295
2023-12-10,0.8352314524772484
2023-12-11,0.8352249387378208
2023-12-12,0.8352184866178859
2023-12-13,0.8352368640546846
2023-12-14,0.8352759684361135
2023-12-15,0.8352514329491912
2023-12-16,0.8352649680018607
2023-12-17,0.8352673817025635
2023-12-18,0.8352776843132462
2023-12-19,0.8352873417077662
2023-12-20,0.835234653184495
2023-12-21,0.8352610588846144
2023-12-22,0.8352593868390933
2024-01-04,0.8360483789176391
2024-01-05,0.8352789170900119
2024-01-06,0.8352769665174715
2024-01-07,0.8352932498679848
2024-01-08,0.8352870657398463
2024-01-09,0.8352793672202338
2024-01-10,0.8352616594870093
2024-01-11,0.8352581835962166
2024-01-12,0.8352721943203153
2024-01-13,0.8352995384390193
2024-01-14,0.8353144528467872
2024-01-15,0.8352893263346364
2024-01-16,0.8352971804971376
2024-01-17,0.835307209231813
2024-01-18,0.8353400206892283
2024-01-19,0.835339882566617
2024-01-20,0.8353548085889522
2024-01-21,0.835340762602172
2024-01-22,0.8353625275881117
2024-01-23,0.8353526124357666
2024-01-24,0.8353700540266088
2024-01-25,0.8353827059318756
2024-01-26,0.8354012841609936
2024-01-27,0.8354051989742148
2024-01-28,0.835410693896277
2024-01-29,0.8354179562153882
2024-01-30,0.8354092603165678
2024-01-31,0.835416989488376
2024-02-01,0.835420421718134
2024-02-02,0.8354158323394827
2024-02-03,0.8354205479086133
2024-02-04,0.8354364843817057
2024-02-05,0.8354294977937323
2024-02-06,0.8354476754772118
2024-02-07,0.8354589346746187
2024-02-08,0.8354796228300406
2024-02-09,0.8354431839473763
2024-02-10,0.8354667049037895
2024-02-11,0.8355082344970809
2024-02-12,0.8355376406735815
2024-02-13,0.8355067018447918
2024-02-14,0.835522217694377
2024-02-15,0.8355204577951212
2024-02-16,0.8355226750156172
2024-02-17,0.8355307388206491
2024-02-18,0.8355671365406057
2024-02-19,0.8355092149655625
2024-02-20,0.835522811432833
2024-02-21,0.8355380740473493
2024-02-22,0.8355605739911737
2024-02-23,0.8355682653010641
2024-02-24,0.8355756988229585
2024-02-25,0.8355910758187364
2024-02-26,0.8355785625904287
2024-02-27,0.8354648799623174
2024-02-28,0.8355916261418501
2024-02-29,0.8355962704815562
2024-03-01,0.8356054089394886
2024-03-02,0.8356287843461454
2024-03-03,0.8355992773000508
2024-03-04,0.8356170288931256
2024-03-05,0.8355992022664194
2024-03-06,0.8355759249247724
2024-03-07,0.835598139273059
2024-03-08,0.8356033795362671
2024-03-09,0.8355989804946987
2024-03-10,0.8355729102964948
2024-03-11,0.8355842489318779
2024-03-12,0.8355904409437733
2024-03-13,0.8356065863770743
2024-03-14,0.8355698893247899
2024-03-15,0.8355870986159314
2024-03-16,0.8355658859812408
2024-03-17,0.8355891694539709
2024-03-18,0.8355723262139101
2024-03-19,0.8355655744243082
2024-03-20,0.8355966440053276
2024-03-21,0.8356045283003151
2024-03-22,0.8356432949758749
2024-03-23,0.8356667995195396
2024-03-24,0.8356600464416539
