rank,bgg_id,avg_rating,bayes_rating,num_ratings
1,174430,8.61650,8.44641,718
2,342942,8.55456,8.34885,574
3,224517,8.55543,8.31441,484
4,167791,8.40438,8.30764,1203
5,316554,8.47607,8.26715,549
6,291457,8.54069,8.22359,356
7,161936,8.37189,8.19618,636
8,187645,8.42121,8.11190,350
9,162886,8.32661,8.10983,499
10,233078,8.59615,8.10152,218
11,173346,8.16187,8.08689,1430
12,182028,8.38051,8.06915,342
13,12333,8.28758,8.06727,483
14,169786,8.16475,8.06661,1084
15,84876,8.19209,8.04439,714
16,120677,8.15209,8.02551,827
17,193738,8.16471,8.00793,663
18,220308,8.31000,8.00466,340
19,3076,8.09655,8.00032,1077
20,167355,8.28223,7.97751,337
21,205637,8.18020,7.96510,475
22,28720,8.23391,7.96504,380
23,185343,8.25347,7.95890,346
24,96848,8.19906,7.94960,407
25,266192,8.02243,7.94882,1379
26,276025,8.27460,7.94072,303
27,164928,8.10590,7.93592,594
28,124361,8.09431,7.91612,562
29,183394,8.08042,7.91290,597
30,199792,8.01427,7.89427,827
31,170216,8.06767,7.88742,549
32,251247,8.26320,7.87023,250
33,2651,7.98043,7.86993,889
34,247763,8.15188,7.86819,346
35,312484,8.02375,7.86703,626
36,284378,8.61238,7.85995,130
37,237182,8.04538,7.85372,509
38,93,7.98318,7.84455,701
39,18602,8.00222,7.84423,615
40,285774,8.28105,7.83847,219
41,271320,8.40529,7.83579,170
42,126163,7.95134,7.80932,674
43,209010,8.13065,7.80848,297
44,102794,8.00680,7.80677,478
45,125153,8.19236,7.80548,247
46,205059,8.01506,7.80423,453
47,31260,7.88326,7.80317,1192
48,216132,8.08281,7.80068,338
49,264220,8.38691,7.79876,162
50,363622,9.13239,7.79349,71
51,184267,8.32472,7.79120,178
52,161533,8.28028,7.78452,191
53,192135,8.45814,7.78241,140
54,115746,8.29315,7.77963,184
55,163068,8.20791,7.77861,220
56,295947,7.96641,7.77690,498
57,177736,8.03599,7.77218,357
58,269385,8.15776,7.74893,228
59,324856,8.09465,7.74140,263
60,121921,7.90879,7.73855,545
61,310873,8.24876,7.72959,178
62,255984,8.26937,7.72907,171
63,110327,7.86492,7.72905,680
64,230802,7.78683,7.71852,1346
65,170042,7.88999,7.71694,531
66,175914,8.17001,7.71542,202
67,266810,8.04632,7.71386,276
68,191189,8.11926,7.71333,226
69,28143,7.86451,7.71243,603
70,42,7.89873,7.71058,487
71,229853,7.97657,7.70956,343
72,102680,8.01643,7.70916,298
73,62219,8.01076,7.70775,302
74,68448,7.76316,7.70262,1508
75,246900,8.35432,7.69869,139
76,180263,7.89471,7.69024,444
77,35677,7.85746,7.68766,534
78,171623,7.89026,7.68743,447
79,221107,8.10599,7.67981,212
80,284083,7.81481,7.67645,652
81,73439,7.88817,7.67319,419
82,271324,7.90282,7.67037,387
83,555,7.88224,7.65703,397
84,203993,8.02473,7.65026,238
85,172386,7.97672,7.64921,272
86,157354,7.78452,7.64875,656
87,244521,7.75974,7.64169,752
88,266507,8.43940,7.64022,111
89,25613,8.07637,7.63592,201
90,164153,7.94711,7.63545,284
91,182874,7.97422,7.63514,261
92,201808,7.79917,7.63499,539
93,236457,7.79536,7.63088,537
94,144733,7.85468,7.62635,386
95,220877,7.87203,7.62404,355
96,37111,7.83015,7.62398,427
97,4098,8.06885,7.61663,194
98,9216,7.87991,7.60548,318
99,40834,7.77111,7.59821,503
100,366013,7.88814,7.59306,294
101,308765,8.10521,7.59210,169
102,72125,7.81909,7.58992,378
103,36218,7.65580,7.58869,1290
104,231733,8.18632,7.58592,144
105,248562,8.83768,7.58513,69
106,205896,7.90865,7.58498,267
107,175640,8.28863,7.58147,122
108,132531,7.78129,7.57944,427
109,281259,7.84983,7.57659,315
110,77423,7.88005,7.57316,280
111,256960,8.07740,7.56977,169
112,188920,7.98406,7.56964,207
113,146021,7.80389,7.56118,352
114,7854,7.99830,7.55850,194
115,30549,7.61399,7.55659,1485
116,339789,8.10609,7.55057,153
117,34635,7.63751,7.55000,971
118,103343,7.72996,7.54994,472
119,159675,7.97932,7.54835,197
120,122515,7.79494,7.53536,325
121,233371,7.90795,7.52474,219
122,295770,8.68611,7.52206,72
123,463,7.67660,7.52197,542
124,118048,7.72960,7.52167,403
125,263918,7.75505,7.51809,353
126,10630,7.64362,7.51090,628
127,341169,8.33900,7.50709,100
128,144592,7.81735,7.50696,268
129,245638,7.86202,7.50659,234
130,43015,7.83419,7.50449,252
131,147020,7.65638,7.50397,545
132,124742,7.75920,7.50226,323
133,155821,7.82473,7.50078,256
134,163412,7.57574,7.49670,1047
135,104162,7.77257,7.49670,300
136,146652,7.91997,7.49576,195
137,282775,8.64444,7.49562,72
138,364073,7.96867,7.49153,173
139,521,7.80294,7.49043,264
140,296151,7.97836,7.48791,168
141,328871,7.85476,7.48707,224
142,268864,8.08043,7.48441,138
143,146508,7.67718,7.48413,426
144,199478,7.67087,7.48241,436
145,217372,7.64686,7.47942,490
146,233398,8.08667,7.47905,135
147,14996,7.52696,7.46466,1307
148,287954,7.72712,7.46446,310
149,262712,7.70433,7.46033,333
150,12493,7.80679,7.45968,234
151,322289,8.39674,7.45467,86
152,160069,8.22190,7.45154,105
153,351913,8.20355,7.44869,107
154,148949,7.56694,7.44753,676
155,171908,8.01738,7.44548,141
156,265188,7.98067,7.44360,150
157,297030,8.12980,7.44187,117
158,150376,7.59992,7.44093,506
159,269207,7.68099,7.44085,335
160,254640,7.62928,7.43379,410
161,148228,7.50474,7.43117,1088
162,31627,7.78211,7.43106,228
163,253344,8.19238,7.43037,105
164,199561,7.55911,7.43008,620
165,251661,9.09472,7.42901,48
166,271055,8.25292,7.42876,97
167,244522,7.57154,7.42685,552
168,233867,7.57311,7.42584,542
169,266524,7.67554,7.42537,319
170,127023,7.64655,7.42099,353
171,129437,7.75258,7.41727,237
172,332772,8.13198,7.41638,111
173,55690,8.44545,7.41476,77
174,314491,7.81282,7.41414,199
175,342810,8.26559,7.41300,93
176,17133,7.86865,7.41296,174
177,54,7.59043,7.41267,446
178,161970,7.59832,7.41025,421
179,2511,7.71557,7.40787,257
180,293014,7.68824,7.40608,280
181,221194,7.77272,7.40395,214
182,304783,7.97982,7.40383,137
183,306735,7.87369,7.40170,167
184,194655,7.52676,7.39308,587
185,295486,7.76190,7.39199,212
186,127060,7.76456,7.38978,209
187,128882,7.63136,7.38628,319
188,25554,7.68126,7.38234,261
189,178900,7.44932,7.37970,1119
190,228341,7.90966,7.37966,147
191,27708,7.85681,7.37666,162
192,77130,7.78161,7.37652,192
193,20551,7.67234,7.37463,261
194,256916,8.25568,7.37333,88
195,244711,7.92629,7.37205,140
196,172287,7.76040,7.37075,199
197,140620,7.60951,7.36626,318
198,54138,7.76072,7.36274,194
199,39463,7.58307,7.36251,350
200,24181,7.95385,7.36062,130
201,104006,7.49276,7.35985,580
202,169426,7.61999,7.35960,296
203,317985,7.82951,7.35954,164
204,196340,7.78283,7.35747,181
205,128271,7.72370,7.35715,210
206,54043,7.46592,7.35513,694
207,31594,7.67490,7.35346,239
208,255668,8.98404,7.35136,47
209,146886,7.68096,7.34794,230
210,350184,7.79858,7.34587,169
211,258779,8.02753,7.34481,112
212,92828,7.48940,7.34174,517
213,245934,7.78804,7.34165,171
214,43111,7.70108,7.34112,212
215,239188,7.53257,7.33998,396
216,22545,7.65074,7.33844,244
217,155426,7.64368,7.33776,249
218,15987,7.50758,7.33403,438
219,176189,7.70246,7.33354,206
220,70149,7.68134,7.33151,217
221,188834,7.55087,7.33147,346
222,283155,7.60496,7.33098,277
223,314040,8.09898,7.32648,98
224,209418,7.84814,7.32613,145
225,136888,7.51750,7.32590,395
226,321608,8.48862,7.32492,65
227,286096,7.54820,7.32388,337
228,250458,7.59821,7.32339,275
229,19857,7.71301,7.31840,191
230,9609,7.62846,7.31831,243
231,300531,7.60046,7.31821,267
232,9217,7.52955,7.31682,354
233,184921,7.62087,7.31505,246
234,162082,7.56563,7.31191,296
235,39856,7.38412,7.30759,979
236,188,7.65566,7.30313,212
237,279537,7.87328,7.30286,131
238,97207,7.54957,7.30077,300
239,365717,8.44790,7.30006,65
240,283948,8.07573,7.29900,96
241,144344,7.59563,7.29657,249
242,282524,7.67637,7.29486,195
243,25417,7.62071,7.29205,226
244,225694,7.62783,7.29178,221
245,103885,7.59640,7.29092,243
246,176494,7.44886,7.28968,466
247,63628,7.61181,7.28816,229
248,198994,7.71744,7.28685,172
249,304420,7.83395,7.28570,135
250,227224,7.86811,7.28541,127
251,229220,7.67039,7.28504,192
252,204583,7.39180,7.28430,688
253,343905,7.95645,7.28417,110
254,54998,7.51794,7.28329,315
255,12,7.50563,7.28062,328
256,37046,7.46133,7.28005,407
257,285967,7.90724,7.27753,117
258,242302,7.65865,7.27702,193
259,126042,7.71946,7.27601,166
260,40692,7.34607,7.27590,1049
261,310100,8.32714,7.27571,70
262,55670,7.54324,7.27561,275
263,163968,7.75219,7.27211,153
264,66589,7.74043,7.27012,156
265,2655,7.40264,7.26998,553
266,215,7.61248,7.26971,214
267,822,7.30922,7.26633,1707
268,332398,8.89111,7.26521,45
269,27833,7.78779,7.26518,140
270,323612,7.91018,7.26337,113
271,82222,7.95283,7.26333,106
272,31481,7.43101,7.26267,434
273,128621,7.74099,7.26083,152
274,9209,7.34078,7.25931,895
275,245655,8.03011,7.25587,94
276,154203,7.39909,7.25208,494
277,234,8.26042,7.25190,72
278,345868,8.52421,7.25097,57
279,3,7.57338,7.25084,225
280,305096,7.66360,7.24928,175
281,45315,7.58218,7.24695,216
282,88,7.52164,7.24641,263
283,126792,7.57396,7.24390,219
284,108745,7.43588,7.24274,374
285,189932,7.99479,7.24247,96
286,109276,7.87589,7.24238,114
287,118,7.65194,7.23986,175
288,160477,7.48752,7.23822,289
289,256226,7.46988,7.23756,310
290,158600,7.48364,7.23707,292
291,48726,7.53506,7.23429,239
292,14105,7.89907,7.23371,108
293,274364,7.61675,7.23269,187
294,24480,7.37546,7.23242,502
295,176734,8.03890,7.23220,89
296,269144,7.61347,7.23169,188
297,2346,7.71000,7.23154,150
298,8217,7.41176,7.23020,395
299,171131,7.47975,7.22992,287
300,200680,7.68626,7.22498,155
301,227935,8.02730,7.22428,89
302,33160,7.48273,7.22303,275
303,478,7.27690,7.21898,1230
304,249259,7.85290,7.21735,112
305,155068,7.73116,7.21581,138
306,311193,7.80231,7.21488,121
307,198928,7.81602,7.21397,118
308,70323,7.28324,7.21341,1017
309,224783,7.77008,7.21150,127
310,291453,7.71607,7.20985,140
311,154809,7.78934,7.20880,122
312,127398,7.32035,7.20798,630
313,139976,8.10380,7.20778,79
314,36932,7.62334,7.20514,169
315,96913,7.60323,7.20416,177
316,318977,7.49455,7.20288,242
317,355093,7.79022,7.20226,120
318,227789,7.73751,7.19972,131
319,218417,8.25104,7.19961,67
320,31999,7.87048,7.19957,105
321,346965,7.79574,7.19897,118
322,154597,7.55288,7.19454,196
323,246784,7.48932,7.19106,235
324,177678,7.83915,7.19040,108
325,119890,7.40644,7.19021,324
326,39938,7.49297,7.18866,230
327,5404,7.47643,7.18328,238
328,41114,7.32482,7.18196,488
329,712,7.79666,7.18032,113
330,283863,7.75537,7.17992,121
331,275913,7.71860,7.17910,129
332,182631,7.76525,7.17640,118
333,286749,8.31475,7.17596,61
334,70919,7.27125,7.17407,714
335,90137,7.62331,7.17303,154
336,58421,7.74537,7.17247,121
337,280794,8.04873,7.17167,79
338,159508,7.59990,7.16997,161
339,193037,7.77105,7.16937,115
340,262215,7.79118,7.16824,111
341,258210,7.72968,7.16770,123
342,65781,7.65863,7.16280,139
343,316377,7.87268,7.16235,97
344,421,8.06711,7.16115,76
345,285192,7.75043,7.15800,116
346,50,7.25462,7.15533,691
347,528,7.61403,7.15394,149
348,129622,7.21927,7.15091,1001
349,366161,8.18636,7.15009,66
350,230914,8.00375,7.14926,80
351,143693,7.43397,7.14915,240
352,230244,7.61267,7.14800,147
353,206718,7.79057,7.14668,106
354,172818,7.56426,7.14371,162
355,269210,7.44516,7.14257,225
356,195421,7.72672,7.14054,116
357,1,7.83990,7.13938,97
358,79828,7.59747,7.13368,146
359,9440,7.36920,7.13332,287
360,25021,8.08585,7.13270,71
361,182134,7.62945,7.13205,136
362,318084,7.59135,7.12891,146
363,117915,7.77048,7.12788,105
364,222509,7.70905,7.12752,116
365,124708,7.37071,7.12723,277
366,241451,8.11618,7.12542,68
367,163967,7.41710,7.12437,230
368,66188,7.34148,7.12368,309
369,277659,8.36667,7.12182,54
370,356123,7.79210,7.12045,100
371,301880,7.99091,7.11927,77
372,256570,7.65699,7.11662,124
373,3307,7.95006,7.11389,80
374,199042,7.40436,7.11357,230
375,108687,8.24407,7.11177,59
376,30380,7.30547,7.10980,341
377,27746,7.38870,7.10956,239
378,95527,7.70166,7.10696,112
379,357563,7.65620,7.10605,121
380,224037,7.34767,7.10566,275
381,283355,8.02431,7.10205,72
382,123260,7.38105,7.10205,238
383,329841,8.03662,7.10162,71
384,18,7.23581,7.10018,489
385,265736,7.28855,7.10013,352
386,180511,7.64139,7.09836,122
387,232832,7.56098,7.09784,143
388,24508,7.43100,7.09393,196
389,171,7.22268,7.09367,512
390,9674,7.29303,7.09296,330
391,219513,7.23720,7.09245,456
392,194594,7.26564,7.09033,376
393,83330,7.47303,7.08990,172
394,206941,7.50112,7.08939,160
395,234487,7.37697,7.08931,229
396,475,7.43234,7.08926,192
397,328479,7.53721,7.08913,147
398,216600,7.75426,7.08900,99
399,113924,7.35068,7.08658,249
400,66362,7.46915,7.08497,171
401,21348,7.48537,7.08483,164
402,21241,7.38991,7.08326,214
403,155987,7.30308,7.08291,298
404,274960,7.27257,7.07946,339
405,176396,7.27500,7.07905,334
406,292375,8.07045,7.07890,66
407,280480,7.68444,7.07860,108
408,179172,7.52333,7.07831,147
409,8125,7.59683,7.07780,126
410,266121,7.92610,7.07714,77
411,157969,7.25916,7.07616,357
412,91,8.11270,7.07590,63
413,371942,7.90127,7.07495,79
414,236191,7.77624,7.07451,93
415,374173,8.09375,7.07423,64
416,140934,7.35799,7.07324,229
417,177478,7.69760,7.07135,104
418,256730,7.88375,7.07021,80
419,27173,7.43144,7.06993,180
420,699,7.27773,7.06985,313
421,262211,8.42542,7.06984,48
422,209685,7.23115,7.06599,393
423,59959,7.21364,7.06518,437
424,175155,7.96507,7.06445,72
425,38453,7.33953,7.06171,233
426,238799,7.75692,7.06114,93
427,22345,7.31237,7.06067,257
428,306040,7.81706,7.05755,85
429,230253,7.96620,7.05716,71
430,93260,7.55231,7.05615,130
431,372,7.22266,7.05561,386
432,396790,8.39792,7.05508,48
433,181304,7.13928,7.05321,748
434,325011,7.87167,7.04870,78
435,293296,7.90453,7.04867,75
436,101721,7.62121,7.04824,112
437,331106,8.33000,7.04732,50
438,319966,7.74413,7.04711,92
439,188866,7.53197,7.04640,132
440,491,7.45095,7.04551,158
441,156129,7.37766,7.04428,192
442,160495,7.86410,7.04376,78
443,21790,7.20023,7.04309,407
444,40765,7.94085,7.04115,71
445,21763,7.17590,7.04035,471
446,137408,7.48949,7.03998,142
447,329839,7.50926,7.03994,136
448,329082,7.76477,7.03961,88
449,91312,7.45325,7.03903,154
450,5,7.33221,7.03837,217
451,223321,7.59200,7.03776,115
452,15062,7.17968,7.03714,447
453,97786,7.32785,7.03696,219
454,278292,8.91039,7.03685,34
455,284435,7.37307,7.03618,189
456,119506,7.85244,7.03614,78
457,260180,7.48366,7.03547,142
458,239942,8.15000,7.03430,57
459,318184,7.70200,7.03311,95
460,231038,7.70851,7.03269,94
461,325494,8.79722,7.03263,36
462,171668,7.39740,7.03067,173
463,192291,7.21161,7.02898,347
464,146439,7.74045,7.02857,89
465,97842,7.37527,7.02585,181
466,2653,7.21116,7.02571,341
467,298047,7.66411,7.02545,99
468,187617,8.11207,7.02340,58
469,142379,7.65400,7.02282,100
470,129948,7.30941,7.02256,220
471,291572,8.12807,7.02161,57
472,117959,7.25694,7.02008,266
473,172081,7.56678,7.01922,115
474,232219,7.44032,7.01804,149
475,336986,7.33317,7.01716,199
476,181279,7.50070,7.01702,130
477,297562,7.87589,7.01544,73
478,17226,7.44342,7.01370,146
479,300322,7.87260,7.01334,73
480,200890,7.37543,7.01295,173
481,42052,7.78642,7.01247,81
482,254018,7.42563,7.01090,151
483,217780,7.56302,7.00938,113
484,213460,7.33855,7.00930,190
485,41002,7.44041,7.00904,145
486,329591,8.61256,7.00892,39
487,39683,7.26739,7.00803,241
488,503,7.26684,7.00756,241
489,128721,7.79304,7.00396,79
490,373106,8.30000,7.00254,48
491,183251,7.29086,7.00254,216
492,136063,7.17603,7.00212,358
493,47,7.32409,7.00161,193
494,158899,7.10228,6.99970,606
495,232043,7.29420,6.99845,210
496,205398,7.28188,6.99830,219
497,855,7.31434,6.99763,196
498,35570,7.43836,6.99558,140
499,284653,8.10179,6.99515,56
500,304051,7.51050,6.99435,120
501,283393,7.48960,6.99416,125
502,100901,7.15852,6.99384,376
503,2955,7.40600,6.99335,150
504,223040,7.47717,6.99066,127
505,21050,7.83562,6.98975,73
506,197376,7.27311,6.98764,216
507,302723,8.03220,6.98733,59
508,1353,7.22333,6.98716,261
509,260428,7.54645,6.98638,110
510,283864,7.40802,6.98612,146
511,25292,7.30859,6.98609,191
512,232405,7.37769,6.98551,157
513,337627,8.90625,6.98403,32
514,172,7.13641,6.98241,399
515,13,7.02022,6.98119,1573
516,194607,7.35549,6.98115,164
517,70512,7.47805,6.97949,123
518,27162,7.19368,6.97929,286
519,298383,7.71687,6.97852,83
520,277085,7.51130,6.97844,115
521,277700,7.77403,6.97828,77
522,98778,7.08331,6.97754,579
523,12902,7.38840,6.97742,149
524,237179,8.15481,6.97728,52
525,105551,7.39895,6.97223,143
526,62227,7.77487,6.97205,76
527,198773,7.12780,6.97106,389
528,240980,8.93226,6.96863,31
529,294484,7.80137,6.96791,73
530,264241,7.37855,6.96755,148
531,218121,7.33819,6.96734,164
532,63888,7.35338,6.96628,157
533,156943,7.66253,6.96471,87
534,155873,8.08759,6.96393,54
535,15985,8.10849,6.96376,53
536,73171,7.86866,6.96337,67
537,146791,8.02632,6.96269,57
538,4390,7.23323,6.96259,224
539,155703,7.23210,6.96164,224
540,170561,7.60399,6.96015,94
541,264052,7.83623,6.95950,69
542,203420,7.40690,6.95896,135
543,244115,7.73385,6.95870,78
544,150658,7.39246,6.95777,139
545,207691,7.65988,6.95745,86
546,1261,7.18517,6.95724,265
547,46213,7.49080,6.95654,113
548,186751,8.07407,6.95628,54
549,192458,7.61890,6.95581,91
550,318560,7.74934,6.95553,76
551,256952,7.67262,6.95478,84
552,140603,7.68048,6.95426,83
553,271896,7.45116,6.95332,121
554,28023,7.09167,6.95262,433
555,143515,7.47597,6.95247,115
556,107529,7.11073,6.95194,379
557,191862,7.21667,6.95162,227
558,40354,8.08679,6.95158,53
559,215311,7.30187,6.95033,171
560,356033,7.43791,6.94947,123
561,187377,7.46278,6.94934,117
562,195539,7.76081,6.94913,74
563,180974,7.10626,6.94866,381
564,200147,7.31087,6.94374,163
565,316546,7.59272,6.94273,92
566,257499,7.74000,6.94270,75
567,235802,8.43750,6.94263,40
568,55600,7.63710,6.94207,86
569,13122,7.97241,6.94195,58
570,13642,7.42137,6.94003,124
571,244228,7.18946,6.93977,239
572,105037,7.35803,6.93822,142
573,72991,7.36812,6.93663,138
574,6249,7.02850,6.93648,647
575,156009,7.09736,6.93566,368
576,11,6.99751,6.93528,956
577,163839,8.10020,6.93442,51
578,193558,7.32860,6.93271,150
579,274637,7.46676,6.93202,111
580,350316,7.76775,6.93186,71
581,246192,7.41400,6.93159,123
582,251658,7.31882,6.93112,153
583,296100,8.19255,6.93078,47
584,170771,8.06808,6.92902,52
585,262941,8.30465,6.92809,43
586,256997,8.13122,6.92545,49
587,62222,8.20870,6.92484,46
588,213893,7.24711,6.92448,183
589,269511,7.78000,6.92437,69
590,282414,7.66810,6.92202,79
591,176920,7.33378,6.92170,143
592,245654,7.13581,6.92087,274
593,171499,7.13227,6.92048,278
594,284742,7.44429,6.91911,112
595,73761,7.16972,6.91847,234
596,29934,7.33534,6.91839,141
597,150,7.17138,6.91804,232
598,194879,7.15109,6.91788,252
599,160010,7.69880,6.91616,75
600,298069,7.35358,6.91569,134
601,7717,7.20934,6.91221,197
602,42215,7.09965,6.91153,311
603,192836,7.80862,6.90970,65
604,527,7.29619,6.90934,151
605,340466,8.01132,6.90923,53
606,163642,7.28321,6.90505,154
607,293141,7.72423,6.90438,71
608,257501,7.25288,6.90433,167
609,1041,7.28373,6.90351,153
610,162007,7.25567,6.90319,165
611,265402,7.69986,6.90316,73
612,10547,7.08759,6.90298,315
613,43528,7.19874,6.90221,196
614,1513,7.77727,6.89881,66
615,318553,7.59470,6.89704,83
616,177639,7.18965,6.89595,197
617,353545,7.60963,6.89553,81
618,133848,7.29618,6.89473,144
619,300300,7.84153,6.89420,61
620,175117,7.05798,6.89344,351
621,290236,7.33769,6.89342,130
622,295374,7.57024,6.89163,85
623,100423,7.10734,6.89135,267
624,264055,7.11398,6.89132,259
625,68425,7.35566,6.89078,124
626,133038,7.28907,6.88921,144
627,37904,7.04213,6.88827,374
628,267367,7.95352,6.88808,54
629,103886,7.43890,6.88637,104
630,43570,7.03867,6.88626,377
631,165722,7.26149,6.88601,153
632,246684,7.62857,6.88372,77
633,270633,8.35128,6.88225,39
634,220520,7.34797,6.88220,123
635,125618,7.16083,6.88151,205
636,121,7.76077,6.88048,65
637,121408,7.39027,6.87968,112
638,192153,7.40229,6.87821,109
639,181530,7.71765,6.87782,68
640,350933,7.74167,6.87694,66
641,364011,8.11739,6.87681,46
642,299684,7.51798,6.87679,89
643,128671,7.45185,6.87583,99
644,323156,7.53744,6.87483,86
645,2453,7.00325,6.87464,443
646,230080,7.16453,6.87397,196
647,45986,7.43634,6.87292,101
648,92415,7.06934,6.87250,289
649,554,7.21506,6.87239,166
650,6472,7.17753,6.87183,186
651,483,7.26854,6.87112,143
652,94,7.20069,6.87044,172
653,287084,7.30389,6.87032,131
654,180593,7.09556,6.87019,252
655,220,7.27871,6.87014,139
656,52461,7.40887,6.86861,105
657,244049,7.45918,6.86837,96
658,346703,7.18116,6.86791,181
659,281466,8.12667,6.86729,45
660,192457,7.26911,6.86721,141
661,131357,7.01024,6.86682,395
662,234671,7.84328,6.86664,58
663,113997,7.47326,6.86493,93
664,156858,7.52824,6.86340,85
665,245961,7.70299,6.86101,67
666,242574,7.23385,6.86042,151
667,204836,7.11955,6.85880,216
668,71,7.52118,6.85866,85
669,232414,7.58870,6.85781,77
670,174785,7.62473,6.85524,73
671,203427,7.14112,6.85465,196
672,25643,7.23134,6.85454,149
673,153938,6.94565,6.85367,610
674,270314,7.32513,6.85365,119
675,218603,7.01505,6.85339,347
676,276042,7.43095,6.85287,97
677,209778,6.97544,6.85250,456
678,369880,7.60946,6.85212,74
679,251219,8.06957,6.85165,46
680,311988,8.18333,6.85053,42
681,224710,7.72438,6.85004,64
682,284818,7.68507,6.84995,67
683,234277,7.66839,6.84721,68
684,173,7.10424,6.84696,217
685,346501,7.36636,6.84525,107
686,113294,7.02048,6.84515,318
687,111341,8.08000,6.84300,45
688,282954,7.46703,6.84203,89
689,270673,7.14551,6.84163,183
690,106217,7.19075,6.84114,159
691,34219,7.08335,6.83888,227
692,270844,7.28967,6.83860,123
693,45,6.96792,6.83832,428
694,119432,7.50602,6.83790,83
695,34119,7.32412,6.83774,114
696,30957,7.40257,6.83707,98
697,171273,7.29093,6.83677,122
698,281442,7.64985,6.83570,68
699,137988,7.70000,6.83525,64
700,214887,7.72581,6.83400,62
701,300877,7.15480,6.83195,171
702,228867,7.31200,6.83194,115
703,212402,7.27145,6.83033,125
704,354934,8.36111,6.82992,36
705,133473,6.92674,6.82986,569
706,193042,7.26591,6.82879,126
707,166384,7.01017,6.82845,303
708,108906,7.50741,6.82791,81
709,12962,7.23757,6.82708,134
710,170624,7.71290,6.82626,62
711,59294,7.69683,6.82505,63
712,42776,7.53779,6.82471,77
713,1159,7.29526,6.82265,116
714,11170,7.24992,6.82188,128
715,130060,7.14994,6.82186,167
716,366162,7.80000,6.82172,56
717,171669,7.20153,6.82123,144
718,154246,7.15639,6.82058,163
719,204305,7.62515,6.82035,68
720,229265,7.79482,6.81875,56
721,143741,6.99216,6.81865,315
722,432,6.92915,6.81533,479
723,270970,7.42586,6.81394,89
724,179803,8.04909,6.81260,44
725,278,6.89738,6.81176,635
726,161614,7.63518,6.81153,66
727,25568,7.09443,6.81134,192
728,40628,7.19625,6.81090,141
729,271529,7.54514,6.81089,74
730,235488,7.23796,6.81032,127
731,267319,7.37552,6.80995,96
732,325022,8.23816,6.80965,38
733,329465,7.34081,6.80892,102
734,38545,7.36122,6.80801,98
735,338760,7.91429,6.80793,49
736,72287,7.06838,6.80778,208
737,248490,7.74225,6.80772,58
738,276498,7.19380,6.80688,140
739,5737,7.19592,6.80637,139
740,252153,7.66524,6.80600,63
741,147949,6.98086,6.80572,309
742,296237,7.93104,6.80455,48
743,216459,7.33432,6.80431,102
744,143519,7.28689,6.80423,112
745,128996,7.88460,6.80379,50
746,137269,7.17843,6.80329,144
747,50750,7.37671,6.80242,94
748,38054,7.13258,6.80160,163
749,204472,7.40089,6.80150,90
750,257518,8.15000,6.80144,40
751,122522,6.99971,6.79948,269
752,256382,7.00801,6.79858,257
753,218804,7.30407,6.79693,106
754,339958,7.67541,6.79528,61
755,239307,7.47468,6.79516,79
756,21441,7.22360,6.79439,125
757,218074,8.13500,6.79407,40
758,207830,7.39862,6.79069,88
759,131260,6.91983,6.79062,414
760,91536,7.09936,6.78733,171
761,163474,7.85330,6.78668,50
762,210296,7.66066,6.78650,61
763,262994,7.49467,6.78469,75
764,156566,7.22380,6.78398,121
765,167400,7.50270,6.78369,74
766,314503,7.36087,6.78289,92
767,146278,7.14876,6.78025,144
768,5782,6.93244,6.77999,348
769,19600,7.53786,6.77996,70
770,284584,7.47606,6.77869,76
771,55427,7.34742,6.77789,93
772,90419,7.27280,6.77782,107
773,172308,7.12144,6.77758,154
774,242639,7.28613,6.77714,104
775,284189,8.10000,6.77688,40
776,276182,8.03500,6.77588,42
777,249703,8.16579,6.77504,38
778,328866,7.92391,6.77504,46
779,347703,7.81098,6.77487,51
780,244271,7.94889,6.77475,45
781,3800,7.25927,6.77459,109
782,156336,7.18727,6.77455,128
783,9625,7.77075,6.77424,53
784,12942,6.94201,6.77386,314
785,228328,7.73273,6.77322,55
786,160499,7.00200,6.77265,230
787,826,6.89406,6.77202,432
788,300327,7.41387,6.77128,82
789,309630,7.60762,6.77125,63
790,226522,7.60714,6.77096,63
791,26997,8.08750,6.77074,40
792,212445,8.36364,6.76933,33
793,359438,8.15342,6.76912,38
794,256788,7.34036,6.76875,92
795,298635,7.26933,6.76857,105
796,345584,7.56515,6.76851,66
797,181796,7.48719,6.76751,73
798,30869,7.04740,6.76664,187
799,39351,7.24826,6.76661,109
800,306481,7.68596,6.76564,57
801,122298,7.13631,6.76458,141
802,4099,7.16427,6.76426,131
803,140933,7.17266,6.76351,128
804,385680,8.40000,6.76347,32
805,200954,7.27667,6.76331,102
806,41,6.89832,6.76273,386
807,53953,7.14453,6.76255,137
808,217861,7.30171,6.76232,97
809,255924,7.97907,6.76231,43
810,8203,6.90139,6.76224,376
811,345972,7.60597,6.76217,62
812,134726,7.44776,6.76038,76
813,241266,7.37477,6.76024,85
814,75449,7.47397,6.75908,73
815,12002,6.99618,6.75898,220
816,12995,7.13869,6.75807,137
817,219100,7.89130,6.75788,46
818,147151,6.87256,6.75750,453
819,247367,7.58413,6.75708,63
820,168435,7.04871,6.75619,178
821,207336,7.21279,6.75610,114
822,1345,7.13319,6.75596,138
823,297658,7.99524,6.75586,42
824,295260,8.20000,6.75503,36
825,164949,8.33030,6.75456,33
826,71721,7.18388,6.75424,121
827,145639,7.16299,6.75380,127
828,3685,7.67857,6.75194,56
829,273477,7.22227,6.75092,110
830,290359,7.98500,6.75071,42
831,363307,7.57302,6.75038,63
832,334065,7.44000,6.74948,75
833,15363,7.33135,6.74946,89
834,301255,7.69091,6.74937,55
835,241724,7.20609,6.74823,113
836,8989,7.06480,6.74756,163
837,227515,7.89556,6.74699,45
838,27588,6.90267,6.74657,331
839,163745,7.59180,6.74550,61
840,161417,6.98117,6.74454,218
841,285265,7.51420,6.74439,67
842,22827,7.29785,6.74360,93
843,91873,7.48949,6.74289,69
844,195867,7.42935,6.74262,75
845,65244,6.83394,6.74171,558
846,38992,7.32534,6.74088,88
847,169654,6.94375,6.73982,252
848,256320,7.33721,6.73972,86
849,60,7.38987,6.73953,79
850,329551,7.67364,6.73952,55
851,348450,7.70849,6.73930,53
852,204027,6.98301,6.73855,210
853,66505,7.14197,6.73795,127
854,315767,7.48116,6.73768,69
855,69789,7.21553,6.73654,107
856,44163,7.01484,6.73634,184
857,66,7.50033,6.73581,67
858,277448,7.80000,6.73423,48
859,221965,7.00679,6.73341,187
860,267378,7.09264,6.73279,142
861,137297,6.97718,6.73271,209
862,127024,6.99051,6.73250,198
863,279613,7.64232,6.73111,56
864,391163,7.62596,6.73090,57
865,206931,6.95554,6.72997,226
866,21882,7.12154,6.72952,130
867,340041,7.74584,6.72793,50
868,19777,7.85889,6.72790,45
869,306881,7.68679,6.72712,53
870,13337,7.74220,6.72594,50
871,383607,7.90698,6.72560,43
872,298371,7.54258,6.72418,62
873,110277,7.15053,6.72415,119
874,65532,7.34268,6.72399,82
875,760,7.31279,6.72324,86
876,40793,6.93362,6.72324,241
877,153065,7.15658,6.72324,117
878,203416,7.20438,6.72200,105
879,181687,7.19785,6.72058,106
880,105134,7.32024,6.71883,84
881,37380,6.93893,6.71840,229
882,212516,7.61911,6.71777,56
883,84419,7.86295,6.71676,44
884,194517,7.81087,6.71557,46
885,316412,7.78723,6.71540,47
886,20963,7.16469,6.71209,111
887,13004,7.18810,6.71032,105
888,42452,6.91668,6.71025,243
889,12166,8.22727,6.70889,33
890,15512,6.88059,6.70846,291
891,191977,7.09643,6.70822,129
892,274638,7.67115,6.70815,52
893,91984,7.45522,6.70795,67
894,31624,7.05474,6.70725,144
895,367220,7.34872,6.70721,78
896,10,6.85224,6.70683,344
897,248005,7.44118,6.70605,68
898,217449,6.94637,6.70604,208
899,191231,7.16358,6.70526,109
900,303672,7.21327,6.70403,98
901,244608,7.25130,6.70325,91
902,157526,7.11791,6.70254,120
903,140711,7.80889,6.70187,45
904,8051,7.03841,6.70183,148
905,1382,7.17619,6.70179,105
906,181521,7.30488,6.69888,82
907,681,6.97165,6.69867,182
908,245643,7.19120,6.69563,100
909,300683,7.25773,6.69492,88
910,15817,7.13301,6.69477,113
911,330038,7.25727,6.69461,88
912,158435,7.74787,6.69448,47
913,875,7.72500,6.69398,48
914,271518,7.57714,6.69366,56
915,260605,7.31899,6.69304,79
916,216734,7.46563,6.69300,64
917,230933,7.09170,6.69295,124
918,91872,7.35200,6.69280,75
919,112,6.98329,6.69254,170
920,201825,7.21264,6.69240,95
921,176165,7.13299,6.69190,112
922,169427,8.33667,6.69107,30
923,143884,6.75723,6.69055,740
924,37836,8.10000,6.69034,35
925,222542,7.20863,6.68961,95
926,266830,7.58545,6.68924,55
927,299960,7.44646,6.68856,65
928,233247,7.40194,6.68819,69
929,50768,7.15132,6.68713,106
930,254713,7.49279,6.68655,61
931,53093,7.66880,6.68580,50
932,17405,8.27097,6.68567,31
933,223953,7.46349,6.68432,63
934,177590,7.43831,6.68358,65
935,233961,7.01620,6.68272,147
936,172385,7.41321,6.68199,67
937,196526,7.45952,6.68192,63
938,155362,6.94762,6.68148,184
939,163154,7.87561,6.68134,41
940,233312,7.43385,6.68085,65
941,138161,7.30038,6.68084,79
942,19764,7.41045,6.68028,67
943,177352,7.90300,6.68013,40
944,169794,7.40896,6.67936,67
945,191876,7.38654,6.67857,69
946,343362,7.71702,6.67809,47
947,207243,7.73587,6.67612,46
948,123540,6.82465,6.67523,326
949,8045,8.02778,6.67497,36
950,349955,8.19688,6.67497,32
951,57925,6.97871,6.67446,160
952,1301,7.68688,6.67352,48
953,54625,7.25795,6.67245,83
954,215341,7.50983,6.67216,58
955,58281,7.44286,6.67187,63
956,231581,7.26417,6.67184,82
957,351476,7.64200,6.67115,50
958,42910,7.34528,6.67110,72
959,183840,6.96132,6.67074,167
960,327711,7.28241,6.66905,79
961,300905,7.60000,6.66856,52
962,255692,7.47500,6.66808,60
963,214029,7.84878,6.66800,41
964,30381,7.30447,6.66766,76
965,2338,6.93481,6.66746,181
966,3228,7.01832,6.66566,137
967,272739,7.84390,6.66558,41
968,140068,7.90256,6.66472,39
969,131287,7.39258,6.66251,66
970,71671,7.15267,6.66145,98
971,317457,7.34829,6.66089,70
972,148729,7.44869,6.66029,61
973,3201,7.07094,6.66000,117
974,264982,7.50337,6.65992,57
975,339906,7.12212,6.65986,104
976,166226,7.41016,6.65933,64
977,247236,7.40937,6.65886,64
978,160610,7.45833,6.65822,60
979,191972,7.25074,6.65812,81
980,72321,7.33380,6.65786,71
981,1465,6.94528,6.65651,166
982,47185,7.24815,6.65640,81
983,222514,7.74545,6.65625,44
984,279254,7.36103,6.65625,68
985,442,7.12582,6.65605,102
986,226320,7.39262,6.65568,65
987,284936,7.45400,6.65566,60
988,286751,7.98611,6.65561,36
989,298586,7.72000,6.65560,45
990,162286,7.52436,6.65440,55
991,19100,6.97891,6.65363,147
992,103092,7.27429,6.65341,77
993,128931,7.62745,6.65253,49
994,150997,8.10000,6.65247,33
995,172381,7.16473,6.65152,93
996,2163,7.71111,6.65097,45
997,316786,7.71089,6.65086,45
998,492,6.93071,6.65026,170
999,201,6.92744,6.65025,172
1000,202583,7.25316,6.64987,79
1001,334632,7.97333,6.64967,36
1002,25821,6.73079,6.64936,585
1003,272427,7.48263,6.64791,57
1004,102652,7.08781,6.64745,108
1005,120523,7.36803,6.64743,66
1006,132372,7.10366,6.64667,104
1007,285984,7.45085,6.64586,59
1008,340677,7.41182,6.64581,62
1009,481,7.19767,6.64556,86
1010,173101,7.52445,6.64533,54
1011,301716,7.23704,6.64422,80
1012,266504,7.57059,6.64226,51
1013,154386,7.04225,6.64134,118
1014,16992,6.83337,6.64111,246
1015,370591,7.99143,6.64064,35
1016,43152,7.35652,6.64036,66
1017,339484,7.30599,6.64030,71
1018,291508,7.41475,6.64009,61
1019,51,7.10396,6.63725,101
1020,173064,7.87559,6.63624,38
1021,169124,6.92423,6.63549,163
1022,30658,7.44638,6.63516,58
1023,230085,7.27960,6.63511,73
1024,165986,7.53975,6.63503,52
1025,986,6.83546,6.63450,234
1026,206940,7.05114,6.63216,112
1027,214880,7.74643,6.63064,42
1028,157403,7.04381,6.62950,113
1029,252752,7.48000,6.62910,55
1030,326494,7.43554,6.62884,58
1031,270293,7.62293,6.62809,47
1032,172047,7.56200,6.62741,50
1033,218479,7.64130,6.62638,46
1034,262543,7.09783,6.62628,99
1035,904,7.35352,6.62496,64
1036,191051,7.10990,6.62442,96
1037,244992,6.72116,6.62334,476
1038,248125,7.75854,6.62313,41
1039,269595,7.19761,6.62298,81
1040,202408,7.00583,6.62162,121
1041,342848,7.56939,6.62108,49
1042,253743,7.42126,6.62051,58
1043,171233,6.93087,6.61946,149
1044,198454,6.93176,6.61851,148
1045,280453,7.50962,6.61826,52
1046,276894,7.09122,6.61826,98
1047,29972,7.05093,6.61790,107
1048,202670,7.21883,6.61736,77
1049,12346,6.96030,6.61727,135
1050,313262,7.62391,6.61723,46
1051,295607,7.69302,6.61666,43
1052,213266,7.31439,6.61449,66
1053,25669,6.73785,6.61224,367
1054,196326,7.48113,6.61172,53
1055,38713,7.28824,6.61102,68
1056,193214,6.97526,6.61009,126
1057,34084,7.19936,6.60968,78
1058,929,6.74034,6.60968,352
1059,124,7.11429,6.60911,91
1060,284760,7.52700,6.60827,50
1061,328565,7.58511,6.60799,47
1062,194880,6.83395,6.60776,203
1063,285894,7.15321,6.60698,84
1064,336382,7.95588,6.60672,34
1065,251678,6.95311,6.60586,132
1066,317231,7.62444,6.60586,45
1067,204505,7.33175,6.60486,63
1068,4636,6.80200,6.60465,232
1069,34585,6.76407,6.60358,285
1070,54137,6.98637,6.60240,119
1071,27627,7.04567,6.60215,103
1072,151347,7.83554,6.60155,37
1073,86246,7.29318,6.60146,66
1074,197443,7.41518,6.60058,56
1075,146312,7.32349,6.59987,63
1076,199223,6.97606,6.59944,121
1077,116998,7.83035,6.59910,37
1078,284777,7.90000,6.59878,35
1079,199,7.04433,6.59810,102
1080,22141,6.86108,6.59801,173
1081,20,7.49020,6.59791,51
1082,360265,7.56596,6.59781,47
1083,179275,7.06198,6.59771,98
1084,173090,6.75467,6.59586,286
1085,271319,7.36525,6.59559,59
1086,176544,7.51898,6.59377,49
1087,245476,6.91254,6.59339,142
1088,252877,7.32384,6.59308,62
1089,258444,7.07138,6.59053,94
1090,299169,7.07634,6.59038,93
1091,192860,7.10851,6.58946,87
1092,338834,7.56870,6.58818,46
1093,106662,7.01724,6.58782,105
1094,361545,7.87143,6.58570,35
1095,551,7.38839,6.58519,56
1096,327,6.79133,6.58503,218
1097,296912,7.00411,6.58415,107
1098,120217,7.01903,6.58315,103
1099,244331,7.27385,6.58315,65
1100,162823,6.99469,6.58290,109
1101,379078,7.51771,6.58275,48
1102,180040,7.26265,6.58270,66
1103,201921,6.96906,6.58233,116
1104,202426,8.07633,6.58176,30
1105,302098,7.76053,6.58120,38
1106,294612,7.64762,6.58091,42
1107,3955,6.69894,6.58075,379
1108,73369,7.27813,6.57920,64
1109,230200,7.19123,6.57874,73
1110,114031,7.05388,6.57838,94
1111,230267,7.17228,6.57705,75
1112,183006,6.91520,6.57701,132
1113,298065,7.61458,6.57672,43
1114,290484,8.06333,6.57630,30
1115,136991,6.86506,6.57558,154
1116,1829,6.97658,6.57512,111
1117,22825,7.28143,6.57450,63
1118,318009,7.71538,6.57398,39
1119,10640,7.03333,6.57095,96
1120,89952,7.44118,6.57087,51
1121,131014,7.40704,6.57014,53
1122,35761,7.10301,6.56912,83
1123,25224,7.13692,6.56891,78
1124,169255,7.47286,6.56878,49
1125,179572,6.95239,6.56760,115
1126,37907,7.19929,6.56731,70
1127,31730,6.94161,6.56686,118
1128,274841,7.08706,6.56684,85
1129,72225,7.25516,6.56526,64
1130,139030,6.72069,6.56523,284
1131,37387,7.28820,6.56473,61
1132,15818,6.62567,6.56299,703
1133,291962,7.26222,6.56292,63
1134,2842,6.82094,6.56201,170
1135,164338,7.34732,6.56159,56
1136,150145,7.01515,6.56155,97
1137,35435,7.11835,6.56145,79
1138,13780,6.93744,6.56142,117
1139,245487,7.34643,6.56107,56
1140,150999,7.47619,6.56047,48
1141,155624,7.16958,6.55960,72
1142,165948,7.30371,6.55944,59
1143,291845,7.60476,6.55934,42
1144,38862,7.30339,6.55925,59
1145,256589,7.22433,6.55916,66
1146,98527,7.88909,6.55899,33
1147,199383,7.47292,6.55871,48
1148,130176,7.12090,6.55845,78
1149,200853,7.51043,6.55754,46
1150,297978,6.98296,6.55744,103
1151,59,7.33804,6.55625,56
1152,311715,7.70789,6.55603,38
1153,75476,7.39423,6.55406,52
1154,353288,7.76667,6.55360,36
1155,141423,7.48090,6.55262,47
1156,291794,7.91250,6.55108,32
1157,351040,7.42000,6.54977,50
1158,318182,7.63750,6.54974,40
1159,26566,7.03222,6.54908,90
1160,97903,6.90549,6.54908,122
1161,240855,7.49043,6.54702,46
1162,104710,7.22317,6.54585,64
1163,116,6.64154,6.54506,449
1164,361,6.92456,6.54472,114
1165,367662,7.60000,6.54429,41
1166,150312,6.75744,6.54423,203
1167,336794,7.44583,6.54418,48
1168,27364,6.80934,6.54389,163
1169,295895,7.46447,6.54388,47
1170,253284,6.87167,6.54388,132
1171,204516,7.65179,6.54315,39
1172,362452,7.57214,6.54292,42
1173,16496,6.91818,6.54246,115
1174,167513,7.23903,6.54226,62
1175,382843,7.93548,6.54212,31
1176,38386,6.83553,6.54179,147
1177,31563,7.56667,6.54016,42
1178,246761,6.96277,6.54012,102
1179,244536,7.09885,6.53937,77
1180,144415,7.40075,6.53925,50
1181,148575,7.19187,6.53923,66
1182,269752,7.04006,6.53921,86
1183,272533,7.51591,6.53805,44
1184,9220,6.58101,6.53766,992
1185,254226,7.20797,6.53662,64
1186,170416,7.02931,6.53582,87
1187,354,7.15797,6.53578,69
1188,17392,7.72778,6.53553,36
1189,164127,7.41122,6.53540,49
1190,335427,7.24833,6.53402,60
1191,228855,7.75714,6.53338,35
1192,238992,7.27069,6.53270,58
1193,239464,7.01301,6.53227,89
1194,127997,6.91018,6.53174,113
1195,148319,7.57439,6.53155,41
1196,362986,7.68649,6.53125,37
1197,158900,7.11677,6.53124,73
1198,12891,7.57317,6.53095,41
1199,1231,6.94177,6.53091,104
1200,20437,7.38218,6.52909,50
1201,125678,7.45435,6.52803,46
1202,21550,7.12761,6.52767,71
1203,205507,7.54167,6.52758,42
1204,163413,7.28786,6.52741,56
1205,142326,7.26121,6.52716,58
1206,1115,6.73039,6.52676,209
1207,161866,7.64474,6.52582,38
1208,253499,7.41042,6.52517,48
1209,218333,7.12296,6.52474,71
1210,182704,7.03602,6.52444,83
1211,300217,7.26936,6.52443,57
1212,823,6.66183,6.52402,308
1213,243,7.70278,6.52391,36
1214,255674,7.21733,6.52254,61
1215,309105,7.32170,6.52225,53
1216,206803,7.66730,6.52220,37
1217,184151,7.80242,6.52057,33
1218,300753,7.43870,6.51980,46
1219,92319,7.02892,6.51970,83
1220,163166,7.23486,6.51900,59
1221,71836,6.84551,6.51832,129
1222,285208,7.87742,6.51727,31
1223,624,6.77127,6.51726,166
1224,76150,6.88986,6.51687,113
1225,271088,7.04250,6.51607,80
1226,66356,7.10845,6.51558,71
1227,7805,6.84042,6.51254,128
1228,59946,6.90327,6.51146,107
1229,104347,7.10986,6.51114,70
1230,154458,7.19689,6.51036,61
1231,153,6.65149,6.51005,296
1232,29368,6.88037,6.50993,113
1233,634,6.73930,6.50941,182
1234,368058,7.08137,6.50866,73
1235,385761,7.73824,6.50864,34
1236,329845,7.10586,6.50863,70
1237,236461,7.43751,6.50856,45
1238,317504,7.15142,6.50840,65
1239,355483,7.13134,6.50785,67
1240,203417,6.93732,6.50702,97
1241,135219,7.73265,6.50612,34
1242,216497,7.35714,6.50610,49
1243,352515,7.49762,6.50541,42
1244,160851,6.77206,6.50503,156
1245,257769,7.22224,6.50444,58
1246,218293,6.99331,6.50382,85
1247,85005,6.92348,6.50339,99
1248,38996,7.88667,6.50212,30
1249,145659,7.25582,6.50126,55
1250,119788,6.99512,6.50113,84
1251,206051,7.21603,6.50082,58
1252,144797,7.40109,6.50002,46
1253,246816,7.16774,6.49953,62
1254,350458,7.50732,6.49820,41
1255,363369,7.37830,6.49809,47
1256,234669,7.37809,6.49798,47
1257,253214,7.05581,6.49724,74
1258,154086,7.45814,6.49706,43
1258,218509,7.45814,6.49706,43
1260,132018,7.58158,6.49561,38
1261,252526,7.61081,6.49556,37
1262,22766,7.52704,6.49550,40
1263,224597,7.87000,6.49512,30
1264,182694,7.45349,6.49469,43
1265,253684,7.16967,6.49416,61
1266,66587,7.00888,6.49392,80
1267,159504,7.82258,6.49381,31
1268,30933,6.92737,6.49378,95
1269,123499,7.49829,6.49371,41
1270,272738,7.11742,6.49350,66
1271,312267,7.34839,6.49188,48
1272,267271,7.77562,6.49144,32
1273,21523,6.89216,6.48990,102
1274,248158,7.42168,6.48953,44
1275,45358,7.18305,6.48857,59
1276,8190,6.86422,6.48838,109
1277,101785,7.06479,6.48801,71
1278,270971,7.17966,6.48658,59
1279,174570,7.65429,6.48628,35
1280,180325,7.04589,6.48603,73
1281,188547,7.65143,6.48498,35
1282,115,7.21250,6.48411,56
1283,216201,7.11077,6.48357,65
1284,356414,7.84167,6.48323,30
1285,176371,7.23704,6.48273,54
1286,195162,7.22273,6.48239,55
1287,17240,6.81590,6.48221,122
1288,154182,7.23519,6.48168,54
1289,198830,7.75312,6.48164,32
1290,67492,7.55026,6.48064,38
1291,244916,6.96979,6.48027,83
1292,5716,6.63343,6.48013,265
1293,21791,6.86333,6.48009,106
1294,183231,7.02838,6.47966,74
1295,338957,7.52051,6.47951,39
1296,250881,7.70909,6.47920,33
1296,345377,7.70909,6.47920,33
1298,65515,6.82288,6.47900,118
1299,121297,6.96030,6.47781,84
1300,274124,7.82867,6.47777,30
1301,297895,6.91341,6.47768,93
1302,272682,7.57027,6.47644,37
1303,165950,6.76877,6.47571,138
1304,43443,6.76769,6.47488,138
1305,254088,6.97813,6.47366,80
1306,394,6.60454,6.47201,304
1307,13884,7.47750,6.47117,40
1308,147253,7.21481,6.47016,54
1309,4394,6.93605,6.46902,86
1310,1634,7.44542,6.46742,41
1311,285533,7.37784,6.46696,44
1312,75091,7.03014,6.46613,71
1313,183562,7.60971,6.46588,35
1314,16747,7.02097,6.46528,72
1315,56692,7.04493,6.46516,69
1316,75165,7.43902,6.46424,41
1317,38159,7.29635,6.46396,48
1318,27976,7.67273,6.46308,33
1319,234477,7.33000,6.46262,46
1320,233208,7.79244,6.46256,30
1321,172242,6.71188,6.46253,160
1322,368017,7.41190,6.46227,42
1323,108784,7.51184,6.46226,38
1324,366752,7.29271,6.46201,48
1325,167270,7.51053,6.46163,38
1326,1117,6.60659,6.46073,273
1327,185589,7.17107,6.46030,56
1328,16395,6.78121,6.46024,124
1329,305682,7.19580,6.45940,54
1330,252446,7.66364,6.45905,33
1331,46,6.92659,6.45897,85
1332,55697,7.47436,6.45713,39
1333,209325,7.05682,6.45627,66
1334,151004,7.47256,6.45626,39
1335,232988,6.95722,6.45576,79
1336,24509,6.63905,6.45566,216
1337,121410,7.04464,6.45429,67
1338,34297,6.85104,6.45233,99
1339,158275,7.23900,6.45081,50
1340,102548,6.92470,6.45019,83
1341,233678,6.90272,6.45009,87
1342,242653,7.71935,6.44964,31
1343,135779,6.98108,6.44934,74
1344,66056,6.88617,6.44908,90
1345,236781,7.67812,6.44896,32
1346,127095,7.19009,6.44840,53
1347,17329,6.71374,6.44678,147
1348,300442,7.24694,6.44639,49
1349,163602,6.84990,6.44577,97
1350,301767,6.92317,6.44533,82
1351,120,6.71517,6.44503,145
1352,255507,6.81765,6.44472,105
1353,104020,7.21176,6.44431,51
1354,24068,6.87407,6.44407,91
1355,337765,7.47368,6.44401,38
1356,26990,7.08492,6.44369,61
1357,240567,7.19500,6.44319,52
1358,258036,6.95017,6.44271,77
1359,531,6.95526,6.44169,76
1360,56885,7.16352,6.44114,54
1361,16986,6.63376,6.43993,201
1362,38765,7.73333,6.43774,30
1363,184459,7.30042,6.43719,45
1364,195544,7.00000,6.43709,69
1365,166669,7.57941,6.43706,34
1366,36522,7.07377,6.43706,61
1367,297129,7.16981,6.43702,53
1368,293889,7.19843,6.43695,51
1369,57660,7.43128,6.43625,39
1370,355888,7.54286,6.43527,35
1371,302,7.21000,6.43495,50
1372,197070,7.11351,6.43419,57
1373,193927,7.40000,6.43310,40
1374,147303,7.19137,6.43306,51
1375,37734,6.78144,6.43304,111
1376,87890,7.00987,6.43281,67
1377,384,7.64062,6.43263,32
1378,277597,7.25319,6.43162,47
1379,200077,6.95967,6.43104,73
1380,98,6.71630,6.43058,135
1381,104363,7.14352,6.42982,54
1382,168584,7.26739,6.42969,46
1383,221318,7.47108,6.42965,37
1384,148601,7.49722,6.42836,36
1385,244918,7.41487,6.42830,39
1386,274466,7.44079,6.42827,38
1387,285253,7.05738,6.42730,61
1388,248065,7.59091,6.42682,33
1389,232,7.03651,6.42677,63
1390,242684,7.26043,6.42603,46
1391,119,7.01600,6.42571,65
1392,128780,7.66129,6.42479,31
1393,240196,7.48889,6.42449,36
1394,213984,7.48889,6.42449,36
1395,111799,7.43158,6.42387,38
1396,9215,7.58333,6.42346,33
1397,233955,6.94553,6.42202,73
1398,37400,6.59635,6.42187,219
1399,245931,7.06949,6.42187,59
1400,5781,6.94411,6.42111,73
1401,178336,7.28750,6.42044,44
1402,13308,6.56879,6.42036,257
1403,94362,7.12611,6.41997,54
1404,205716,7.30605,6.41961,43
1405,275467,7.06441,6.41888,59
1406,152470,7.57273,6.41876,33
1407,29839,7.02063,6.41720,63
1408,284108,7.36750,6.41714,40
1409,36708,7.39128,6.41686,39
1410,251412,6.89189,6.41686,80
1411,82421,7.56667,6.41607,33
1412,266083,6.63218,6.41437,174
1413,191004,6.91105,6.41308,76
1414,38506,7.15490,6.41294,51
1415,322588,7.10055,6.41272,55
1416,65901,7.40789,6.41254,38
1417,113636,7.23478,6.41254,46
1418,351526,7.63226,6.41237,31
1419,249277,7.35750,6.41223,40
1420,128898,7.07544,6.41215,57
1421,13823,7.03082,6.41148,61
1422,176229,6.73681,6.41122,116
1423,98351,7.09636,6.41033,55
1424,24800,7.42973,6.41015,37
1425,269160,7.02623,6.40875,61
1426,21920,6.86205,6.40841,83
1427,438,6.52734,6.40821,316
1428,18100,6.96985,6.40808,67
1429,41010,6.61530,6.40749,181
1430,85256,6.70800,6.40719,125
1431,291859,7.10185,6.40625,54
1432,249763,7.07500,6.40509,56
1433,239840,6.91876,6.40494,73
1434,236217,7.11132,6.40420,53
1435,18258,6.96239,6.40347,67
1436,28089,6.80430,6.40220,93
1437,902,7.10755,6.40208,53
1438,195314,6.86800,6.40112,80
1439,218920,7.24773,6.39996,44
1440,179460,7.56562,6.39995,32
1441,19237,6.54944,6.39968,249
1442,6411,6.88974,6.39929,76
1443,2476,7.30488,6.39753,41
1444,134453,7.03879,6.39745,58
1445,195560,7.63667,6.39715,30
1446,226520,7.26186,6.39711,43
1447,272453,7.12569,6.39682,51
1448,242804,7.52121,6.39592,33
1449,15033,6.79861,6.39527,92
1450,332944,7.32250,6.39504,40
1451,42124,7.48529,6.39465,34
1452,157809,6.84659,6.39446,82
1453,168917,7.25651,6.39439,43
1454,269603,7.10278,6.39187,52
1455,15511,6.63603,6.39136,151
1456,135382,7.33590,6.39001,39
1457,231218,7.54219,6.38974,32
1458,240,7.12600,6.38902,50
1459,359970,7.02414,6.38890,58
1460,4192,7.26429,6.38797,42
1461,141517,7.30750,6.38768,40
1462,204135,6.96984,6.38656,63
1463,55253,6.70754,6.38557,114
1464,35497,7.20000,6.38492,45
1465,2397,6.63766,6.38475,145
1466,194690,7.03929,6.38457,56
1467,261114,7.13265,6.38448,49
1468,183571,7.25729,6.38445,42
1469,108,6.90757,6.38409,70
1470,177524,6.65541,6.38400,135
1471,184704,7.34737,6.38359,38
1472,264647,7.32051,6.38255,39
1473,299592,6.82780,6.38199,82
1474,205597,7.23070,6.38125,43
1475,244191,6.96935,6.38063,62
1476,111105,7.45294,6.38007,34
1477,22278,6.85987,6.37996,76
1478,81453,6.84127,6.37971,79
1479,41916,6.73574,6.37868,102
1480,34194,7.01754,6.37863,57
1481,925,6.98500,6.37828,60
1482,24773,7.04000,6.37819,55
1483,240225,6.88333,6.37793,72
1484,49,6.65356,6.37790,132
1485,192455,6.99420,6.37764,59
1486,244654,6.98264,6.37688,60
1487,280136,7.20273,6.37679,44
1488,82420,7.47576,6.37577,33
1489,1568,6.79767,6.37565,86
1490,22192,7.20000,6.37538,44
1490,143401,7.20000,6.37538,44
1492,268620,6.64962,6.37490,132
1493,83040,7.50812,6.37490,32
1494,269725,6.81707,6.37486,82
1495,243696,7.25732,6.37388,41
1496,30645,7.23571,6.37359,42
1497,105,6.88042,6.37160,71
1498,198138,7.25122,6.37085,41
1499,43868,6.77476,6.36972,89
1500,382,6.62418,6.36879,141
1501,4396,6.91439,6.36879,66
1502,16267,6.79071,6.36763,85
1503,180680,7.11552,6.36692,48
1504,18866,6.53714,6.36618,210
1505,218208,6.91615,6.36474,65
1506,177197,7.02648,6.36361,54
1507,23094,7.06490,6.36329,51
1508,206084,7.41471,6.36284,34
1509,3570,6.64187,6.36256,128
1510,252929,6.74699,6.36256,93
1511,300001,6.86549,6.36217,71
1512,2533,7.15622,6.36213,45
1513,173092,6.71486,6.36137,101
1514,85325,7.44242,6.36100,33
1515,298638,7.44242,6.36100,33
1516,178054,7.25200,6.36042,40
1517,287589,7.11891,6.36026,47
1518,141572,7.08776,6.36016,49
1519,232918,6.86155,6.35968,71
1520,330174,7.20714,6.35921,42
1521,22348,6.79832,6.35884,81
1522,273330,7.50473,6.35780,31
1523,221,7.16364,6.35666,44
1524,177659,7.54000,6.35656,30
1525,242,7.00182,6.35642,55
1526,112138,6.86157,6.35519,70
1527,112686,7.10915,6.35507,47
1528,32441,6.90734,6.35416,64
1529,205045,7.26154,6.35396,39
1530,200057,7.53333,6.35376,30
1531,299838,7.42424,6.35294,33
1532,60435,6.98313,6.35230,56
1533,299047,7.39118,6.35224,34
1534,145588,7.33333,6.35218,36
1535,286,6.87059,6.35154,68
1536,91514,6.81592,6.35152,76
1537,494,6.51718,6.35149,213
1538,220133,7.41818,6.35025,33
1539,222219,7.06939,6.35021,49
1540,321108,7.02692,6.34967,52
1541,347013,7.30000,6.34896,37
1542,140535,6.97661,6.34855,56
1543,249,6.85071,6.34837,70
1544,131366,6.51768,6.34790,207
1545,131835,6.72139,6.34764,94
1546,288513,6.88769,6.34736,65
1547,2987,6.57673,6.34722,153
1548,28723,6.74169,6.34715,89
1549,36946,6.70541,6.34712,98
1550,19948,6.80855,6.34675,76
1551,168609,7.06165,6.34602,49
1552,228959,7.31667,6.34443,36
1553,915,6.52245,6.34397,196
1554,153623,7.12016,6.34336,45
1555,254386,7.12000,6.34328,45
1556,223770,7.01538,6.34325,52
1557,182082,7.23877,6.34292,39
1558,67185,6.84790,6.34207,69
1559,123219,6.91311,6.34140,61
1560,392023,7.39697,6.34085,33
1561,300010,7.13068,6.33969,44
1562,187653,7.39249,6.33886,33
1563,3565,7.42500,6.33868,32
1564,224,7.11111,6.33865,45
1565,19526,6.89839,6.33810,62
1566,3139,6.96967,6.33809,55
1567,46158,7.12614,6.33735,44
1568,306882,7.32857,6.33716,35
1569,111148,6.64955,6.33700,111
1570,1042,6.65514,6.33690,109
1571,231484,7.27405,6.33673,37
1572,176083,6.69793,6.33668,96
1573,293264,7.35647,6.33660,34
1574,56931,7.16190,6.33644,42
1575,160559,7.07319,6.33597,47
1576,8129,7.00192,6.33575,52
1577,29223,6.73391,6.33574,87
1578,175324,6.71593,6.33542,91
1579,131646,7.10400,6.33495,45
1580,181810,6.78352,6.33438,77
1581,209001,7.19750,6.33366,40
1582,195528,7.08370,6.33306,46
1583,191597,7.04792,6.33065,48
1584,59429,7.01800,6.32998,50
1585,939,7.47667,6.32997,30
1586,19999,6.75432,6.32974,81
1587,85036,7.28333,6.32894,36
1588,331265,7.43548,6.32817,31
1589,344768,7.40000,6.32779,32
1590,234396,6.61605,6.32774,119
1591,163370,7.16390,6.32743,41
1592,210274,7.01180,6.32659,50
1593,142057,7.36364,6.32607,33
1594,124590,6.82217,6.32600,69
1595,349463,7.15854,6.32476,41
1596,146943,7.13810,6.32446,42
1597,12761,6.82647,6.32413,68
1598,42743,6.80493,6.32393,71
1599,234621,7.32794,6.32374,34
1600,205359,7.06596,6.32373,46
1601,192945,7.24595,6.32347,37
1602,171011,6.78347,6.32268,74
1603,2507,7.24324,6.32220,37
1604,41569,6.92946,6.32146,56
1605,232666,6.81278,6.32013,69
1606,228504,6.97308,6.31970,52
1607,295488,7.18974,6.31916,39
1608,144529,7.18951,6.31905,39
1609,56786,6.59056,6.31899,125
1610,325698,6.91439,6.31891,57
1611,67180,6.92321,6.31787,56
1612,223855,7.08636,6.31687,44
1613,302524,7.25556,6.31603,36
1614,433,6.85238,6.31571,63
1615,1915,7.20526,6.31562,38
1616,116954,6.70828,6.31533,86
1617,171879,7.33939,6.31533,33
1618,144526,6.77189,6.31526,74
1619,144041,7.44030,6.31470,30
1620,146816,7.03238,6.31428,47
1621,159109,7.06267,6.31343,45
1622,143405,7.07955,6.31336,44
1623,45748,6.96058,6.31275,52
1624,198740,7.15475,6.31266,40
1625,151771,7.24722,6.31215,36
1626,1107,6.76000,6.31152,75
1627,137649,7.43000,6.31037,30
1628,137290,6.94377,6.31018,53
1629,17161,6.79667,6.31006,69
1630,163805,7.03913,6.30962,46
1631,181293,6.67771,6.30915,91
1632,94480,6.73291,6.30864,79
1633,827,6.58950,6.30805,119
1634,234948,7.06818,6.30750,44
1635,878,6.70595,6.30750,84
1636,269041,6.90446,6.30709,56
1637,191300,7.32061,6.30700,33
1638,117,6.80537,6.30647,67
1639,30662,7.01702,6.30612,47
1640,271869,6.76342,6.30586,73
1641,144553,6.67288,6.30584,91
1642,352697,7.41833,6.30548,30
1643,187680,7.31500,6.30452,33
1644,203430,6.83381,6.30451,63
1645,98918,7.20330,6.30336,37
1646,176558,6.53587,6.30310,143
1647,277458,6.54883,6.30246,135
1648,40760,6.69824,6.30234,84
1649,12477,6.88575,6.30232,57
1650,36811,6.90545,6.30146,55
1651,4209,6.77571,6.30127,70
1652,85250,6.99271,6.30102,48
1653,220632,7.37161,6.30084,31
1654,174660,6.63579,6.30060,99
1655,202,6.67303,6.30032,89
1656,281075,6.91372,6.29981,54
1657,206327,7.10732,6.29929,41
1658,156776,7.30303,6.29921,33
1659,33451,7.08764,6.29907,42
1660,1403,6.71772,6.29868,79
1661,143185,6.98813,6.29856,48
1662,248117,7.06814,6.29847,43
1663,38863,7.03333,6.29816,45
1664,227456,7.36344,6.29735,31
1665,17223,6.69036,6.29706,84
1666,103185,7.29788,6.29693,33
1667,312251,7.10244,6.29686,41
1668,37731,7.24000,6.29661,35
1669,283649,6.71333,6.29580,79
1670,63268,6.42251,6.29525,259
1671,1155,6.90556,6.29519,54
1672,20100,6.76357,6.29364,70
1673,95064,7.38833,6.29288,30
1674,139562,7.20474,6.29241,36
1675,42444,7.18000,6.29237,37
1676,257759,6.66536,6.29222,88
1677,34615,6.57240,6.29187,117
1678,134253,6.77412,6.29161,68
1679,71074,7.02000,6.29122,45
1680,526,6.45507,6.29112,200
1681,246567,7.38333,6.29078,30
1681,267979,7.38333,6.29078,30
1683,323613,7.22571,6.29007,35
1684,174078,7.01778,6.29007,45
1685,148951,6.61729,6.28989,100
1686,39953,6.88482,6.28970,55
1687,156689,7.34550,6.28967,31
1688,233262,6.97125,6.28950,48
1689,715,6.68325,6.28916,83
1690,157096,6.83400,6.28897,60
1691,119591,6.82387,6.28826,61
1692,239472,7.34194,6.28815,31
1693,83195,6.41221,6.28761,262
1694,152162,6.88018,6.28705,55
1695,9203,6.60652,6.28680,102
1696,166571,7.33871,6.28677,31
1697,12495,6.87818,6.28591,55
1698,143175,7.21429,6.28484,35
1699,231280,6.73561,6.28418,72
1700,269146,7.33226,6.28401,31
1701,3234,6.83475,6.28398,59
1702,329593,7.11667,6.28373,39
1703,207330,7.00556,6.28370,45
1704,364488,6.91765,6.28206,51
1705,158572,6.84086,6.28201,58
1706,295948,7.00140,6.28154,45
1707,29073,6.90385,6.28118,52
1708,13551,6.77923,6.28113,65
1709,19841,6.70130,6.28093,77
1710,316858,7.08625,6.27902,40
1711,235375,6.76090,6.27899,67
1712,20080,6.55119,6.27793,118
1713,257527,6.87481,6.27780,54
1714,165662,6.87446,6.27760,54
1715,159503,7.31548,6.27683,31
1716,3931,6.78730,6.27646,63
1717,195043,6.79387,6.27546,62
1718,139033,7.22059,6.27536,34
1719,275044,7.24848,6.27503,33
1720,18500,7.00455,6.27474,44
1721,128554,6.69143,6.27451,77
1722,90040,6.80070,6.27447,61
1723,37371,6.71917,6.27374,72
1724,10093,6.78254,6.27359,63
1725,147930,7.07450,6.27325,40
1726,348554,7.30645,6.27296,31
1727,348447,7.18571,6.27176,35
1728,5795,6.92449,6.27171,49
1729,122,6.66272,6.26914,81
1730,559,6.48951,6.26835,144
1731,161882,7.15278,6.26825,36
1732,191986,6.86887,6.26814,53
1733,248900,7.12703,6.26738,37
1734,35815,7.00698,6.26733,43
1735,15318,6.68474,6.26663,76
1736,224272,6.66835,6.26630,79
1737,137031,7.00465,6.26615,43
1738,15290,6.69527,6.26614,74
1739,314088,7.22727,6.26563,33
1740,19301,6.51611,6.26459,126
1741,117960,6.68976,6.26261,74
1742,143404,6.98068,6.26245,44
1743,932,7.05250,6.26244,40
1744,264239,6.62990,6.26244,86
1745,24310,6.70083,6.26211,72
1746,142992,7.03222,6.26194,41
1747,183880,6.73318,6.26186,67
1748,254192,6.90408,6.26065,49
1749,107255,7.06795,6.26011,39
1750,265285,7.13444,6.25973,36
1751,32382,6.85226,6.25883,53
1752,259081,6.98935,6.25836,43
1753,300936,6.94130,6.25816,46
1754,130792,7.18235,6.25813,34
1755,11971,6.40669,6.25782,211
1756,143986,6.70643,6.25775,70
1757,265,6.68149,6.25731,74
1758,276830,7.12778,6.25663,36
1759,29937,6.83704,6.25643,54
1760,106999,6.57887,6.25588,97
1761,205418,7.03750,6.25508,40
1762,62871,6.39960,6.25477,216
1763,15510,6.57367,6.25454,98
1764,253635,7.20000,6.25354,33
1765,811,6.31463,6.25307,507
1766,37628,6.90333,6.25306,48
1767,140343,7.22812,6.25291,32
1768,119391,7.17044,6.25277,34
1769,75212,7.11667,6.25147,36
1770,237706,7.19394,6.25085,33
1771,215842,6.87320,6.25081,50
1772,218530,6.70145,6.25058,69
1773,327971,6.84712,6.24961,52
1774,164265,7.02500,6.24894,40
1775,163920,7.04487,6.24893,39
1776,40270,7.06579,6.24891,38
1777,253185,7.13547,6.24876,35
1778,18745,6.85490,6.24744,51
1779,189067,6.79089,6.24741,57
1780,24417,6.84192,6.24672,52
1781,215841,6.91935,6.24661,46
1782,207207,7.12886,6.24573,35
1783,5072,7.10422,6.24568,36
1784,58110,7.08081,6.24558,37
1785,335609,6.75164,6.24525,61
1786,249381,6.97869,6.24423,42
1787,15600,6.96047,6.24365,43
1788,12005,6.63367,6.24355,79
1789,235922,6.76441,6.24267,59
1790,6351,7.07459,6.24265,37
1791,88126,6.70149,6.24229,67
1792,160018,7.07378,6.24227,37
1793,204,6.46230,6.24126,139
1794,195856,7.23226,6.24122,31
1795,113401,6.84118,6.23987,51
1796,56707,6.89149,6.23941,47
1797,35503,6.92000,6.23917,45
1798,179350,7.26000,6.23899,30
1799,1897,6.90435,6.23872,46
1800,182189,6.66378,6.23859,72
1801,134157,6.82596,6.23784,52
1802,118418,6.80370,6.23757,54
1803,204281,6.91622,6.23720,45
1804,72,6.94651,6.23654,43
1805,218311,6.63247,6.23618,77
1806,466,6.52933,6.23600,104
1807,40769,6.62215,6.23600,79
1808,141736,6.94419,6.23536,43
1809,128,6.55208,6.23482,96
1810,346482,7.25000,6.23479,30
1811,169649,7.03158,6.23255,38
1812,54735,6.45196,6.23208,138
1813,129736,6.61392,6.23060,79
1814,2122,7.04865,6.23042,37
1815,233020,6.65522,6.22940,71
1816,32125,6.43216,6.22822,148
1817,10997,6.83100,6.22773,50
1818,267,6.69875,6.22756,64
1819,309430,7.19939,6.22715,31
1820,82168,6.75491,6.22657,57
1821,96613,6.76330,6.22597,56
1822,108161,6.74466,6.22590,58
1823,189030,6.46633,6.22570,125
1824,265683,6.77182,6.22526,55
1825,17027,6.77091,6.22474,55
1826,36648,6.86387,6.22474,47
1827,34707,6.93857,6.22404,42
1828,230089,6.95488,6.22348,41
1829,9446,6.32540,6.22341,294
1830,347137,7.15937,6.22296,32
1831,70,6.49917,6.22205,108
1832,9910,6.76364,6.22059,55
1833,207991,7.02703,6.22022,37
1834,172225,6.28066,6.22001,492
1835,6281,6.72542,6.21977,59
1836,320819,7.21333,6.21940,30
1837,1198,6.35138,6.21844,224
1838,34320,6.78846,6.21697,52
1839,172547,7.11727,6.21687,33
1840,143157,6.70361,6.21665,61
1841,175293,7.01811,6.21601,37
1842,132,6.34246,6.21569,234
1843,3141,6.76389,6.21505,54
1844,1323,7.14062,6.21479,32
1845,257614,6.85870,6.21471,46
1846,262477,6.73158,6.21306,57
1847,153425,6.71356,6.21280,59
1848,40237,6.93171,6.21196,41
1849,112373,6.56723,6.21178,83
1850,7,6.86667,6.21141,45
1851,66085,7.13281,6.21138,32
1852,180564,6.73633,6.21047,56
1853,14254,7.07647,6.21042,34
1854,123123,7.07647,6.21042,34
1855,244995,6.79800,6.20969,50
1856,123570,6.82083,6.20879,48
1857,298102,7.15645,6.20878,31
1858,2535,6.63971,6.20810,68
1859,217085,6.79400,6.20750,50
1860,157088,6.92268,6.20747,41
1861,256065,6.85692,6.20633,45
1862,241831,6.80116,6.20490,49
1863,181345,6.51539,6.20467,94
1864,246297,6.66825,6.20465,63
1865,78954,7.01389,6.20369,36
1866,205046,6.86477,6.20276,44
1867,9027,6.79592,6.20206,49
1868,3085,6.91075,6.20154,41
1869,129050,6.78100,6.20039,50
1870,215840,6.98378,6.19982,37
1871,155695,6.75314,6.19732,52
1872,22245,6.88452,6.19684,42
1873,229,6.53140,6.19597,86
1874,148290,6.72000,6.19571,55
1875,31133,6.74904,6.19504,52
1876,192074,6.95000,6.19353,38
1877,2093,6.60229,6.19234,70
1878,254110,6.94737,6.19227,38
1879,281960,6.66972,6.19181,60
1880,124172,6.71291,6.19166,55
1881,8195,6.90625,6.19062,40
1882,130006,6.82667,6.19058,45
1883,367047,7.11355,6.19042,31
1884,214032,6.78542,6.18978,48
1885,15364,6.92051,6.18864,39
1886,358124,7.14000,6.18861,30
1887,17710,6.80870,6.18841,46
1888,25114,6.83636,6.18813,44
1888,261901,6.83636,6.18813,44
1890,191925,6.45222,6.18813,108
1891,161226,6.89925,6.18718,40
1892,9,6.78936,6.18514,47
1893,203780,6.75260,6.18487,50
1894,144826,6.80185,6.18480,46
1895,80979,6.84488,6.18480,43
1896,25234,6.47979,6.18433,96
1897,299252,6.85952,6.18425,42
1898,58936,6.87561,6.18406,41
1899,20782,6.89250,6.18387,40
1900,151247,6.99146,6.18283,35
1901,179303,6.72615,6.18230,52
1902,193308,6.70593,6.18225,54
1903,189052,6.64426,6.18132,61
1904,279869,7.12167,6.18091,30
1905,225729,6.98714,6.18085,35
1906,67888,7.06250,6.18075,32
1907,267133,7.12000,6.18021,30
1908,73,6.98571,6.18020,35
1909,341496,7.00882,6.17993,34
1910,329450,6.81818,6.17877,44
1911,330036,6.86341,6.17800,41
1912,224031,6.69829,6.17793,54
1913,245045,6.67857,6.17728,56
1914,149155,6.70679,6.17719,53
1915,701,6.84524,6.17706,42
1916,184700,7.08065,6.17634,31
1917,192638,6.68545,6.17601,55
1918,24827,6.91316,6.17591,38
1919,6366,6.49318,6.17517,88
1920,129051,6.82435,6.17434,43
1921,238393,7.04688,6.17394,32
1922,191894,6.88974,6.17372,39
1923,319793,6.71961,6.17281,51
1924,175199,6.90579,6.17239,38
1925,246200,7.07032,6.17193,31
1926,19996,6.72800,6.17142,50
1927,192120,6.64237,6.17099,59
1928,219232,6.76043,6.16977,47
1929,217,6.38952,6.16934,126
1930,19348,7.09000,6.16761,30
1931,63706,6.43346,6.16745,104
1932,155969,6.74250,6.16675,48
1933,30356,6.87282,6.16552,39
1934,552,7.08417,6.16516,30
1935,300583,7.05161,6.16392,31
1936,12589,6.78864,6.16356,44
1937,296167,6.97059,6.16270,34
1938,140717,6.81552,6.16211,42
1939,172584,6.96882,6.16191,34
1940,181524,6.88158,6.16081,38
1941,180852,6.58109,6.16014,65
1942,218129,6.82683,6.15981,41
1943,320718,6.66568,6.15948,54
1944,153507,6.62203,6.15904,59
1945,191572,6.62186,6.15894,59
1946,1234,6.57273,6.15892,66
1947,271530,6.87638,6.15832,38
1948,277405,7.06667,6.15782,30
1949,103649,6.29253,6.15760,202
1950,175621,6.48580,6.15747,83
1951,154003,6.56418,6.15745,67
1952,236248,6.91389,6.15721,36
1953,223,6.76222,6.15704,45
1954,35505,6.73404,6.15575,47
1955,24762,6.93143,6.15534,35
1956,135116,6.72083,6.15513,48
1957,118410,6.43402,6.15439,97
1958,37120,6.33204,6.15377,152
1959,180602,6.55791,6.15358,67
1960,228660,7.02645,6.15315,31
1961,191538,6.64364,6.15216,55
1962,21892,6.64273,6.15164,55
1963,472,6.96970,6.15146,33
1964,118536,7.04833,6.15012,30
1965,38531,6.74667,6.14894,45
1966,269199,7.01613,6.14874,31
1967,691,6.53286,6.14873,70
1968,257380,6.82000,6.14826,40
1969,91534,6.30888,6.14804,167
1970,267813,6.70708,6.14775,48
1971,131325,6.80244,6.14768,41
1972,7479,6.58066,6.14767,62
1973,194626,6.51534,6.14763,73
1974,67239,6.78571,6.14711,42
1975,118695,6.98438,6.14671,32
1976,1295,6.87108,6.14667,37
1977,25261,6.65094,6.14585,53
1978,39339,6.71489,6.14557,47
1979,3243,6.36620,6.14519,121
1980,3267,6.43172,6.14448,93
1981,139326,6.66784,6.14425,51
1982,26,6.97813,6.14399,32
1983,375651,7.00323,6.14322,31
1984,16216,6.54697,6.14310,66
1985,205610,6.79122,6.14210,41
1986,24037,6.55108,6.14181,65
1987,20022,6.77500,6.14171,42
1988,27356,6.58983,6.14013,59
1989,294448,6.70404,6.13981,47
1990,354729,6.58167,6.13973,60
1991,252556,6.94242,6.13937,33
1992,99975,6.77024,6.13932,42
1993,148943,6.87500,6.13913,36
1994,178134,6.99194,6.13838,31
1995,8098,6.19272,6.13787,482
1996,2165,6.47215,6.13762,79
1997,19643,6.96312,6.13745,32
1998,370164,6.89143,6.13703,35
1999,193739,6.93636,6.13668,33
2000,118247,6.48800,6.13633,75
2001,176803,6.98710,6.13631,31
2002,10081,6.84865,6.13609,37
2003,141,6.40152,6.13546,99
2004,172560,6.65098,6.13495,51
2005,245271,6.82686,6.13463,38
2006,3679,6.88571,6.13441,35
2007,9441,6.82632,6.13437,38
2008,348096,6.75952,6.13392,42
2009,154443,6.70261,6.13260,46
2010,12632,6.84054,6.13226,37
2011,69552,6.31272,6.13205,145
2012,320390,6.74099,6.13189,43
2013,248909,6.49444,6.13112,72
2014,883,6.56500,6.12988,60
2015,226518,6.87143,6.12787,35
2016,95103,6.74429,6.12625,42
2017,257,6.68913,6.12551,46
2018,7806,6.47297,6.12365,74
2019,128063,6.90606,6.12325,33
2020,302260,6.45192,6.12161,78
2021,128442,6.83611,6.12106,36
2022,90305,6.38854,6.12060,96
2023,348,6.79474,6.11927,38
2024,2569,6.53226,6.11867,62
2025,8172,6.67609,6.11865,46
2026,37231,6.77564,6.11841,39
2027,103686,6.81081,6.11824,37
2028,1219,6.20436,6.11784,296
2029,66849,6.74146,6.11736,41
2030,8147,6.62600,6.11565,50
2031,39088,6.43312,6.11466,80
2032,23730,6.96333,6.11443,30
2033,256,6.43671,6.11437,79
2034,147116,6.90688,6.11295,32
2035,145645,6.85735,6.11168,34
2036,219708,6.61620,6.11029,50
2037,171890,6.58736,6.11017,53
2038,134352,6.87576,6.10982,33
2039,192947,6.61500,6.10963,50
2040,230358,6.85271,6.10958,34
2041,266179,6.95000,6.10883,30
2042,1116,6.94600,6.10715,30
2043,145203,6.50635,6.10700,63
2044,249730,6.91613,6.10595,31
2045,192343,6.66242,6.10509,45
2046,1125,6.66222,6.10498,45
2047,282463,6.69910,6.10351,42
2048,73316,6.86061,6.10310,33
2049,5770,6.43919,6.10200,74
2050,220775,6.73897,6.10063,39
2051,296043,6.90197,6.09989,31
2052,30539,6.31728,6.09936,114
2053,182351,6.82941,6.09908,34
2054,135654,6.87503,6.09907,32
2055,200726,6.61563,6.09867,48
2056,175,6.86875,6.09634,32
2057,135649,6.49274,6.09498,62
2058,12692,6.29120,6.09418,125
2059,2363,6.56731,6.09391,52
2060,63759,6.60133,6.09100,48
2061,71061,6.64773,6.09100,44
2062,257726,6.51992,6.09052,57
2063,4249,6.60851,6.08904,47
2064,908,6.26522,6.08847,138
2065,28259,6.56667,6.08844,51
2066,25213,6.44622,6.08788,68
2067,92643,6.52143,6.08698,56
2068,75547,6.69500,6.08687,40
2069,22287,6.52054,6.08646,56
2070,177079,6.61074,6.08428,46
2071,117985,6.83906,6.08340,32
2072,217475,6.38489,6.08289,80
2073,700,6.48544,6.08282,60
2074,181404,6.47856,6.08265,61
2075,21287,6.38000,6.08212,81
2076,2596,6.31359,6.08014,103
2077,232520,6.85484,6.07972,31
2078,233676,6.43723,6.07902,67
2079,31497,6.71053,6.07899,38
2080,230383,6.82812,6.07864,32
2081,81691,6.87767,6.07846,30
2082,128412,6.61111,6.07838,45
2083,1376,6.56735,6.07823,49
2084,193210,6.65976,6.07672,41
2085,162107,6.32315,6.07672,97
2086,234469,6.82187,6.07591,32
2087,200847,6.67250,6.07582,40
2088,9735,6.87000,6.07524,30
2088,313473,6.87000,6.07524,30
2090,270168,6.73722,6.07509,36
2091,113301,6.64048,6.07401,42
2092,30932,6.40444,6.07400,72
2093,168788,6.77354,6.07391,34
2094,88408,6.68051,6.07229,39
2095,398,6.73056,6.07199,36
2096,38343,6.80312,6.06774,32
2097,9342,6.68684,6.06766,38
2098,105593,6.21458,6.06756,160
2099,215463,6.75882,6.06727,34
2100,33107,6.70270,6.06725,37
2101,262208,6.57826,6.06719,46
2102,118063,6.56489,6.06587,47
2103,68182,6.42615,6.06553,65
2104,5406,6.79688,6.06502,32
2105,33643,6.59614,6.06443,44
2106,102237,6.72857,6.06247,35
2107,37461,6.69243,6.06241,37
2108,67593,6.54437,6.06043,48
2109,550,6.80968,6.06040,31
2110,366456,6.67105,6.06011,38
2111,192934,6.46723,6.06001,57
2112,91523,6.28298,6.05985,104
2113,157789,6.62439,6.05914,41
2114,223740,6.68432,6.05858,37
2115,182120,6.63500,6.05741,40
2116,638,6.28160,6.05733,103
2117,287607,6.82667,6.05704,30
2118,224821,6.77792,6.05676,32
2119,267009,6.77500,6.05549,32
2120,42487,6.73235,6.05535,34
2121,181494,6.79677,6.05488,31
2122,118000,6.82000,6.05425,30
2123,34127,6.30549,6.05342,91
2124,619,6.22425,6.05315,134
2125,340,6.31791,6.05191,86
2126,3837,6.19190,6.05163,163
2127,144270,6.40248,6.05107,65
2128,205308,6.78731,6.05083,31
2129,16366,6.45088,6.05054,57
2130,95,6.44825,6.04902,57
2131,151835,6.48654,6.04897,52
2132,172971,6.56591,6.04887,44
2133,52825,6.29780,6.04814,91
2134,192,6.47547,6.04739,53
2135,66798,6.31693,6.04702,84
2136,110524,6.77790,6.04680,31
2137,21632,6.43051,6.04655,59
2138,38032,6.65838,6.04635,37
2139,66193,6.45764,6.04609,55
2140,168274,6.80033,6.04599,30
2141,126239,6.73061,6.04548,33
2142,137776,6.74844,6.04392,32
2143,3154,6.23150,6.04370,120
2144,250442,6.53261,6.04318,46
2145,3632,6.47538,6.04276,52
2146,99875,6.27821,6.04182,95
2147,65200,6.64649,6.04074,37
2148,8124,6.45556,6.04061,54
2149,92190,6.74062,6.04051,32
2150,277699,6.68000,6.04023,35
2151,31506,6.27840,6.04021,94
2152,184207,6.66111,6.03971,36
2153,1597,6.75968,6.03900,31
2154,118610,6.75806,6.03831,31
2155,18297,6.32436,6.03831,78
2156,118705,6.48100,6.03637,50
2157,231665,6.42105,6.03327,57
2158,139899,6.66414,6.03297,35
2159,2389,6.30457,6.03222,81
2160,140,6.31861,6.03216,77
2161,20545,6.44811,6.03204,53
2162,100679,6.64333,6.03145,36
2163,265256,6.74194,6.03141,31
2164,15157,6.27330,6.03130,91
2165,257066,6.66000,6.03108,35
2166,320,6.08156,6.03107,436
2167,192673,6.69697,6.03057,33
2167,283387,6.69697,6.03057,33
2169,9341,6.59315,6.02994,39
2170,56933,6.24800,6.02881,100
2171,233956,6.75667,6.02765,30
2172,245214,6.50217,6.02717,46
2173,136056,6.60053,6.02638,38
2174,142079,6.55610,6.02518,41
2175,259069,6.58308,6.02506,39
2176,6887,6.58205,6.02456,39
2177,1419,6.34881,6.02440,67
2178,133632,6.55366,6.02396,41
2179,117663,6.25615,6.02304,93
2180,224904,6.74333,6.02205,30
2181,25674,6.34328,6.02098,67
2182,923,6.25021,6.02064,94
2183,24742,6.29216,6.01957,79
2184,158339,6.58500,6.01895,38
2185,39813,6.69094,6.01887,32
2186,112192,6.50682,6.01844,44
2187,40393,6.39475,6.01805,57
2188,231664,6.43077,6.01793,52
2189,241164,6.73333,6.01786,30
2190,40214,6.37966,6.01668,59
2191,66171,6.47191,6.01646,47
2192,116858,6.40364,6.01530,55
2193,4471,6.52381,6.01529,42
2194,5767,6.46809,6.01442,47
2195,244994,6.45750,6.01382,48
2196,138788,6.25521,6.01340,88
2197,253679,6.37288,6.01270,59
2198,117942,6.27133,6.01235,82
2199,170,6.32206,6.01074,68
2200,178570,6.20556,6.00987,108
2201,194789,6.34677,6.00750,62
2202,193621,6.30366,6.00743,71
2203,3421,6.50714,6.00690,42
2204,304324,6.62353,6.00631,34
2205,50381,6.08660,6.00621,261
2206,32341,6.08964,6.00578,250
2207,227758,6.63864,6.00471,33
2208,244330,6.43979,6.00431,48
2209,58602,6.50119,6.00390,42
2210,172933,6.32493,6.00372,65
2211,22198,6.29306,6.00331,72
2212,19,6.52430,6.00304,40
2213,31808,6.23461,6.00297,90
2214,321,6.39623,6.00292,53
2215,22038,6.37464,6.00262,56
2216,4218,6.61471,6.00233,34
2217,192927,6.63191,6.00173,33
2218,41052,6.39904,6.00028,52
2219,3452,6.43125,5.99973,48
2220,280789,6.38679,5.99763,53
2221,245197,6.46591,5.99738,44
2222,19081,6.47674,5.99734,43
2223,66214,6.64062,5.99695,32
2224,13005,6.66129,5.99690,31
2225,170587,6.64031,5.99681,32
2226,253398,6.63906,5.99627,32
2227,8946,6.22222,5.99449,90
2228,184842,6.34724,5.99413,58
2229,231999,6.51795,5.99348,39
2230,30241,6.44667,5.99278,45
2231,40832,6.55972,5.99259,36
2232,247314,6.59020,5.99128,34
2233,128698,6.62500,5.99014,32
2234,831,6.57057,5.99013,35
2235,325853,6.49750,5.98988,40
2236,242740,6.61875,5.98742,32
2237,174614,6.59697,5.98624,33
2238,67178,6.61500,5.98578,32
2239,41003,6.45349,5.98550,43
2240,3972,6.63226,5.98448,31
2241,15,6.55714,5.98399,35
2242,191877,6.60531,5.98156,32
2243,258451,6.46829,5.98151,41
2244,254591,6.64667,5.98147,30
2245,84469,6.58586,5.98132,33
2246,145654,6.57879,5.97818,33
2247,276086,6.52833,5.97800,36
2248,150580,6.22500,5.97757,80
2249,172546,6.52475,5.97633,36
2250,19989,6.31379,5.97462,58
2251,129351,6.62993,5.97444,30
2252,131891,6.62933,5.97419,30
2253,278824,6.47436,5.97235,39
2254,253719,6.48579,5.97150,38
2255,242569,6.62240,5.97128,30
2256,65907,6.36939,5.97099,49
2257,82955,6.34615,5.97085,52
2258,214,6.20733,5.96984,82
2259,280032,6.61667,5.96887,30
2260,41302,6.46154,5.96614,39
2261,177249,6.53235,5.96522,34
2262,16497,6.38261,5.96427,46
2263,11104,6.19059,5.96422,85
2264,635,6.52941,5.96389,34
2265,287693,6.52794,5.96323,34
2266,33154,6.44275,5.96299,40
2267,23107,6.60067,5.96215,30
2268,5336,6.52059,5.95992,34
2269,24416,6.41357,5.95980,42
2270,149241,6.55313,5.95882,32
2271,234190,6.12085,5.95845,117
2272,9092,6.47108,5.95801,37
2273,330538,6.52727,5.95535,33
2274,302281,6.54250,5.95420,32
2275,204602,6.58000,5.95347,30
2276,230498,6.26667,5.95343,60
2277,58798,6.22882,5.95282,68
2278,111173,6.34375,5.95277,48
2279,152567,6.50441,5.95263,34
2280,168215,6.05736,5.95014,174
2281,2570,6.40488,5.94998,41
2282,148532,6.53125,5.94929,32
2283,255675,6.57000,5.94927,30
2284,233960,6.42513,5.94849,39
2285,31105,6.56800,5.94843,30
2286,6707,6.33542,5.94830,48
2287,3230,6.24677,5.94757,62
2288,38984,6.35778,5.94651,45
2289,770,6.16488,5.94520,84
2290,125,6.45778,5.94520,36
2291,40398,6.11925,5.94399,105
2292,255664,6.55733,5.94396,30
2293,48,6.24032,5.94370,62
2294,76883,6.30275,5.94284,51
2295,66125,6.53226,5.94169,31
2296,31745,6.22666,5.94103,64
2297,36345,6.28547,5.94077,53
2298,197831,6.43243,5.93978,37
2299,18803,6.02931,5.93956,203
2300,145012,6.52658,5.93926,31
2301,8229,6.45714,5.93820,35
2302,200,6.22587,5.93782,63
2303,1927,5.97128,5.93739,535
2304,137095,6.54167,5.93738,30
2305,97093,6.24424,5.93714,59
2306,58886,6.26055,5.93706,56
2307,99437,6.26036,5.93695,56
2308,43264,6.48485,5.93654,33
2309,963,6.37561,5.93542,41
2310,34010,6.40921,5.93487,38
2311,19650,6.35349,5.93458,43
2312,7804,6.46176,5.93341,34
2313,29355,6.41868,5.93329,37
2314,63395,6.41622,5.93213,37
2315,288775,6.33864,5.93184,44
2316,3321,6.12630,5.93178,92
2317,192185,6.40263,5.93173,38
2318,258244,6.46970,5.92983,33
2319,207753,6.45294,5.92943,34
2320,2448,6.22016,5.92880,61
2321,267735,6.50000,5.92789,31
2322,99459,6.51667,5.92688,30
2323,35488,6.31130,5.92677,46
2324,270836,6.20666,5.92623,63
2325,27165,6.26961,5.92456,51
2326,943,6.18295,5.92431,68
2327,337,6.50900,5.92366,30
2328,17025,6.24815,5.92326,54
2329,6263,6.11811,5.92171,89
2330,1917,5.95710,5.92152,491
2331,2281,6.03274,5.92147,157
2332,262388,6.35250,5.91867,40
2333,121993,6.29480,5.91809,46
2334,32165,6.49333,5.91708,30
2334,271460,6.49333,5.91708,30
2336,91668,6.49000,5.91568,30
2337,41833,6.25294,5.91537,51
2338,23053,6.39429,5.90943,35
2339,156719,6.34436,5.90933,39
2340,39103,6.24560,5.90766,50
2341,160561,6.31807,5.90681,41
2342,6068,6.46667,5.90589,30
2343,269069,6.43125,5.90573,32
2344,271785,6.38571,5.90550,35
2345,4491,6.29535,5.90498,43
2346,24771,6.14783,5.90471,69
2347,162114,6.39706,5.90425,34
2348,131232,6.44194,5.90304,31
2349,123096,6.32821,5.90150,39
2350,15180,6.19035,5.89970,57
2351,144492,6.18472,5.89934,58
2352,200785,6.17678,5.89752,59
2353,29773,6.40781,5.89552,32
2354,5825,6.44000,5.89469,30
2355,247,6.12083,5.89401,72
2356,28025,6.27372,5.89397,43
2357,10814,6.32105,5.89271,38
2358,9139,6.33243,5.89261,37
2359,128664,6.27788,5.89151,42
2360,357,6.31316,5.88893,38
2361,3190,6.32432,5.88879,37
2362,187104,6.40232,5.88609,31
2363,125311,6.33974,5.88445,35
2364,230342,6.38125,5.88394,32
2365,1038,6.28125,5.88368,40
2366,312804,6.36364,5.88281,33
2367,42244,6.17519,5.88199,54
2368,210,6.08462,5.88175,78
2369,39206,6.16143,5.88010,56
2370,180231,6.31667,5.87961,36
2371,431,6.37000,5.87904,32
2372,27225,6.29595,5.87541,37
2373,2471,5.97641,5.87486,153
2374,170041,6.37581,5.87475,31
2375,39332,6.13267,5.87418,60
2376,40761,6.28838,5.87184,37
2377,171672,6.18592,5.87159,49
2378,141980,6.25325,5.86993,40
2379,121073,6.27105,5.86879,38
2380,155802,6.37667,5.86810,30
2381,258,5.98992,5.86792,125
2382,14010,6.14091,5.86548,55
2383,20750,6.14906,5.86422,53
2384,29308,6.36667,5.86390,30
2385,130827,6.33188,5.86243,32
2386,111172,6.09688,5.86226,64
2387,224675,6.34194,5.86026,31
2388,253664,6.25316,5.86023,38
2389,980,6.00000,5.85553,102
2390,79282,6.23077,5.85426,39
2391,1768,6.24865,5.85310,37
2392,201054,6.08871,5.85283,62
2393,10502,6.09831,5.85142,59
2394,32116,6.11527,5.85086,55
2395,174192,6.18837,5.85051,43
2396,8166,6.26286,5.84925,35
2397,17449,6.28485,5.84789,33
2398,4529,6.17500,5.84758,44
2399,28218,6.29750,5.84745,32
2400,69587,6.07172,5.84699,64
2401,214293,6.28152,5.84641,33
2402,19419,6.07210,5.84507,63
2403,110,6.30323,5.84369,31
2404,13542,6.00238,5.84276,89
2405,80933,6.28437,5.84174,32
2406,155708,6.28125,5.84037,32
2407,20952,6.22162,5.84035,37
2408,28086,6.13830,5.83918,47
2409,146149,6.05391,5.83618,64
2410,246228,6.19579,5.83279,38
2411,35248,6.27742,5.83265,31
2412,206844,6.29000,5.83171,30
2413,8924,6.11204,5.83157,49
2414,160434,6.07623,5.83114,56
2415,27490,6.07907,5.82761,54
2416,38548,6.26516,5.82740,31
2417,184346,6.08750,5.82692,52
2418,174476,6.17436,5.82692,39
2419,119632,6.02261,5.82649,69
2420,46782,6.24375,5.82404,32
2421,90041,6.20543,5.82296,35
2422,15121,6.19444,5.82280,36
2423,132251,6.06545,5.82245,55
2424,105187,6.26667,5.82191,30
2425,38391,6.00135,5.82136,74
2426,282171,6.11578,5.82054,45
2427,2633,6.17838,5.81996,37
2428,162580,6.09991,5.81878,47
2429,66797,6.05556,5.81431,54
2430,137933,6.21875,5.81314,32
2431,171129,6.20303,5.81162,33
2432,274533,6.13450,5.81161,40
2433,16991,6.21094,5.80974,32
2434,3705,6.18676,5.80948,34
2435,63740,6.09244,5.80839,45
2436,13301,5.99000,5.80777,70
2437,181,5.82533,5.80563,643
2438,25071,6.00312,5.80536,64
2439,110331,6.16600,5.80491,35
2440,9297,6.17647,5.80484,34
2441,28037,5.98623,5.80376,69
2442,143075,6.19287,5.80187,32
2443,55705,6.13000,5.80133,38
2444,3699,5.99077,5.79968,65
2445,37196,6.11000,5.79958,40
2446,403,6.20000,5.79952,31
2447,18932,6.14857,5.79693,35
2448,2375,6.04490,5.79520,49
2449,444,6.13333,5.79439,36
2450,295490,6.15294,5.79424,34
2451,25168,6.20000,5.79392,30
2452,65814,5.92644,5.79198,90
2453,437,6.13714,5.79170,35
2454,26054,6.16875,5.79136,32
2455,9028,6.03776,5.79133,49
2456,2978,6.04167,5.79067,48
2457,29030,5.94463,5.79034,78
2458,60131,5.99310,5.78759,58
2459,155157,5.93235,5.78600,81
2460,154600,6.08974,5.78590,39
2461,119193,6.03723,5.78548,47
2462,123885,6.10270,5.78426,37
2463,3242,6.12941,5.78364,34
2464,117995,6.13939,5.78342,33
2465,1111,5.95821,5.78308,67
2466,148261,6.07949,5.78093,39
2467,37198,5.91529,5.77917,85
2468,2399,6.12667,5.77778,33
2469,137909,5.88632,5.76897,95
2470,171620,5.99000,5.76791,50
2471,118953,6.05789,5.76684,38
2472,37728,6.10313,5.76277,32
2473,1293,5.84933,5.75965,120
2474,27710,5.81503,5.75933,193
2475,3633,6.03947,5.75803,38
2476,157322,6.11000,5.75613,30
2477,195518,6.08750,5.75596,32
2478,193483,6.09032,5.75259,31
2479,4324,5.86042,5.75173,96
2480,231666,5.97956,5.74963,45
2481,25491,6.06875,5.74779,32
2482,4425,6.07774,5.74721,31
2483,2542,6.06562,5.74643,32
2484,3347,6.04412,5.74520,34
2485,41636,6.06774,5.74293,31
2486,6931,6.05469,5.74167,32
2487,118025,6.05312,5.74099,32
2488,12248,5.96591,5.73991,44
2489,533,5.88939,5.73918,66
2490,230191,6.01389,5.73887,36
2491,2043,6.01857,5.73741,35
2492,192984,6.06333,5.73653,30
2493,5071,6.04159,5.73596,32
2494,126912,6.02059,5.73460,34
2495,46807,5.97750,5.73450,40
2496,135,5.93265,5.73439,49
2497,168679,6.01765,5.73327,34
2498,180020,6.04516,5.73327,31
2499,103235,6.05000,5.73094,30
2500,148740,5.99714,5.72760,35
2501,204504,6.00303,5.72297,33
2502,15167,5.99788,5.72069,33
2503,21704,5.94146,5.71953,41
2504,76674,5.91400,5.71550,45
2505,12194,5.92619,5.71450,42
2506,9202,5.80424,5.71446,99
2507,938,5.99062,5.71376,32
2508,2629,5.87925,5.71281,53
2509,4095,5.94722,5.70788,36
2510,109451,5.99000,5.70574,30
2511,19074,5.90233,5.70486,43
2512,10383,5.87292,5.70012,48
2513,1245,5.77366,5.69974,112
2514,7708,5.92054,5.69835,37
2515,17053,5.95437,5.69796,32
2516,156836,5.88095,5.69174,42
2517,13729,5.85106,5.68655,47
2518,2240,5.93548,5.68634,31
2519,1378,5.90000,5.68593,36
2520,414,5.94000,5.68475,30
2521,23142,5.93000,5.68055,30
2522,22938,5.87737,5.68049,38
2523,202732,5.92970,5.68042,30
2524,159209,5.92333,5.67775,30
2525,29678,5.89500,5.67509,33
2526,633,5.86316,5.67370,38
2527,236360,5.89677,5.66978,31
2528,48979,5.76696,5.66677,69
2529,8222,5.85278,5.66398,36
2530,35801,5.83590,5.66284,39
2531,142334,5.77784,5.66204,58
2532,2944,5.70906,5.65761,127
2533,1294,5.68198,5.65679,258
2534,8243,5.72396,5.65642,96
2535,171489,5.81625,5.65531,40
2536,18931,5.74247,5.65465,73
2537,2452,5.68628,5.65263,188
2538,1933,5.83824,5.65242,34
2539,10653,5.83333,5.64775,33
2540,245710,5.81429,5.64389,35
2541,83629,5.76300,5.64380,50
2542,147790,5.82258,5.63803,31
2543,2672,5.80000,5.63735,35
2544,147768,5.76628,5.63559,43
2545,65611,5.79032,5.62423,31
2546,2003,5.73467,5.62215,45
2547,226610,5.78273,5.61871,30
2548,655,5.75758,5.61417,33
2549,941,5.69815,5.61210,54
2550,1381,5.71905,5.61025,42
2551,3337,5.72000,5.60804,40
2552,4040,5.65128,5.60757,102
2553,29387,5.73636,5.60477,33
2554,553,5.70256,5.59820,39
2555,2001,5.64925,5.59221,67
2556,9439,5.63649,5.58748,74
2557,2593,5.62239,5.58320,88
2558,37732,5.65489,5.58231,47
2559,21293,5.66310,5.58209,42
2560,102835,5.63172,5.57994,64
2561,14137,5.62716,5.57856,67
2562,891,5.64565,5.57662,46
2563,1315,5.61918,5.57602,73
2564,13728,5.63913,5.57319,46
2565,1950,5.59476,5.57131,126
2566,193328,5.63514,5.56374,37
2567,1899,5.61600,5.56342,50
2568,2243,5.56706,5.55790,262
2569,140179,5.60187,5.55467,48
2570,71956,5.62500,5.55446,32
2571,2392,5.56301,5.55083,173
2572,256390,5.56891,5.54156,63
2573,9201,5.56150,5.53637,60
2574,9681,5.57297,5.53442,37
2575,41573,5.56000,5.52519,30
2576,196379,5.52073,5.51353,78
2577,27380,5.53161,5.51353,31
2578,183831,5.52767,5.51162,30
2579,69582,5.52308,5.51119,39
2580,16498,5.49026,5.49528,39
2581,4610,5.47234,5.48530,47
2582,28258,5.45833,5.48250,30
2583,117987,5.45097,5.47902,31
2584,239116,5.44925,5.47387,44
2585,8964,5.44211,5.47231,38
2586,2223,5.45973,5.46264,532
2587,1269,5.41475,5.44384,80
2588,404,5.39479,5.44354,48
2589,2952,5.42388,5.43859,173
2590,590,5.41029,5.43468,111
2591,325414,5.33353,5.42498,34
2592,225885,5.36078,5.42320,51
2593,2719,5.39251,5.40936,223
2594,1099,5.36255,5.40461,94
2595,2083,5.36992,5.40101,132
2596,198836,5.24667,5.39363,30
2597,1426,5.26308,5.38514,39
2598,130592,5.30000,5.38507,56
2599,1258,5.30394,5.37621,71
2600,2372,5.22143,5.37246,35
2601,211534,5.29935,5.36121,93
2602,16499,5.21220,5.35688,41
2603,172480,5.22200,5.34800,50
2604,20832,5.10000,5.32884,31
2605,1502,5.28927,5.32457,206
2606,13972,4.95129,5.26521,31
2607,8450,5.07250,5.25433,56
2608,7688,5.07683,5.24475,63
2609,10687,4.95846,5.23747,39
2610,2386,4.93108,5.23167,37
2611,35652,4.86438,5.22307,32
2612,89953,4.94651,5.21817,43
2613,1604,5.02857,5.21565,63
2614,126444,4.99455,5.21176,55
2615,1613,5.05513,5.20950,78
2616,35585,4.70070,5.16439,30
2617,2421,4.90517,5.15309,58
2618,2740,4.89138,5.14504,58
2619,2394,4.92128,5.13460,71
2620,7720,4.64516,5.13422,31
2621,6090,4.83019,5.12413,53
2622,13713,4.64706,5.11563,34
2623,24224,4.61375,5.11388,32
2624,1797,4.86094,5.11213,64
2625,3343,4.65250,5.08379,40
2626,5314,4.68932,5.08256,44
2627,3422,4.80625,5.07894,64
2628,11415,4.73222,5.06563,54
2629,8392,4.43667,5.05352,30
2630,2004,4.54359,5.03635,39
2631,5339,4.73485,5.03001,66
2632,5895,4.52308,5.02641,39
2633,5894,4.79278,5.00451,97
2634,2679,4.34545,4.98824,33
2635,4143,4.78706,4.93981,152
2636,9214,4.40489,4.92995,45
2637,2425,4.77253,4.92074,162
2638,2770,4.56119,4.91672,68
2639,6424,4.27510,4.78054,59
2640,3737,4.22417,4.69029,72
2641,1931,3.72093,4.59412,43
2642,4127,3.40625,4.58780,32
2643,2921,4.38544,4.56558,215
2644,11901,3.46079,4.52465,38
2645,1406,4.38787,4.47284,501
2646,2136,4.01883,4.40386,118
2647,7316,3.26190,4.37356,42
2648,5432,2.99000,4.35086,35
2649,2785,3.37707,4.13270,75
