country_code,rank,bgg_id,name,year,avg_rating,bayes_rating,num_ratings
pt,1,224517,Brass: Birmingham,2018,8.73197,8.57379,245
pt,2,174430,Gloomhaven,2017,8.74124,8.56327,217
pt,3,167791,Terraforming Mars,2016,8.60648,8.51403,411
pt,4,161936,Pandemic Legacy: Season 1,2015,8.61027,8.41082,184
pt,5,316554,Dune: Imperium,2020,8.55038,8.39813,240
pt,6,342942,Ark Nova,2021,8.54103,8.36484,205
pt,7,161533,Lisboa,2017,8.61843,8.36080,140
pt,8,169786,Scythe,2016,8.44244,8.34771,379
pt,9,220308,Gaia Project,2017,8.63284,8.34371,124
pt,10,167355,Nemesis,2018,8.61402,8.34252,132
pt,11,291457,Gloomhaven: Jaws of the Lion,2020,8.54377,8.33011,167
pt,12,12333,Twilight Struggle,2005,8.41720,8.30104,304
pt,13,184267,On Mars,2020,8.67444,8.28439,90
pt,14,28720,Brass: Lancashire,2007,8.49196,8.27716,163
pt,15,162886,Spirit Island,2017,8.44975,8.27565,201
pt,16,182028,Through the Ages: A New Story of Civilization,2015,8.43050,8.25254,195
pt,17,284378,Kanban EV,2020,8.84945,8.22484,55
pt,18,173346,7 Wonders Duel,2015,8.28968,8.22264,512
pt,19,285774,Marvel Champions: The Card Game,2019,8.60333,8.22202,90
pt,20,115746,War of the Ring: Second Edition,2011,8.58914,8.22035,93
pt,21,84876,The Castles of Burgundy,2011,8.31619,8.21405,335
pt,22,187645,Star Wars: Rebellion,2016,8.55131,8.20662,99
pt,23,96848,Mage Knight Board Game,2011,8.44331,8.20329,142
pt,24,193738,Great Western Trail,2016,8.33976,8.17893,210
pt,25,271320,The Castles of Burgundy,2019,8.57176,8.17499,85
pt,26,321608,Hegemony: Lead Your Class to Victory,2023,8.94405,8.14889,42
pt,27,266192,Wingspan,2019,8.18659,8.12943,580
pt,28,312484,Lost Ruins of Arnak,2020,8.24341,8.09661,223
pt,29,175640,Vinhos: Deluxe Edition,2016,8.59286,8.07712,63
pt,30,164928,Orléans,2014,8.22555,8.06238,198
pt,31,125153,The Gallerist,2015,8.31217,8.04480,120
pt,32,237182,Root,2018,8.20359,8.04401,201
pt,33,248562,Mage Knight: Ultimate Edition,2018,8.80714,8.04360,42
pt,34,247763,Underwater Cities,2018,8.28464,8.02951,125
pt,35,124361,Concordia,2013,8.13555,8.01585,265
pt,36,251247,Barrage,2019,8.28973,8.00518,111
pt,37,199792,Everdell,2018,8.11253,8.00296,288
pt,38,192135,Too Many Bones,2017,9.04667,7.99720,30
pt,39,170216,Blood Rage,2015,8.14079,7.99055,209
pt,40,121921,Robinson Crusoe: Adventures on the Cursed Island,2012,8.12855,7.98231,214
pt,41,216132,Clans of Caledonia,2017,8.17641,7.97628,156
pt,42,35677,Le Havre,2008,8.17295,7.96822,152
pt,43,200680,Agricola (Revised Edition),2016,8.20613,7.94885,120
pt,44,183394,Viticulture Essential Edition,2015,8.10308,7.94871,200
pt,45,185343,Anachrony,2017,8.25010,7.94220,100
pt,46,266810,Paladins of the West Kingdom,2019,8.21490,7.94021,112
pt,47,231733,Obsession,2018,8.32983,7.93607,78
pt,48,421,1830: Railways & Robber Barons,1986,8.49056,7.92449,54
pt,49,2651,Power Grid,2004,8.01667,7.91892,312
pt,50,120677,Terra Mystica,2012,8.06365,7.90645,193
pt,51,31260,Agricola,2007,7.98706,7.90616,375
pt,52,3076,Puerto Rico,2002,7.97233,7.88978,365
pt,53,109276,Kanban: Driver's Edition,2014,8.27551,7.88931,78
pt,54,95527,Madeira,2013,8.34500,7.88870,66
pt,55,256960,Pax Pamir: Second Edition,2019,8.26363,7.88738,80
pt,56,4098,Age of Steam,2002,8.18990,7.88604,99
pt,57,255984,Sleeping Gods,2021,8.53913,7.88535,46
pt,58,205637,Arkham Horror: The Card Game,2016,8.01699,7.84416,171
pt,59,339753,Évora,2022,8.27647,7.84221,68
pt,60,126163,Tzolk'in: The Mayan Calendar,2012,7.95283,7.83640,253
pt,61,233078,Twilight Imperium: Fourth Edition,2017,8.21857,7.83607,77
pt,62,308765,Praga Caput Regni,2020,8.31750,7.82827,60
pt,63,164153,Star Wars: Imperial Assault,2014,8.18827,7.82620,81
pt,64,25613,Through the Ages: A Story of Civilization,2006,8.17398,7.82136,83
pt,65,230802,Azul,2017,7.85930,7.80205,507
pt,66,188920,This War of Mine: The Board Game,2017,8.27344,7.79840,61
pt,67,177736,A Feast for Odin,2016,8.09639,7.79774,97
pt,68,269385,The Lord of the Rings: Journeys in Middle-Earth,2019,8.27167,7.79039,60
pt,69,221107,Pandemic Legacy: Season 2,2017,8.13795,7.79009,83
pt,70,110327,Lords of Waterdeep,2012,7.89958,7.78941,262
pt,71,295947,Cascadia,2021,7.93533,7.78744,195
pt,72,24181,Imperial,2006,8.16053,7.78197,76
pt,73,182874,Grand Austria Hotel,2015,7.96557,7.77322,149
pt,74,172386,Mombasa,2015,8.05981,7.77064,99
pt,75,310873,Carnegie,2022,8.24750,7.77042,60
pt,76,175914,Food Chain Magnate,2015,8.01565,7.76710,115
pt,77,209010,Mechs vs. Minions,2016,8.09651,7.76453,86
pt,78,205059,Mansions of Madness: Second Edition,2016,7.96708,7.75918,137
pt,79,170042,Raiders of the North Sea,2015,7.98032,7.75471,126
pt,80,201808,Clank!: A Deck-Building Adventure,2016,7.91663,7.75423,175
pt,81,157354,Five Tribes: The Djinns of Naqala,2014,7.86771,7.75360,249
pt,82,328124,Bot Factory,2023,8.34167,7.75054,48
pt,83,102794,Caverna: The Cave Farmers,2013,7.93965,7.74572,146
pt,84,264220,Tainted Grail: The Fall of Avalon,2019,8.32245,7.74485,49
pt,85,68448,7 Wonders,2010,7.80594,7.74282,448
pt,86,42052,Vinhos,2010,8.06161,7.73738,87
pt,87,102680,Trajan,2011,7.95551,7.73376,127
pt,88,62219,Dominant Species,2010,7.97991,7.73099,113
pt,89,77423,The Lord of the Rings: The Card Game,2011,7.98495,7.72733,109
pt,90,230914,Carcassonne Big Box 6,2017,8.15923,7.72723,65
pt,91,253344,Cthulhu: Death May Die,2019,8.63226,7.72667,31
pt,92,28143,Race for the Galaxy,2007,7.84239,7.71704,223
pt,93,284083,The Crew: The Quest for Planet Nine,2019,7.82010,7.71358,262
pt,94,73439,Troyes,2010,7.88816,7.71168,158
pt,95,91,Paths of Glory,1999,8.46486,7.71135,37
pt,96,40354,Maria,2009,8.20750,7.70996,56
pt,97,146021,Eldritch Horror,2013,7.95321,7.69887,109
pt,98,18602,Caylus,2005,7.88107,7.69532,149
pt,99,236457,Architects of the West Kingdom,2018,7.83470,7.68650,186
pt,100,25021,Sekigahara: The Unification of Japan,2011,8.23659,7.67656,49
pt,101,268864,Undaunted: Normandy,2019,8.04658,7.67153,73
pt,102,271324,It's a Wonderful World,2019,7.81667,7.66960,186
pt,103,198953,Pax Renaissance,2016,8.49697,7.66849,33
pt,104,171623,The Voyages of Marco Polo,2015,7.79008,7.66595,220
pt,105,324856,The Crew: Mission Deep Sea,2021,8.13414,7.66379,58
pt,106,103343,A Game of Thrones: The Board Game (Second Edition),2011,7.79420,7.66249,207
pt,107,180263,The 7th Continent,2017,7.96491,7.66204,90
pt,108,227224,The Red Cathedral,2020,7.85906,7.65892,136
pt,109,229853,Teotihuacan: City of Gods,2018,7.90387,7.65868,111
pt,110,276025,Maracaibo,2019,7.98646,7.65511,82
pt,111,366013,Heat: Pedal to the Metal,2022,7.95977,7.65153,88
pt,112,246900,Eclipse: Second Dawn for the Galaxy,2020,8.26432,7.64865,44
pt,113,14996,Ticket to Ride: Europe,2005,7.69053,7.64127,548
pt,114,126042,Nations,2013,7.94773,7.64099,88
pt,115,124742,Android: Netrunner,2012,7.83977,7.63436,131
pt,116,299159,Vidrado,2020,8.50106,7.63341,31
pt,117,163068,Trickerion: Legends of Illusion,2015,8.00944,7.63102,71
pt,118,249259,War Chest,2018,8.37500,7.62929,36
pt,119,205896,Rising Sun,2018,7.89750,7.62907,100
pt,120,266507,Clank! Legacy: Acquisitions Incorporated,2019,8.48968,7.62531,31
pt,121,42,Tigris & Euphrates,1997,7.76439,7.62137,187
pt,122,155821,Inis,2016,7.88328,7.62111,102
pt,123,233371,Clank! In! Space!: A Deck-Building Adventure,2017,8.05161,7.62042,62
pt,124,281516,Gelato Mio,2019,8.19785,7.61749,46
pt,125,291572,Oath: Chronicles of Empire & Exile,2021,8.35003,7.61080,36
pt,126,350184,Earth,2023,8.07742,7.61059,57
pt,127,282918,Garum,2019,7.91706,7.60163,84
pt,128,304783,Hadrian's Wall,2021,8.29865,7.58738,37
pt,129,154809,Nippon,2015,8.01475,7.58402,61
pt,130,34635,Stone Age,2008,7.64249,7.57903,413
pt,131,284936,Café,2020,7.73644,7.57588,163
pt,132,146652,Legendary Encounters: An Alien Deck Building Game,2014,8.04295,7.57564,56
pt,133,521,Crokinole,1876,7.74060,7.57105,154
pt,134,228341,Pulsar 2849,2017,7.95074,7.56742,68
pt,135,19777,Indonesia,2005,8.16233,7.55871,43
pt,136,220877,Rajas of the Ganges,2017,7.77957,7.55435,115
pt,137,154597,Hive Pocket,2010,7.96774,7.55073,62
pt,138,463,Magic: The Gathering,1993,7.65566,7.54892,242
pt,139,317985,Beyond the Sun,2020,8.01636,7.54710,55
pt,140,122515,Keyflower,2012,7.71390,7.53567,144
pt,141,351913,Tiletum,2022,8.22243,7.53053,37
pt,142,266524,PARKS,2019,7.76505,7.53022,109
pt,143,329082,Radlands,2021,7.96186,7.52841,59
pt,144,297030,Tekhenu: Obelisk of the Sun,2020,8.29697,7.52378,33
pt,145,37111,Battlestar Galactica: The Board Game,2008,7.70021,7.52079,142
pt,146,148949,Istanbul,2014,7.63297,7.51636,218
pt,147,150376,Dead of Winter: A Crossroads Game,2014,7.63289,7.51526,216
pt,148,322289,Darwin's Journey,2023,8.23714,7.51228,35
pt,149,21050,Combat Commander: Europe,2006,8.13049,7.51184,41
pt,150,296151,Viscounts of the West Kingdom,2020,7.84092,7.51156,77
pt,151,36218,Dominion,2008,7.57095,7.50031,357
pt,152,131287,Panamax,2014,7.84618,7.49657,72
pt,153,314491,Meadow,2021,8.00218,7.49012,49
pt,154,144733,Russian Railroads,2013,7.70329,7.48388,114
pt,155,93,El Grande,1995,7.63436,7.48285,165
pt,156,274364,Watergate,2019,7.83971,7.48262,70
pt,157,306735,Under Falling Skies,2020,7.85500,7.47729,66
pt,158,30549,Pandemic,2008,7.51740,7.47601,602
pt,159,283948,Marco Polo II: In the Service of the Khan,2019,8.01691,7.47547,46
pt,160,305096,Endless Winter: Paleoamericans,2022,8.01196,7.47158,46
pt,161,232405,Western Legends,2018,7.91071,7.46771,56
pt,162,239188,Chronicles of Crime,2018,7.66836,7.46527,122
pt,163,194655,Santorini,2016,7.56838,7.46306,235
pt,164,104006,Village,2011,7.63580,7.46276,143
pt,165,70149,Ora et Labora,2011,7.87400,7.46178,60
pt,166,176734,The Manhattan Project: Energy Empire,2016,8.12733,7.45960,37
pt,167,297562,Kemet: Blood and Sand,2021,8.14500,7.45895,36
pt,168,148228,Splendor,2014,7.51819,7.45869,415
pt,169,163412,Patchwork,2014,7.54111,7.45799,297
pt,170,10630,Memoir '44,2004,7.61682,7.45370,151
pt,171,178900,Codenames,2015,7.50259,7.45175,484
pt,172,144344,Rococo,2013,7.78851,7.45147,73
pt,173,118048,Targi,2012,7.61503,7.45003,149
pt,174,198928,Iberia,2016,7.70124,7.44804,97
pt,175,177478,IKI,2015,8.20625,7.44137,32
pt,176,127060,Bora Bora,2013,7.81708,7.44066,65
pt,177,127023,Kemet,2012,7.71200,7.44021,90
pt,178,158600,Hanamikoji,2013,7.62978,7.43744,127
pt,179,287954,Azul: Summer Pavilion,2019,7.70242,7.43698,92
pt,180,244521,The Quacks of Quedlinburg,2018,7.58606,7.43629,163
pt,181,142379,Escape Plan,2019,7.91490,7.43624,51
pt,182,188866,Awkward Guests: The Walton Case,2016,7.80379,7.43429,66
pt,183,312722,Hercules,2022,8.00116,7.43408,43
pt,184,72225,CO₂,2012,8.01190,7.43196,42
pt,185,309728,Pessoa,2022,7.85877,7.43154,57
pt,186,43015,Hansa Teutonica,2009,7.68213,7.43113,97
pt,187,244522,That's Pretty Clever!,2018,7.56632,7.42443,171
pt,188,172287,Champions of Midgard,2015,7.75135,7.42362,74
pt,189,147020,Star Realms,2014,7.53377,7.42354,220
pt,190,306173,Lisbon Tram 28,2021,7.66765,7.42057,98
pt,191,328871,Terraforming Mars: Ares Expedition,2021,7.69511,7.42003,88
pt,192,203993,Lorenzo il Magnifico,2016,7.70399,7.41931,85
pt,193,14105,Commands & Colors: Ancients,2006,7.79453,7.41691,64
pt,194,274637,"Unmatched: Battle of Legends, Volume One",2019,8.02025,7.41626,40
pt,195,269207,The Taverns of Tiefenthal,2019,7.67459,7.41250,92
pt,196,199561,Sagrada,2017,7.47654,7.40567,339
pt,197,159675,Fields of Arle,2014,7.90562,7.40520,48
pt,198,279537,The Search for Planet X,2020,7.83125,7.40285,56
pt,199,256730,Pipeline,2019,7.93578,7.40270,45
pt,200,192153,Reign of Cthulhu,2016,7.79557,7.40238,61
pt,201,193037,Dead of Winter: The Long Night,2016,7.82281,7.40209,57
pt,202,9209,Ticket to Ride,2004,7.48635,7.40191,284
pt,203,318977,MicroMacro: Crime City,2020,7.62736,7.40123,106
pt,204,13122,Antiquity,2004,7.90000,7.40075,48
pt,205,22545,Age of Empires III: The Age of Discovery,2007,7.66300,7.39723,90
pt,206,54998,Cyclades,2009,7.67138,7.39654,87
pt,207,281259,The Isle of Cats,2019,7.58828,7.39269,122
pt,208,263918,Cartographers,2019,7.58746,7.39194,122
pt,209,227789,Heaven & Ale,2017,7.72294,7.39170,72
pt,210,233398,Endeavor: Age of Sail,2018,7.90739,7.38951,46
pt,211,77130,Sid Meier's Civilization: The Board Game,2010,7.67446,7.38771,83
pt,212,217372,The Quest for El Dorado,2017,7.64087,7.38284,92
pt,213,123260,Suburbia,2012,7.62732,7.38262,97
pt,214,161970,Alchemists,2014,7.54264,7.38229,148
pt,215,245638,Coimbra,2018,7.61443,7.37770,100
pt,216,282524,Horrified,2019,7.79281,7.37752,57
pt,217,271896,Star Wars: Outer Rim,2019,7.91477,7.37695,44
pt,218,27833,Steam,2009,7.73692,7.37353,65
pt,219,196340,Yokohama,2016,7.76016,7.37304,61
pt,220,104162,Descent: Journeys in the Dark (Second Edition),2012,7.66337,7.36885,80
pt,221,265188,Glen More II: Chronicles,2019,8.00541,7.36866,37
pt,222,54043,Jaipur,2009,7.43693,7.36787,341
pt,223,371942,The White Castle,2023,8.01611,7.36349,36
pt,224,348450,Lacrimosa,2022,8.05147,7.36128,34
pt,225,250458,Gùgōng,2018,7.71495,7.35970,66
pt,226,225694,Decrypto,2018,7.63447,7.35877,85
pt,227,555,The Princes of Florence,2000,7.65137,7.35848,80
pt,228,284653,Mind MGMT: The Psychic Espionage “Game.”,2021,8.08844,7.35685,32
pt,229,234277,Nusfjord,2017,7.84417,7.35653,48
pt,230,9609,War of the Ring,2004,7.71462,7.35484,65
pt,231,82222,Xia: Legends of a Drift System,2014,8.13333,7.35412,30
pt,232,128882,The Resistance: Avalon,2012,7.51469,7.35145,143
pt,233,262215,Blackout: Hong Kong,2018,7.90476,7.34956,42
pt,234,199478,Flamme Rouge,2016,7.49085,7.34791,163
pt,235,129437,Legendary: A Marvel Deck Building Game,2012,7.69403,7.34656,67
pt,236,188834,Secret Hitler,2016,7.47816,7.34451,174
pt,237,341169,Great Western Trail: Second Edition,2021,7.97084,7.34288,37
pt,238,290359,Undaunted: North Africa,2020,8.06875,7.34273,32
pt,239,2511,Sherlock Holmes Consulting Detective: The Thames Murders & Other Cases,1982,7.74138,7.34116,58
pt,240,246684,Smartphone Inc.,2018,7.85511,7.33968,45
pt,241,70919,Takenoko,2011,7.43212,7.33829,247
pt,242,276633,Rossio,2020,7.62789,7.33819,80
pt,243,209685,Century: Spice Road,2017,7.45513,7.33753,197
pt,244,254640,Just One,2018,7.48039,7.33739,162
pt,245,176494,Isle of Skye: From Chieftain to King,2015,7.50372,7.33486,137
pt,246,280480,Crystal Palace,2019,7.85691,7.33198,44
pt,247,132531,Roll for the Galaxy,2014,7.53946,7.33144,111
pt,248,288378,Estoril 1942: Super Box,2019,7.58708,7.32811,89
pt,249,221194,Dinosaur Island,2017,7.67621,7.32717,66
pt,250,300531,Paleo,2020,7.73125,7.32122,56
pt,251,146886,La Granja,2014,7.58199,7.32108,88
pt,252,72125,Eclipse: New Dawn for the Galaxy,2011,7.54223,7.31952,103
pt,253,171,Chess,1475,7.43197,7.31952,204
pt,254,13,CATAN,1995,7.35068,7.31942,734
pt,255,181279,Fury of Dracula (Third/Fourth Edition),2015,7.60886,7.31862,79
pt,256,66188,Fresco,2010,7.53217,7.31432,105
pt,257,285967,Ankh: Gods of Egypt,2021,7.86463,7.30851,41
pt,258,294484,Unmatched: Cobble & Fog,2020,7.94167,7.30836,36
pt,259,146508,T.I.M.E Stories,2015,7.49983,7.30529,117
pt,260,822,Carcassonne,2000,7.33425,7.30459,767
pt,261,245934,Carpe Diem,2018,7.63072,7.30155,69
pt,262,214887,CO₂: Second Chance,2018,7.91351,7.30012,37
pt,263,311193,Anno 1800: The Board Game,2020,7.82721,7.29957,43
pt,264,316377,7 Wonders (Second Edition),2020,7.88026,7.29876,39
pt,265,269144,Hadara,2019,7.57149,7.29833,83
pt,266,1,Die Macher,1986,7.73269,7.29700,52
pt,267,283355,Dune,2019,7.78696,7.29499,46
pt,268,291453,SCOUT,2019,7.58397,7.29400,78
pt,269,46213,Telestrations,2009,7.45948,7.28982,133
pt,270,103885,Star Wars: X-Wing Miniatures Game,2012,7.54828,7.28902,87
pt,271,301880,Raiders of Scythia,2020,7.96667,7.28479,33
pt,272,319966,The King Is Dead: Second Edition,2020,7.60841,7.28267,69
pt,273,136888,Bruges,2013,7.60623,7.28084,69
pt,274,286096,Tapestry,2019,7.47198,7.27866,116
pt,275,143515,Coal Baron,2013,7.59289,7.27729,71
pt,276,204305,Sherlock Holmes Consulting Detective: Jack the Ripper & West End Adventures,2016,7.80952,7.27631,42
pt,277,111341,The Great Zimbabwe,2012,7.74110,7.27491,48
pt,278,343905,Boonlake,2021,7.91257,7.27366,35
pt,279,181304,Mysterium,2015,7.34473,7.27330,313
pt,280,217780,Gentes,2017,7.79279,7.27296,43
pt,281,238799,Messina 1347,2021,7.76889,7.27233,45
pt,282,92828,Dixit: Odyssey,2011,7.37923,7.27183,208
pt,283,256381,Fado: Duetos e Desgarradas,2018,7.70038,7.27100,52
pt,284,262712,Res Arcana,2019,7.46864,7.26620,110
pt,285,251219,Istanbul: Big Box,2018,7.98065,7.26345,31
pt,286,2655,Hive,2000,7.36557,7.26085,212
pt,287,108745,Seasons,2012,7.46886,7.25779,105
pt,288,224783,Vindication,2018,7.97097,7.25657,31
pt,289,283155,Calico,2020,7.47742,7.25603,100
pt,290,195421,Near and Far,2017,7.70408,7.25303,49
pt,291,169426,Roll Player,2016,7.49441,7.25172,91
pt,292,191189,Aeon's End,2016,7.70938,7.24978,48
pt,293,154203,Imperial Settlers,2014,7.41119,7.24684,134
pt,294,258779,Planet Unknown,2022,7.85833,7.24664,36
pt,295,140620,Lewis & Clark: The Expedition,2013,7.48959,7.24512,90
pt,296,364073,Splendor Duel,2022,7.77895,7.24298,41
pt,297,198994,Hero Realms,2016,7.52089,7.24276,79
pt,298,364042,Moesteiro,2022,7.86486,7.23858,35
pt,299,66589,Navegador,2010,7.47145,7.23610,93
pt,300,254619,Porto,2019,7.41533,7.23593,122
pt,301,165722,KLASK,2014,7.43972,7.23526,107
pt,302,143693,Glass Road,2013,7.51215,7.23523,79
pt,303,17133,Railways of the World,2005,7.53803,7.23070,71
pt,304,9216,Goa: A New Expedition,2004,7.49512,7.22925,82
pt,305,304420,Bonfire,2020,7.73605,7.22908,43
pt,306,155426,Castles of Mad King Ludwig,2014,7.48063,7.22739,86
pt,307,154086,Gold West,2015,7.77175,7.22731,40
pt,308,270673,Silver & Gold,2019,7.62963,7.22653,54
pt,309,40692,Small World,2009,7.29743,7.22254,290
pt,310,290236,Canvas,2021,7.43252,7.22177,103
pt,311,306040,Merv: The Heart of the Silk Road,2020,7.73810,7.22137,42
pt,312,40834,Dominion: Intrigue,2009,7.44184,7.22050,98
pt,313,182631,Star Realms: Colony Wars,2015,7.89722,7.21968,32
pt,314,216459,The Lost Expedition,2017,7.58424,7.21727,59
pt,315,83330,Mansions of Madness,2011,7.56565,7.21658,62
pt,316,59959,Letters from Whitechapel,2011,7.52959,7.21604,69
pt,317,233867,Welcome To...,2018,7.36012,7.21590,150
pt,318,163967,Tiny Epic Galaxies,2015,7.41981,7.21574,106
pt,319,246784,Cryptid,2018,7.47704,7.21076,81
pt,320,169318,City of Spies: Estoril 1942,2015,7.32964,7.21049,181
pt,321,247367,"Air, Land, & Sea",2019,7.71976,7.20727,42
pt,322,160477,Onitama,2014,7.36731,7.20673,134
pt,323,298047,Marvel United,2020,7.77105,7.20527,38
pt,324,215311,Downforce,2017,7.33352,7.20410,166
pt,325,245643,Luxor,2018,7.51046,7.20362,70
pt,326,223321,Detective: A Modern Crime Board Game,2018,7.75385,7.20323,39
pt,327,39856,Dixit,2008,7.25377,7.20132,409
pt,328,269210,Twice as Clever!,2019,7.55067,7.19943,61
pt,329,345972,Cat in the Box: Deluxe Edition,2022,7.70952,7.19939,42
pt,330,270844,Imperial Settlers: Empires of the North,2019,7.59660,7.19370,53
pt,331,3,Samurai,1998,7.36573,7.19354,124
pt,332,204583,Kingdomino,2016,7.26091,7.19251,312
pt,333,234,Hannibal: Rome vs. Carthage,1996,7.75132,7.19045,38
pt,334,171131,Captain Sonar,2016,7.49042,7.19027,71
pt,335,232219,Dragon Castle,2017,7.42141,7.18984,92
pt,336,228409,Lusitania,2017,7.45904,7.18645,78
pt,337,39683,At the Gates of Loyang,2009,7.49058,7.18305,69
pt,338,47,Chinatown,1999,7.38094,7.18100,106
pt,339,58421,Egizia,2009,7.78571,7.18040,35
pt,340,298383,Golem,2021,7.81091,7.17209,33
pt,341,244711,Newton,2018,7.63933,7.17113,45
pt,342,156129,Deception: Murder in Hong Kong,2014,7.35409,7.17090,115
pt,343,760,Battle Line,2000,7.33015,7.16948,131
pt,344,355093,Woodcraft,2022,7.77086,7.16948,35
pt,345,140934,Arboretum,2015,7.36305,7.16829,108
pt,346,144592,Bruxelles 1893,2013,7.57941,7.16725,51
pt,347,181687,The Pursuit of Happiness,2015,7.73378,7.16607,37
pt,348,199042,Harry Potter: Hogwarts Battle,2016,7.56038,7.16444,53
pt,349,150145,Skull King,2013,7.49352,7.16110,63
pt,350,336986,Flamecraft,2022,7.52069,7.15988,58
pt,351,102881,Trench,2013,7.62267,7.15811,45
pt,352,12493,Twilight Imperium: Third Edition,2005,7.44722,7.15706,72
pt,353,242302,Space Base,2018,7.44722,7.15706,72
pt,354,93260,Summoner Wars: Master Set,2011,7.68718,7.15285,39
pt,355,192291,Sushi Go Party!,2016,7.31030,7.15247,132
pt,356,48726,Alien Frontiers,2010,7.46815,7.14842,65
pt,357,97842,Last Will,2011,7.38420,7.14808,88
pt,358,183840,Oh My Goods!,2015,7.34515,7.14392,103
pt,359,31627,Ticket to Ride: Nordic Countries,2007,7.71722,7.14213,36
pt,360,54138,Imperial 2030,2009,7.55600,7.14197,50
pt,361,206941,First Class: All Aboard the Orient Express!,2016,7.64585,7.14118,41
pt,362,41002,Vasco da Gama,2009,7.48814,7.13809,59
pt,363,24480,The Pillars of the Earth,2006,7.34212,7.13403,99
pt,364,39463,Cosmic Encounter,2008,7.31566,7.13342,113
pt,365,104020,Vanuatu,2011,7.65769,7.13057,39
pt,366,128780,Pax Porfiriana,2012,7.77187,7.12976,32
pt,367,171668,The Grizzled,2015,7.41514,7.12976,72
pt,368,323612,Bitoku,2021,7.66992,7.12934,38
pt,369,19857,Glory to Rome,2005,7.37951,7.12904,82
pt,370,177639,Raptor,2015,7.41014,7.12883,73
pt,371,118,Modern Art,1992,7.26791,7.12738,146
pt,372,180974,Potion Explosion,2015,7.32641,7.12723,103
pt,373,59946,Dungeons & Dragons: Castle Ravenloft Board Game,2010,7.59318,7.12699,44
pt,374,184921,Bunny Kingdom,2017,7.52863,7.12653,51
pt,375,234487,Altiplano,2017,7.56074,7.12487,47
pt,376,9217,Saint Petersburg,2004,7.33316,7.12421,98
pt,377,198773,Codenames: Pictures,2016,7.22398,7.12223,201
pt,378,37046,Ghost Stories,2008,7.40986,7.12186,71
pt,379,236191,London (Second Edition),2017,7.55681,7.12177,47
pt,380,165401,Wir sind das Volk!,2014,7.73970,7.12056,33
pt,381,54,Tikal,1999,7.35193,7.11986,88
pt,382,246192,Gizmos,2018,7.40279,7.11925,72
pt,383,235488,Istanbul: The Dice Game,2017,7.26752,7.11857,137
pt,384,256382,Disney Villainous: The Worst Takes it All,2018,7.38880,7.11698,75
pt,385,15062,Shadows over Camelot,2005,7.24196,7.11690,163
pt,386,229220,Santa Maria,2017,7.46224,7.11675,59
pt,387,176920,Mission: Red Planet (Second Edition),2015,7.63641,7.11449,39
pt,388,43570,Friday,2011,7.32819,7.11198,94
pt,389,127398,Legends of Andor,2012,7.28254,7.10780,116
pt,390,43111,Chaos in the Old World,2009,7.43306,7.10640,62
pt,391,293014,Nidavellir,2020,7.36766,7.10488,77
pt,392,194594,Dice Forge,2017,7.30612,7.10025,98
pt,393,372,Schotten Totten,1999,7.48731,7.09950,52
pt,394,28023,Jamaica,2007,7.22763,7.09844,156
pt,395,12,Ra,1999,7.28000,7.09696,110
pt,396,232832,Century: Golem Edition,2017,7.56349,7.09564,43
pt,397,256226,Azul: Stained Glass of Sintra,2018,7.31134,7.09510,93
pt,398,10547,Betrayal at House on the Hill,2004,7.21394,7.09227,165
pt,399,244608,Menara,2018,7.69697,7.08964,33
pt,400,176396,Quadropolis,2016,7.39726,7.08904,65
pt,401,1041,San Marco,2001,7.45463,7.08465,54
pt,402,21348,Ticket to Ride: Märklin,2006,7.56585,7.08000,41
pt,403,41114,The Resistance,2009,7.16697,7.07963,228
pt,404,262543,Wavelength,2019,7.51065,7.07812,46
pt,405,283864,Trails of Tucana,2019,7.64571,7.07748,35
pt,406,264241,Mandala,2019,7.66235,7.07742,34
pt,407,128621,Viticulture,2013,7.53907,7.07676,43
pt,408,70323,King of Tokyo,2011,7.12616,7.07459,385
pt,409,160495,ZhanGuo,2014,7.69219,7.07260,32
pt,410,138161,Firefly: The Game,2013,7.55366,7.07067,41
pt,411,171499,Cacao,2015,7.24860,7.07025,111
pt,412,346501,Mille Fiori,2021,7.44113,7.06811,53
pt,413,277085,Love Letter,2019,7.43172,7.06608,54
pt,414,25292,Merchants & Marauders,2010,7.37344,7.06512,64
pt,415,96913,Lancaster,2011,7.53452,7.06480,42
pt,416,15987,Arkham Horror,2005,7.22773,7.06222,119
pt,417,55600,Shipyard,2009,7.57684,7.05945,38
pt,418,318084,Furnace,2020,7.27723,7.05886,90
pt,419,8217,San Juan,2004,7.25127,7.05862,102
pt,420,31481,Galaxy Trucker,2007,7.22956,7.05733,114
pt,421,270970,Century: A New World,2019,7.47965,7.05379,46
pt,422,230244,Black Angel,2019,7.56653,7.05170,38
pt,423,128271,Ginkgopolis,2012,7.39750,7.04881,56
pt,424,206718,Ethnos,2017,7.36754,7.04766,61
pt,425,157969,Sheriff of Nottingham,2014,7.15096,7.04720,188
pt,426,191862,Imhotep,2016,7.33250,7.04588,68
pt,427,27708,1960: The Making of the President,2007,7.47222,7.04059,45
pt,428,260605,Camel Up (Second Edition),2018,7.41385,7.04037,52
pt,429,169255,A Game of Thrones: The Card Game (Second Edition),2015,7.51366,7.04008,41
pt,430,162007,Steampunk Rally,2015,7.57917,7.03988,36
pt,431,124708,Mice and Mystics,2012,7.42800,7.03975,50
pt,432,357563,Akropolis,2022,7.53641,7.03892,39
pt,433,66362,Glen More,2010,7.29730,7.03566,74
pt,434,68425,Eminent Domain,2011,7.44468,7.03336,47
pt,435,224037,Codenames: Duet,2017,7.17586,7.03272,135
pt,436,222509,Lords of Hellas,2018,7.48140,7.03216,43
pt,437,245654,Railroad Ink: Deep Blue Edition,2018,7.22545,7.03054,99
pt,438,172081,Burgle Bros.,2015,7.39075,7.02741,53
pt,439,220,High Society,1995,7.24403,7.02329,87
pt,440,100423,Elder Sign,2011,7.25179,7.02317,84
pt,441,213460,Unlock!: Escape Adventures,2017,7.22168,7.01997,95
pt,442,274548,6 Castles,2019,7.53784,7.01993,37
pt,443,242630,O Palácio do Marquês,2018,7.55136,7.01929,36
pt,444,21241,Neuroshima Hex! 3.0,2006,7.32302,7.01903,63
pt,445,219513,Bärenpark,2017,7.24376,7.01853,85
pt,446,50,Lost Cities,1999,7.08896,7.01756,268
pt,447,274960,Point Salad,2019,7.13390,7.01726,164
pt,448,156009,Port Royal,2014,7.11778,7.01508,186
pt,449,6249,Alhambra,2003,7.09549,7.01392,234
pt,450,260180,Project L,2020,7.29279,7.01239,68
pt,451,296912,Fort,2020,7.31790,7.01070,62
pt,452,135779,A Fake Artist Goes to New York,2011,7.29697,7.00876,66
pt,453,129622,Love Letter,2012,7.06961,7.00846,311
pt,454,251658,Sprawlopolis,2018,7.28290,7.00746,69
pt,455,258210,Blitzkrieg!: World War Two in 20 Minutes,2019,7.47073,7.00725,41
pt,456,21790,Thurn and Taxis,2006,7.14086,7.00530,140
pt,457,177678,Signorie,2015,7.38980,7.00306,49
pt,458,284435,Nova Luna,2019,7.28848,7.00163,66
pt,459,2653,Survive: Escape from Atlantis!,1982,7.22000,7.00009,86
pt,460,172818,Above and Below,2015,7.32034,6.99984,59
pt,461,7854,YINSH,2003,7.42000,6.99980,45
pt,462,159508,AquaSphere,2014,7.37640,6.99854,50
pt,463,31594,In the Year of the Dragon,2007,7.27632,6.99849,68
pt,464,223040,Fantasy Realms,2017,7.35226,6.99632,53
pt,465,285192,Destinies,2021,7.62200,6.99410,30
pt,466,105551,Archipelago,2012,7.43033,6.99267,43
pt,467,215,Tichu,1991,7.16081,6.99141,111
pt,468,42215,Tobago,2009,7.21241,6.98660,83
pt,469,283393,Aquatica,2019,7.61000,6.98565,30
pt,470,87890,Prêt-à-Porter,2010,7.47731,6.98471,38
pt,471,72321,The Networks,2016,7.42869,6.98340,42
pt,472,197376,Charterstone,2017,7.33585,6.98306,53
pt,473,90419,Airlines Europe,2011,7.36102,6.98017,49
pt,474,155068,Arcadia Quest,2014,7.42381,6.97964,42
pt,475,25417,BattleLore,2006,7.26615,6.97923,65
pt,476,33160,Endeavor,2009,7.31727,6.97838,55
pt,477,39351,Automobile,2009,7.38889,6.97550,45
pt,478,79828,A Few Acres of Snow,2011,7.50571,6.97455,35
pt,479,256380,Douro 1872,2018,7.38556,6.97289,45
pt,480,232043,Queendomino,2017,7.19280,6.97188,84
pt,481,171273,FUSE,2015,7.25152,6.97059,66
pt,482,18833,Lord of the Rings: The Confrontation,2005,7.53030,6.96905,33
pt,483,290367,Caretos,2020,7.28793,6.96868,58
pt,484,232414,Oceans,2020,7.58500,6.96804,30
pt,485,295374,Long Shot: The Dice Game,2022,7.52879,6.96795,33
pt,486,193042,Junk Art,2016,7.38445,6.96475,44
pt,487,176189,Zombicide: Black Plague,2015,7.26925,6.96204,60
pt,488,194607,Mystic Vale,2016,7.44474,6.96025,38
pt,489,180593,The Bloody Inn,2015,7.30074,6.95989,54
pt,490,188,Go,-2200,7.20849,6.95688,73
pt,491,179275,One Deck Dungeon,2016,7.38140,6.95483,43
pt,492,264055,Draftosaurus,2019,7.24895,6.95340,62
pt,493,63888,Innovation,2010,7.23076,6.95317,66
pt,494,20551,Shogun,2006,7.16471,6.94968,85
pt,495,69789,Ascension: Deckbuilding Game,2010,7.41821,6.94959,39
pt,496,249381,The Estates,2018,7.35200,6.94668,45
pt,497,146278,Tash-Kalar: Arena of Legends,2013,7.32542,6.94569,48
pt,498,2093,Mahjong,1850,7.49697,6.94493,33
pt,499,200147,Kanagawa,2016,7.26634,6.94175,56
pt,500,209778,Magic Maze,2017,7.04771,6.94085,170
pt,501,2507,Liberté,1998,7.44444,6.94010,36
pt,502,25554,Notre Dame,2007,7.11597,6.93974,103
pt,503,117959,Las Vegas,2012,7.25172,6.93894,58
pt,504,183251,Karuba,2015,7.16281,6.93886,81
pt,505,192836,The Colonists,2016,7.45714,6.93884,35
pt,506,346703,7 Wonders: Architects,2021,7.17601,6.93754,76
pt,507,191977,The Castles of Burgundy: The Card Game,2016,7.25351,6.93590,57
pt,508,130176,Tales & Games: The Hare & the Tortoise,2011,7.32859,6.93522,46
pt,509,91872,Dungeons & Dragons: The Legend of Drizzt Board Game,2011,7.51613,6.93323,31
pt,510,119432,Snowdonia,2012,7.38375,6.93230,40
pt,511,158899,Colt Express,2014,7.03364,6.93220,178
pt,512,156566,Lords of Xidit,2014,7.45882,6.92895,34
pt,513,203420,Exit: The Game – The Abandoned Cabin,2016,7.14227,6.92795,84
pt,514,133038,Pathfinder Adventure Card Game: Rise of the Runelords – Base Set,2013,7.28800,6.92794,50
pt,515,269595,Copenhagen,2019,7.36561,6.92685,41
pt,516,97207,Dungeon Petz,2011,7.21178,6.92634,63
pt,517,552,Bus,1999,7.48438,6.92352,32
pt,518,273477,Obscurio,2019,7.43429,6.92204,35
pt,519,98778,Hanabi,2010,6.99431,6.91853,236
pt,520,213893,Yamataï,2017,7.45409,6.91391,33
pt,521,11,Bohnanza,1997,7.01328,6.91265,177
pt,522,63628,The Manhattan Project,2012,7.28333,6.91236,48
pt,523,155987,Abyss,2014,7.18446,6.91081,65
pt,524,37904,Formula D,2008,7.05282,6.90951,124
pt,525,9674,Ingenious,2004,7.03826,6.90949,138
pt,526,13004,The Downfall of Pompeii,2004,7.19597,6.90937,62
pt,527,191231,Via Nebula,2016,7.32233,6.90916,43
pt,528,205398,Citadels,2016,7.30333,6.90867,45
pt,529,55670,Macao,2009,7.40000,6.90718,36
pt,530,340041,Kingdomino Origins,2021,7.46031,6.90626,32
pt,531,133473,Sushi Go!,2013,6.94885,6.90593,413
pt,532,38545,Kamisado,2008,7.11840,6.90498,83
pt,533,17392,Here I Stand,2006,7.49333,6.90350,30
pt,534,172,For Sale,1997,6.98749,6.90287,209
pt,535,155703,Evolution,2014,7.18111,6.90078,63
pt,536,40628,Finca,2009,7.30674,6.89711,43
pt,537,91312,Discworld: Ankh-Morpork,2011,7.37297,6.89696,37
pt,538,121408,Trains,2012,7.28820,6.89684,45
pt,539,133848,Euphoria: Build a Better Dystopia,2013,7.27283,6.89146,46
pt,540,102652,Sentinels of the Multiverse,2011,7.40088,6.88668,34
pt,541,113294,Escape: The Curse of the Temple,2012,7.05317,6.88524,104
pt,542,172308,Broom Service,2015,7.34326,6.88406,38
pt,543,194690,Viral,2017,7.02222,6.88376,126
pt,544,176165,Dale of Merchants,2015,7.25106,6.88069,47
pt,545,156858,Black Orchestra,2016,7.39118,6.87960,34
pt,546,182134,Evolution: Climate,2016,7.36222,6.87921,36
pt,547,27746,Colosseum,2007,7.16833,6.87864,60
pt,548,153938,Camel Up,2014,6.98769,6.86944,146
pt,549,168435,Between Two Cities,2015,7.15560,6.86812,60
pt,550,163968,Elysium,2015,7.30954,6.86747,39
pt,551,256788,Detective Club,2018,7.24214,6.86737,46
pt,552,30869,Thebes,2007,7.24130,6.86671,46
pt,553,478,Citadels,2000,6.92701,6.86196,264
pt,554,166669,San Juan (Second Edition),2014,7.31316,6.86145,38
pt,555,126792,Myrmes,2012,7.20460,6.86133,50
pt,556,34119,Tales of the Arabian Nights,2009,7.22553,6.86056,47
pt,557,21523,Runebound: Second Edition,2005,7.21667,6.85956,48
pt,558,218603,Photosynthesis,2017,6.97593,6.85787,145
pt,559,136063,Forbidden Desert,2013,7.04949,6.85531,88
pt,560,34219,Biblios,2007,7.02228,6.85334,101
pt,561,12962,Reef Encounter,2004,7.40323,6.85297,31
pt,562,42910,Peloponnes,2009,7.38588,6.85286,32
pt,563,314503,Codex Naturalis,2021,7.24721,6.85107,43
pt,564,128671,Spartacus: A Game of Blood and Treachery,2012,7.22800,6.84982,45
pt,565,140603,Francis Drake,2013,7.22778,6.84965,45
pt,566,30957,Tribune: Primus Inter Pares,2007,7.28205,6.84670,39
pt,567,26566,Homesteaders,2009,7.26500,6.84201,40
pt,568,50750,Belfort,2011,7.40233,6.83943,30
pt,569,143519,Quantum,2013,7.33235,6.83669,34
pt,570,228504,Cat Lady,2017,7.34600,6.83570,33
pt,571,156336,Onirim (Second Edition),2014,7.14741,6.83558,54
pt,572,57660,Time's Up! Edición Azul,2006,7.28919,6.83447,37
pt,573,153507,Terra,2014,7.33794,6.82986,33
pt,574,276894,Ticket to Ride: London,2019,7.18511,6.82869,47
pt,575,35570,Tinners' Trail,2008,7.22333,6.82545,42
pt,576,1382,Winner's Circle,2001,7.17188,6.82409,48
pt,577,244228,Reef,2018,7.06765,6.82245,68
pt,578,245476,CuBirds,2018,7.05577,6.82117,71
pt,579,175117,Celestia,2015,7.07984,6.81640,63
pt,580,328479,Living Forest,2021,7.20144,6.81568,43
pt,581,12002,Jambo,2004,7.26216,6.81431,37
pt,581,193558,The Oracle of Delphi,2016,7.26216,6.81431,37
pt,583,242574,Century: Eastern Wonders,2018,7.07627,6.81342,63
pt,584,227466,Break the Code,2017,7.34677,6.81284,31
pt,585,183880,Risk: Star Wars Edition,2015,7.23333,6.80988,39
pt,586,257501,KeyForge: Call of the Archons,2018,7.18432,6.80919,44
pt,587,129948,The Palaces of Carrara,2012,7.10161,6.80729,56
pt,588,244992,The Mind,2018,6.87292,6.80675,249
pt,589,353545,Next Station: London,2022,7.22538,6.80388,39
pt,590,258036,Between Two Castles of Mad King Ludwig,2018,7.31594,6.80269,32
pt,591,5404,Amun-Re,2003,7.13958,6.79851,48
pt,592,221965,The Fox in the Forest,2017,7.11288,6.79814,52
pt,593,140933,Blueprints,2013,7.10120,6.79812,54
pt,594,73761,K2,2010,7.00744,6.79535,77
pt,595,432,Take 5,1994,6.89376,6.79482,165
pt,596,252153,Tang Garden,2019,7.31935,6.79335,31
pt,597,71721,Space Hulk: Death Angel – The Card Game,2010,7.15909,6.78958,44
pt,598,276498,Paris: La Cité de la Lumière,2019,7.18537,6.78899,41
pt,599,5782,Coloretto,2003,6.86686,6.78839,207
pt,600,228867,Unlock!: Mystery Adventures,2017,7.27970,6.78772,33
pt,601,137269,Spyrium,2013,7.23667,6.78622,36
pt,602,100901,Flash Point: Fire Rescue,2011,7.00994,6.78494,72
pt,603,265736,Tiny Towns,2019,7.04127,6.78426,63
pt,604,246200,Piepmatz,2018,7.16013,6.78374,43
pt,605,147949,One Night Ultimate Werewolf,2014,6.97479,6.78232,84
pt,606,119890,Agricola: All Creatures Big and Small,2012,7.11224,6.78231,49
pt,607,30380,Cuba,2007,7.09706,6.78051,51
pt,608,123540,Tokaido,2012,6.91238,6.78009,122
pt,609,107529,Kingdom Builder,2011,6.91923,6.77790,114
pt,610,122522,Smash Up,2012,6.95000,6.77690,93
pt,611,20963,Fury of Dracula (Second Edition),2005,7.18782,6.77549,39
pt,612,27173,Vikings,2007,7.28871,6.77156,31
pt,613,22345,Yspahan,2006,7.00333,6.77108,69
pt,614,367220,Sea Salt & Paper,2022,7.30333,6.76972,30
pt,615,92415,Skull,2011,6.88677,6.76832,135
pt,616,230080,Majesty: For the Realm,2017,7.03846,6.76759,59
pt,617,137408,Amerigo,2013,7.25000,6.76623,33
pt,618,25568,Metropolys,2008,7.06623,6.76525,53
pt,619,206051,Insider,2016,7.08080,6.76246,50
pt,620,218121,Dice Hospital,2018,7.23052,6.76240,34
pt,621,38862,Giants,2008,7.13929,6.76081,42
pt,622,175199,Mottainai,2015,7.27097,6.75895,31
pt,623,244331,Blue Lagoon,2018,7.02153,6.75733,60
pt,624,56692,Parade,2007,7.10822,6.75626,45
pt,625,155362,Ca$h 'n Guns: Second Edition,2014,6.92158,6.75502,95
pt,626,194880,Dream Home,2016,6.89373,6.75494,114
pt,627,22038,Warrior Knights,2006,7.17838,6.75182,37
pt,628,220520,Caverna: Cave vs Cave,2017,7.25871,6.75024,31
pt,629,287084,Oriflamme,2019,7.13975,6.74678,40
pt,630,6472,A Game of Thrones,2003,7.07447,6.74145,47
pt,631,251678,Railroad Ink: Blazing Red Edition,2018,7.02527,6.74083,55
pt,632,18,RoboRally,1994,6.96567,6.73355,67
pt,633,162082,Deus,2014,7.01585,6.73317,55
pt,634,70512,Luna,2010,7.06277,6.73222,47
pt,635,90137,Blood Bowl: Team Manager – The Card Game,2011,7.15135,6.73166,37
pt,636,226522,Exit: The Game – Dead Man on the Orient Express,2017,7.18529,6.72941,34
pt,637,45986,Stronghold,2009,7.22742,6.72799,31
pt,638,193214,Meeple Circus,2017,7.21094,6.72737,32
pt,639,198454,When I Dream,2016,7.18235,6.72727,34
pt,640,256589,Rallyman: GT,2020,7.14514,6.72703,37
pt,641,22141,Cleopatra and the Society of Architects,2006,7.01774,6.72608,53
pt,642,91536,Quarriors!,2011,7.20312,6.72176,32
pt,643,21763,Mr. Jack,2006,6.83360,6.72046,136
pt,644,104347,Santiago de Cuba,2011,7.09512,6.71997,41
pt,645,157809,Nations: The Dice Game,2014,7.11154,6.71784,39
pt,646,253499,A War of Whispers,2019,7.17879,6.71471,33
pt,647,192457,Cry Havoc,2016,7.16235,6.71268,34
pt,648,301767,Mysterium Park,2020,7.10000,6.70912,39
pt,649,215841,Exit: The Game – The Forgotten Island,2017,7.21667,6.70870,30
pt,650,241724,Villagers,2019,7.07854,6.70729,41
pt,651,65781,London,2010,7.00900,6.70512,50
pt,652,166384,Spyfall,2014,6.86455,6.70467,95
pt,653,24508,Taluva,2006,6.85979,6.70338,97
pt,654,4390,Carcassonne: Hunters and Gatherers,2002,6.89152,6.70001,79
pt,655,7717,Carcassonne: The Castle,2003,7.15455,6.69717,33
pt,656,5,Acquire,1963,6.95439,6.69096,57
pt,657,206931,Encore!,2016,6.97066,6.68805,53
pt,658,91514,Rhino Hero,2011,6.84860,6.68760,93
pt,659,154246,La Isla,2014,7.07064,6.68694,39
pt,660,174660,New York 1901,2015,7.09095,6.68661,37
pt,661,173,Formula Dé,1997,7.12647,6.68650,34
pt,662,161417,Red7,2014,6.84920,6.68502,91
pt,663,31730,Wabash Cannonball,2007,6.95465,6.68339,55
pt,664,483,Diplomacy,1959,6.98367,6.68005,49
pt,665,246150,Arraial,2018,6.80183,6.67899,121
pt,666,19600,Antike,2005,7.15484,6.67640,31
pt,667,88,Torres,1999,7.04652,6.67589,40
pt,668,197443,Fugitive,2017,7.12455,6.67546,33
pt,669,17223,World of Warcraft: The Boardgame,2005,6.95472,6.67517,53
pt,670,38453,Space Alert,2008,6.90625,6.67482,64
pt,671,174078,Holmes: Sherlock & Mycroft,2015,6.94798,6.66973,53
pt,672,299169,Spicy,2020,6.89968,6.66628,63
pt,673,475,Taj Mahal,2000,6.96083,6.65695,48
pt,674,143986,CV,2013,6.93702,6.65660,52
pt,675,150,PitchCar,1995,6.88730,6.65597,63
pt,676,307002,Regicide,2020,6.95327,6.65586,49
pt,677,207691,Railroad Revolution,2016,7.12419,6.65461,31
pt,678,131357,Coup,2012,6.71855,6.65279,221
pt,679,122298,Morels,2012,6.84513,6.65155,75
pt,680,60435,Rallyman,2009,7.01425,6.65135,40
pt,681,23094,Planet Steam,2008,7.06571,6.65107,35
pt,682,179172,Unfair,2017,7.06765,6.64359,34
pt,683,503,Through the Desert,1998,6.85559,6.64356,68
pt,684,137297,Rise of Augustus,2013,6.88333,6.64313,60
pt,685,45315,Dungeon Lords,2009,6.90455,6.64262,55
pt,686,300753,Cross Clues,2020,7.06294,6.64015,34
pt,687,823,The Lord of the Rings,2000,6.97857,6.63720,42
pt,688,113924,Zombicide,2012,6.85692,6.63649,65
pt,689,30381,Hamburgum,2007,7.03194,6.63459,36
pt,690,147151,Concept,2013,6.82338,6.63073,74
pt,691,39938,Carson City,2009,6.94667,6.63006,45
pt,692,202408,Adrenaline,2016,7.02519,6.62959,36
pt,693,16986,Ubongo,2003,6.82356,6.62864,73
pt,694,21882,Blue Moon City,2006,6.88727,6.62857,55
pt,695,52461,Legacy: The Testament of Duke de Crecy,2013,6.97875,6.62436,40
pt,696,169654,Deep Sea Adventure,2014,6.76458,6.62300,100
pt,697,8125,Santiago,2003,6.95595,6.61981,42
pt,698,136991,Loony Quest,2015,6.96341,6.61924,41
pt,699,25669,Qwirkle,2006,6.84967,6.61850,61
pt,700,199,Manhattan,1994,6.95217,6.61689,42
pt,701,253284,Ticket to Ride: New York,2018,6.99568,6.61555,37
pt,702,12761,Ys,2004,7.08333,6.61482,30
pt,703,244995,Illusion,2018,6.92493,6.61308,45
pt,704,251412,On Tour,2019,7.02529,6.61269,34
pt,705,66056,Rivals for Catan,2010,6.97010,6.61096,39
pt,706,53953,Thunderstone,2009,7.07333,6.60778,30
pt,707,12942,No Thanks!,2004,6.69020,6.60571,165
pt,708,230933,Merlin,2017,7.02615,6.60427,33
pt,709,192860,Oceanos,2016,7.05037,6.60213,31
pt,710,335609,TEN,2021,7.04809,6.60051,31
pt,711,27162,Kingsburg,2007,6.84386,6.60045,57
pt,712,15512,Incan Gold,2005,6.74020,6.59884,98
pt,713,200077,Mint Works,2017,6.97297,6.59862,37
pt,714,113997,Tajemnicze Domostwo,2013,7.04516,6.59843,31
pt,715,1465,Wizard,1984,6.81940,6.59644,62
pt,716,554,La Città,2000,7.05667,6.59605,30
pt,717,915,Mystery of the Abbey,1995,6.97778,6.59448,36
pt,718,2453,Blokus,2000,6.78288,6.59394,73
pt,719,145639,Coconuts,2013,6.98694,6.59316,35
pt,720,218333,Rhino Hero: Super Battle,2017,6.97083,6.58933,36
pt,721,63268,Spot it!,2009,6.67074,6.58902,168
pt,722,3201,Lord of the Rings: The Confrontation,2002,6.93846,6.58705,39
pt,723,160851,Lanterns: The Harvest Festival,2015,6.85640,6.58325,50
pt,724,9220,Saboteur,2004,6.63834,6.58037,235
pt,725,1115,Poker,1810,6.79548,6.57656,62
pt,726,277458,Kluster,2018,6.92342,6.56881,38
pt,727,268620,Similo,2019,7.00290,6.56839,31
pt,728,55697,Power Struggle,2009,7.01500,6.56671,30
pt,729,176229,Tides of Time,2015,6.91094,6.56625,39
pt,730,203427,Fabled Fruit,2016,6.99710,6.56426,31
pt,731,143741,BANG! The Dice Game,2013,6.70102,6.56412,98
pt,732,17329,Animal Upon Animal,2005,6.90842,6.55755,38
pt,733,300877,New York Zoo,2020,7.00000,6.55615,30
pt,734,164338,The Golden Ages,2014,6.96469,6.55072,32
pt,735,132372,Guildhall,2012,6.89395,6.54668,38
pt,736,257527,Trapwords,2018,6.85990,6.54593,42
pt,737,27588,Zooloretto,2007,6.70500,6.54442,82
pt,738,65244,Forbidden Island,2010,6.58890,6.54368,291
pt,739,274841,Cóatl,2020,6.88000,6.54287,39
pt,740,25821,The Werewolves of Miller's Hollow,2001,6.64878,6.54198,123
pt,741,30933,BANG! The Bullet!,2007,6.91429,6.53975,35
pt,742,526,Abalone,1987,6.74094,6.53671,64
pt,743,37380,Roll Through the Ages: The Bronze Age,2008,6.83721,6.53403,43
pt,744,205610,A Game of Thrones: Hand of the King,2016,6.83372,6.53133,43
pt,745,217449,NMBR 9,2017,6.75107,6.53080,59
pt,746,681,Quarto,1991,6.73951,6.52720,61
pt,747,160499,King of New York,2014,6.75000,6.52680,58
pt,748,9440,Maharaja: The Game of Palace Building in India,2004,6.79061,6.52650,49
pt,749,158445,Caravelas II,2013,6.65979,6.52639,97
pt,750,10,Elfenland,1998,6.74407,6.52503,59
pt,751,38054,Snow Tails,2008,6.81000,6.52330,45
pt,752,194626,Happy Salmon,2016,6.85128,6.52117,39
pt,753,118695,Riff Raff,2012,6.88371,6.51727,35
pt,754,143884,Machi Koro,2012,6.69789,6.51725,71
pt,755,8203,"Hey, That's My Fish!",2003,6.61074,6.51587,135
pt,756,112,Condottiere,1995,6.70862,6.51227,65
pt,757,8172,Coyote,2003,6.80220,6.51218,44
pt,758,15363,Nexus Ops,2005,6.90688,6.50924,32
pt,759,204027,Cottage Garden,2016,6.77813,6.50779,47
pt,760,148575,Marvel Dice Masters: Avengers vs. X-Men,2014,6.90313,6.50655,32
pt,761,20100,Wits & Wagers,2005,6.70169,6.50647,65
pt,762,27364,Caylus Magna Carta,2007,6.80116,6.50616,43
pt,763,1345,Genoa,2001,6.83368,6.50143,38
pt,764,163602,XCOM: The Board Game,2015,6.86765,6.49769,34
pt,765,71836,Onirim,2010,6.76924,6.49620,46
pt,766,123219,OddVille,2012,6.84886,6.49165,35
pt,767,9203,Wings of War: Famous Aces,2004,6.71852,6.48787,54
pt,768,201921,Tiny Epic Quest,2017,6.83333,6.48750,36
pt,769,13642,Louis XIV,2005,6.90000,6.48574,30
pt,770,21441,Mykerinos,2006,6.80256,6.48435,39
pt,771,172242,Exploding Kittens: NSFW Deck,2015,6.69793,6.48403,58
pt,772,180020,Virus!,2015,6.65135,6.48375,74
pt,773,46,Medici,1995,6.77140,6.48314,43
pt,774,125618,Libertalia,2012,6.83000,6.47778,35
pt,775,16992,Tsuro,2005,6.54479,6.47145,167
pt,776,145203,Prosperity,2013,6.85222,6.47003,32
pt,777,242639,Treasure Island,2018,6.86452,6.47001,31
pt,778,82168,Escape from the Aliens in Outer Space,2010,6.79459,6.46558,37
pt,779,173090,The Game,2015,6.59329,6.46152,92
pt,780,177524,ICECOOL,2016,6.74053,6.45927,43
pt,781,29223,Marrakech,2007,6.61215,6.45909,79
pt,782,5737,Domaine,2003,6.82424,6.45817,33
pt,783,262477,Mercado de Lisboa,2021,6.67811,6.45511,54
pt,784,177079,Die Legenden von Andor: Chada & Thorn,2015,6.74537,6.45248,41
pt,785,43443,Castle Panic,2009,6.73902,6.44763,41
pt,786,85256,Timeline: Inventions,2010,6.72353,6.44613,43
pt,787,117854,Kosmonauts,2012,6.76541,6.44381,37
pt,788,81453,Famiglia,2010,6.78229,6.44270,35
pt,789,300700,Quetzal,2020,6.77943,6.44060,35
pt,790,266083,L.L.A.M.A.,2019,6.66002,6.44045,54
pt,791,18100,China,2005,6.68625,6.43948,48
pt,792,826,Cartagena,2000,6.57264,6.43688,87
pt,793,39953,A Game of Thrones: The Card Game,2008,6.76389,6.43607,36
pt,794,242,Junta,1979,6.72750,6.43332,40
pt,795,153065,Linko,2014,6.74232,6.43282,38
pt,796,4636,Clans,2002,6.78344,6.42069,32
pt,797,87120,Vintage,2011,6.63283,6.41514,53
pt,798,131260,Qwixx,2012,6.63283,6.41514,53
pt,799,8989,Hansa,2004,6.71711,6.41389,38
pt,800,203417,Exit: The Game – The Secret Lab,2016,6.67507,6.41336,44
pt,801,165950,Beasty Bar,2014,6.77806,6.40856,31
pt,802,1353,Time's Up!,1999,6.67209,6.40635,43
pt,803,16496,Roma,2005,6.77161,6.40397,31
pt,804,15817,Manila,2005,6.71122,6.40339,37
pt,805,44163,Power Grid: Factory Manager,2009,6.73088,6.39792,34
pt,806,83195,Ghost Blitz,2010,6.50660,6.39683,103
pt,807,40393,FITS,2009,6.62635,6.39585,49
pt,808,116,Guillotine,1998,6.45679,6.39544,184
pt,809,51,Ricochet Robots,1999,6.64932,6.39334,44
pt,810,559,Metro,1997,6.68103,6.39250,39
pt,811,234190,Unstable Unicorns,2017,6.55070,6.39226,71
pt,812,180564,Carcassonne: Star Wars,2015,6.76607,6.39144,30
pt,813,192203,Millions: The Last Soldier,2015,6.61035,6.39027,51
pt,814,41,Can't Stop,1980,6.50432,6.38774,96
pt,815,129051,Le Havre: The Inland Port,2012,6.73527,6.38614,32
pt,816,54137,Battle Sheep,2010,6.69417,6.38443,36
pt,817,41916,The Magic Labyrinth,2009,6.58636,6.38378,55
pt,818,49,Mamma Mia!,1998,6.52906,6.37571,72
pt,819,624,Quoridor,1997,6.53064,6.37334,70
pt,820,7805,Fearsome Floors,2003,6.70121,6.36915,33
pt,821,203416,Exit: The Game – The Pharaoh's Tomb,2016,6.62279,6.36823,43
pt,822,329465,Red Rising,2021,6.63415,6.36741,41
pt,823,40793,Dice Town,2009,6.67059,6.35394,34
pt,824,148951,Tiny Epic Kingdoms,2014,6.70667,6.34961,30
pt,825,8098,Jungle Speed,1997,6.41675,6.34567,150
pt,826,34585,Keltis,2008,6.44546,6.33671,97
pt,827,19999,Aton,2005,6.64265,6.33355,34
pt,828,15818,Pickomino,2005,6.47556,6.31288,63
pt,829,37120,Pack & Stack,2008,6.63871,6.30949,31
pt,830,157526,Viceroy,2014,6.60941,6.30931,34
pt,831,105,Colossal Arena,1997,6.61818,6.30907,33
pt,832,394,Kahuna,1998,6.54488,6.30798,43
pt,833,1927,Munchkin,2001,6.35146,6.30049,198
pt,834,5716,Balloon Cup,2003,6.62581,6.30032,31
pt,835,172225,Exploding Kittens,2015,6.34925,6.29865,199
pt,836,65515,Nuns on the Run,2010,6.61613,6.29344,31
pt,837,131366,Eight-Minute Empire,2012,6.36756,6.28690,123
pt,838,3955,BANG!,2002,6.39365,6.28490,91
pt,839,85036,20th Century,2010,6.59297,6.28406,32
pt,840,361,Hare & Tortoise,1973,6.56557,6.28338,35
pt,841,29368,Last Night on Earth: The Zombie Game,2007,6.48542,6.28043,48
pt,842,119591,Rialto,2013,6.52300,6.27308,39
pt,843,13308,Niagara,2004,6.49643,6.26638,42
pt,844,27627,Talisman: Revised 4th Edition,2007,6.41897,6.25488,58
pt,845,2596,Villa Paletti,2001,6.54937,6.25278,32
pt,846,770,Loot,1992,6.45045,6.23877,44
pt,847,902,Meuterer,2000,6.53226,6.23382,31
pt,848,438,Scotland Yard,1983,6.36197,6.23199,71
pt,849,811,Rummikub,1977,6.35817,6.22876,71
pt,850,8051,Attika,2003,6.53000,6.22522,30
pt,851,11971,Cockroach Poker,2004,6.46486,6.21965,37
pt,852,66171,Dragonheart,2010,6.51065,6.21845,31
pt,853,1198,SET,1988,6.43150,6.20826,40
pt,854,1403,Turn the Tide,1997,6.45347,6.20616,36
pt,855,3720,Subbuteo,1947,6.49129,6.20469,31
pt,856,32125,Felicity: The Cat in the Sack,2007,6.34325,6.20264,63
pt,857,220780,Fairy Tile,2018,6.39778,6.20130,45
pt,858,139030,Mascarade,2013,6.30119,6.19663,84
pt,859,45,Perudo,1800,6.35722,6.19496,54
pt,860,191925,Bandido,2016,6.42237,6.19258,38
pt,861,105593,Cheating Moth,2011,6.41256,6.18963,39
pt,862,40398,Monopoly Deal Card Game,2008,6.28395,6.18855,91
pt,863,16747,Tumblin' Dice,2004,6.41250,6.17582,36
pt,864,37728,Rock the Beat,2008,6.39474,6.17183,38
pt,865,122,Quo Vadis?,1992,6.39459,6.16724,37
pt,866,16267,Trans Europa,2005,6.32760,6.16094,50
pt,867,164091,Reis de Portugal,2014,6.30520,6.14305,50
pt,868,80771,Dungeon Raiders,2011,6.25857,6.11917,56
pt,869,2842,TransAmerica,2001,6.37933,6.11914,30
pt,870,18803,Black Stories,2004,6.36871,6.11755,31
pt,871,12692,Gloom,2005,6.26667,6.11471,51
pt,872,293275,Flyin' Goblin,2020,6.34788,6.11349,33
pt,873,72131,Caravelas,2010,6.19802,6.11308,91
pt,874,24310,The Red Dragon Inn,2007,6.33939,6.10735,33
pt,875,22614,Petróleo,1984,6.28500,6.09687,40
pt,876,37198,Risk (Revised Edition),2008,6.29412,6.07930,34
pt,877,150312,Welcome to the Dungeon,2013,6.22500,6.07900,50
pt,878,155695,Age of War,2014,6.28286,6.07554,35
pt,879,274533,Throw Throw Burrito,2019,6.27523,6.06993,35
pt,880,168900,D. Afonso Henriques,2014,6.21649,6.06494,47
pt,881,7479,WarCraft: The Board Game,2003,6.26667,6.05473,33
pt,882,2448,Kalah,700,6.23797,6.05042,37
pt,883,139842,Quinto Império,2013,6.24971,6.04691,34
pt,884,42470,Aljubarrota,2009,6.18108,6.00799,37
pt,885,2281,Pictionary,1985,6.06730,6.00378,100
pt,886,252712,Carrossel,2019,6.19548,5.99441,31
pt,887,133713,Vem aí a Troika,2012,6.07714,5.98906,70
pt,888,217,A la carte,1989,6.18125,5.98870,32
pt,889,176558,Mafia de Cuba,2015,6.13564,5.98035,39
pt,890,1917,Stratego,1946,6.11000,5.96381,40
pt,891,2397,Backgammon,-3000,6.07560,5.95969,50
pt,892,121073,Panic Lab,2012,6.04811,5.94278,53
pt,893,62871,Zombie Dice,2010,6.09537,5.93770,35
pt,894,3243,Wooly Wars,2002,6.06116,5.93393,43
pt,895,1219,Labyrinth,1986,6.06626,5.91309,34
pt,896,19237,Ca$h 'n Gun$,2005,6.01224,5.90742,49
pt,897,50381,Cards Against Humanity,2009,5.94628,5.90417,121
pt,898,320,Scrabble,1948,5.88874,5.86247,174
pt,899,13972,Party & Co,1993,5.91795,5.85979,78
pt,900,30539,Get Bit!,2007,5.95349,5.85067,43
pt,901,2452,Jenga,1983,5.85641,5.82512,131
pt,902,130592,Clue,2012,5.85000,5.78568,56
pt,903,2922,Chairs,1999,5.85856,5.77726,43
pt,904,83629,The Hobbit,2010,5.82487,5.74551,39
pt,905,2001,Trivial Pursuit: Family Edition,1993,5.82742,5.73276,31
pt,906,2952,Trivial Pursuit: Genus Edition,1981,5.76253,5.73177,95
pt,907,192032,Aljubarrota: The Royal Battle,2015,5.81000,5.72238,32
pt,908,181,Risk,1959,5.66707,5.65967,272
pt,909,175621,Epic Card Game,2015,5.69737,5.64820,38
pt,910,1294,Clue,1949,5.65030,5.63653,125
pt,911,2392,Mastermind,1971,5.59841,5.58320,69
pt,912,2394,Dominoes,1500,5.56862,5.55637,58
pt,913,2223,UNO,1971,5.52861,5.52700,212
pt,914,29020,Party & Co: Extreme,2005,5.51809,5.51426,47
pt,915,265,Intrigue,1994,5.43000,5.44678,40
pt,916,2083,Checkers,1150,5.43247,5.44197,77
pt,917,2243,Yahtzee,1956,5.41343,5.43635,35
pt,918,2425,Battleship,1931,5.03043,5.13145,46
pt,919,4143,Guess Who?,1979,4.82061,5.00842,33
pt,920,6424,Pick Up Sticks,1850,4.69129,4.82795,62
pt,921,2719,Connect Four,1974,4.60809,4.79674,47
pt,922,1406,Monopoly,1935,4.52728,4.57067,270
